relative_path,column,rows,nulls,inf_rows,min,max,mean
ticker=BNGO/year=2025/day_features_BNGO_2025.parquet,bar_count_raw,47,0,0,1.0,800.0,282.63829787234044
ticker=BNGO/year=2025/day_features_BNGO_2025.parquet,open_raw,47,0,0,4.43,19.2,9.163270212765958
ticker=BNGO/year=2025/day_features_BNGO_2025.parquet,close_raw,47,0,0,4.3397,19.356,8.895997872340425
ticker=BNGO/year=2025/day_features_BNGO_2025.parquet,high_raw,47,0,0,4.56,23.88,9.730776595744679
ticker=BNGO/year=2025/day_features_BNGO_2025.parquet,low_raw,47,0,0,4.1,18.6,8.335440425531914
ticker=BNGO/year=2025/day_features_BNGO_2025.parquet,cum_volume_session_raw,47,0,0,100.0,1435049.85,219321.03723451067
ticker=BNGO/year=2025/day_features_BNGO_2025.parquet,session_vwap_raw,47,0,0,4.317542563851742,19.512336535171574,8.865952337453395
ticker=BNGO/year=2025/day_features_BNGO_2025.parquet,intraday_return_since_open_raw,47,0,0,-0.2285549798503168,0.1511335012594459,-0.026667034347332905
ticker=BNGO/year=2025/day_features_BNGO_2025.parquet,session_range_pct_raw,47,0,0,0.0,0.5152932709607771,0.13436789255200188
ticker=BNGO/year=2025/day_features_BNGO_2025.parquet,opening_drive_30m_raw,47,0,0,-0.07158703071672357,0.09478759210406618,-0.011971571061738021
ticker=BNGO/year=2025/day_features_BNGO_2025.parquet,pullback_from_session_high_raw,47,0,0,-0.25555555555555565,0.0,-0.07393916328490231
ticker=BNGO/year=2025/day_features_BNGO_2025.parquet,session_vwap_distance_raw,47,0,0,-0.06772041778538851,0.04735967703705968,0.0013508203656331487
ticker=BNGO/year=2025/day_features_BNGO_2025.parquet,open_norm,47,0,0,0.1279,6.4097,3.0933000000000006
ticker=BNGO/year=2025/day_features_BNGO_2025.parquet,close_norm,47,0,0,0.1216,6.1,3.0317744680851058
ticker=BNGO/year=2025/day_features_BNGO_2025.parquet,high_norm,47,0,0,0.128,6.98,3.222197872340426
ticker=BNGO/year=2025/day_features_BNGO_2025.parquet,low_norm,47,0,0,0.1156,5.88,2.895891489361702
ticker=BNGO/year=2025/day_features_BNGO_2025.parquet,session_range_abs_norm,47,0,0,0.0,1.2300000000000004,0.32630638297872344
ticker=BNGO/year=2025/day_features_BNGO_2025.parquet,realized_vol_1d_norm,47,0,0,0.0,0.5204553709951614,0.1413786612735635
ticker=BNGO/year=2025/day_features_BNGO_2025.parquet,max_future_split_factor_in_day,47,0,0,0.016666666666666666,1.0,0.5606382978723404
ticker=BNGO/year=2025/day_features_BNGO_2025.parquet,gap_open_vs_prev_close,47,1,0,-0.043656207366984945,51.71134868421053,1.1277047606851347
ticker=BNGO/year=2025/day_features_BNGO_2025.parquet,open_vs_prev_session_close,47,1,0,-0.043656207366984945,51.71134868421053,1.1277047606851347
ticker=BNGO/year=2025/day_features_BNGO_2025.parquet,open_vs_prev_session_high,47,1,0,-0.2500000000000002,49.07578125,0.996666956320394
ticker=BNGO/year=2025/day_features_BNGO_2025.parquet,open_vs_prev_session_low,47,1,0,-0.0017383746197304761,51.798187808896216,1.1896540771919641
ticker=BNGO/year=2025/day_features_BNGO_2025.parquet,multi_session_return_3d_to_open,47,3,0,-0.2857142857142858,47.125493291239145,3.0369666119470824
ticker=BNGO/year=2025/day_features_BNGO_2025.parquet,multi_session_return_5d_to_open,47,5,0,-0.33385416666666656,46.12088815789473,4.469049829028723
ticker=BNGO/year=2025/day_features_BNGO_2025.parquet,distance_to_prev_day_range_center,47,1,0,-0.11533420707732656,50.4009623095429,1.0857012240617383
ticker=BNGO/year=2025/day_features_BNGO_2025.parquet,prev_day_range_pct_norm,47,1,0,0.0,0.44763988746483263,0.14061453494019768
ticker=BNGO/year=2025/day_features_BNGO_2025.parquet,range_expansion_vs_prev_day_norm,47,2,0,-1.0,6595.999999956781,151.33086178508194
ticker=BNGO/year=2025/day_features_BNGO_2025.parquet,distance_to_n_day_high_5,47,2,0,-0.3977386934673366,31.048499999999997,0.5050591394369492
ticker=BNGO/year=2025/day_features_BNGO_2025.parquet,distance_to_n_day_low_5,47,2,0,0.024793388429751984,54.44723183391004,5.425720138976038
ticker=BNGO/year=2025/day_features_BNGO_2025.parquet,realized_vol_prev_3_sessions_norm,47,1,0,0.05640108791749964,0.31008597685369615,0.14298930560925205
ticker=BNGO/year=2025/day_features_BNGO_2025.parquet,overnight_gap_zscore_20,47,6,0,-3.2577723734152504,2522.148997725641,61.38805435851756
ticker=BNGO/year=2025/day_features_BNGO_2025.parquet,year,47,0,0,2025.0,2025.0,2025.0
ticker=BXRX/year=2022/day_features_BXRX_2022.parquet,bar_count_raw,48,0,0,3.0,846.0,233.85416666666666
ticker=BXRX/year=2022/day_features_BXRX_2022.parquet,open_raw,48,0,0,1.79,8.0,4.71104375
ticker=BXRX/year=2022/day_features_BXRX_2022.parquet,close_raw,48,0,0,1.85,8.28,4.63720625
ticker=BXRX/year=2022/day_features_BXRX_2022.parquet,high_raw,48,0,0,2.0,8.4,5.201877083333334
ticker=BXRX/year=2022/day_features_BXRX_2022.parquet,low_raw,48,0,0,1.55,7.64,4.238520833333333
ticker=BXRX/year=2022/day_features_BXRX_2022.parquet,cum_volume_session_raw,48,0,0,40.975,31480020.0,1526836.3630208329
ticker=BXRX/year=2022/day_features_BXRX_2022.parquet,session_vwap_raw,48,0,0,1.7685898351424045,7.9555276623729,4.6632543571594836
ticker=BXRX/year=2022/day_features_BXRX_2022.parquet,intraday_return_since_open_raw,48,0,0,-0.262,0.5839784027988209,-0.0014475007602978453
ticker=BXRX/year=2022/day_features_BXRX_2022.parquet,session_range_pct_raw,48,0,0,0.007025761124121631,0.8126497892620037,0.22638692282888476
ticker=BXRX/year=2022/day_features_BXRX_2022.parquet,opening_drive_30m_raw,48,0,0,-0.15600000000000003,0.29569892473118276,-0.0021772337227082736
ticker=BXRX/year=2022/day_features_BXRX_2022.parquet,pullback_from_session_high_raw,48,0,0,-0.3356164383561644,0.0,-0.10875134399254976
ticker=BXRX/year=2022/day_features_BXRX_2022.parquet,session_vwap_distance_raw,48,0,0,-0.16970868153416063,0.35154654001175945,-0.004716525646399614
ticker=BXRX/year=2022/day_features_BXRX_2022.parquet,open_norm,48,0,0,0.128,5.75,1.8538062499999999
ticker=BXRX/year=2022/day_features_BXRX_2022.parquet,close_norm,48,0,0,0.126,5.75,1.818725
ticker=BXRX/year=2022/day_features_BXRX_2022.parquet,high_norm,48,0,0,0.13999999999999999,7.3,2.1249395833333335
ticker=BXRX/year=2022/day_features_BXRX_2022.parquet,low_norm,48,0,0,0.121,4.74,1.6335645833333334
ticker=BXRX/year=2022/day_features_BXRX_2022.parquet,session_range_abs_norm,48,0,0,0.007400000000000018,2.9499999999999997,0.49137499999999995
ticker=BXRX/year=2022/day_features_BXRX_2022.parquet,realized_vol_1d_norm,48,0,0,0.007050557996666687,0.5219986102091445,0.23934634749970696
ticker=BXRX/year=2022/day_features_BXRX_2022.parquet,max_future_split_factor_in_day,48,0,0,0.025,1.0,0.553125
ticker=BXRX/year=2022/day_features_BXRX_2022.parquet,gap_open_vs_prev_close,48,1,0,-0.12254901960784315,38.97037037037037,0.820939880603535
ticker=BXRX/year=2022/day_features_BXRX_2022.parquet,open_vs_prev_session_close,48,1,0,-0.12254901960784315,38.97037037037037,0.820939880603535
ticker=BXRX/year=2022/day_features_BXRX_2022.parquet,open_vs_prev_session_high,48,1,0,-0.33698630136986296,27.251308900523558,0.4671958405741569
ticker=BXRX/year=2022/day_features_BXRX_2022.parquet,open_vs_prev_session_low,48,1,0,-0.09137055837563446,42.516129032258064,1.0049319308872564
ticker=BXRX/year=2022/day_features_BXRX_2022.parquet,multi_session_return_3d_to_open,48,3,0,-0.3689727463312369,41.82539682539682,2.3030325220165575
ticker=BXRX/year=2022/day_features_BXRX_2022.parquet,multi_session_return_5d_to_open,48,5,0,-0.48453608247422675,34.97333333333333,3.585029191682637
ticker=BXRX/year=2022/day_features_BXRX_2022.parquet,distance_to_prev_day_range_center,48,1,0,-0.18791946308724838,33.26031746031746,0.6845054864661829
ticker=BXRX/year=2022/day_features_BXRX_2022.parquet,prev_day_range_pct_norm,48,1,0,0.007075471698113057,0.6161616161616162,0.2287654562791418
ticker=BXRX/year=2022/day_features_BXRX_2022.parquet,range_expansion_vs_prev_day_norm,48,1,0,-0.9673913043478268,23.666666666667187,1.4998274296917176
ticker=BXRX/year=2022/day_features_BXRX_2022.parquet,distance_to_n_day_high_5,48,2,0,-0.6575342465753424,27.251308900523558,0.32873524693803846
ticker=BXRX/year=2022/day_features_BXRX_2022.parquet,distance_to_n_day_low_5,48,2,0,-0.004524886877828038,43.59504132231405,4.073912857278266
ticker=BXRX/year=2022/day_features_BXRX_2022.parquet,realized_vol_prev_3_sessions_norm,48,1,0,0.08970511034666122,0.37482294143035794,0.24102772899376995
ticker=BXRX/year=2022/day_features_BXRX_2022.parquet,overnight_gap_zscore_20,48,6,0,-1.4676686631796596,1364.6302490429039,32.699185484374176
ticker=BXRX/year=2022/day_features_BXRX_2022.parquet,year,48,0,0,2022.0,2022.0,2022.0
ticker=CEI/year=2022/day_features_CEI_2022.parquet,bar_count_raw,26,0,0,16.0,958.0,602.3076923076923
ticker=CEI/year=2022/day_features_CEI_2022.parquet,open_raw,26,0,0,2.0,5.5,3.998846153846154
ticker=CEI/year=2022/day_features_CEI_2022.parquet,close_raw,26,0,0,2.01,5.47,3.8584615384615395
ticker=CEI/year=2022/day_features_CEI_2022.parquet,high_raw,26,0,0,2.02,8.0,4.476730769230769
ticker=CEI/year=2022/day_features_CEI_2022.parquet,low_raw,26,0,0,1.86,5.31,3.6161653846153845
ticker=CEI/year=2022/day_features_CEI_2022.parquet,cum_volume_session_raw,26,0,0,7630.839999999999,15778640.32,2735309.946923077
ticker=CEI/year=2022/day_features_CEI_2022.parquet,session_vwap_raw,26,0,0,1.9651620192594028,6.170976044590893,3.935671557727071
ticker=CEI/year=2022/day_features_CEI_2022.parquet,intraday_return_since_open_raw,26,0,0,-0.21122994652406413,0.3704245973645679,-0.03444623994166211
ticker=CEI/year=2022/day_features_CEI_2022.parquet,session_range_pct_raw,26,0,0,0.01304863582443647,0.7777777777777778,0.21779226407245472
ticker=CEI/year=2022/day_features_CEI_2022.parquet,opening_drive_30m_raw,26,0,0,-0.07777777777777772,0.22222222222222232,0.0054180957158373715
ticker=CEI/year=2022/day_features_CEI_2022.parquet,pullback_from_session_high_raw,26,0,0,-0.35750000000000004,-0.001848428835489746,-0.1287408835761308
ticker=CEI/year=2022/day_features_CEI_2022.parquet,session_vwap_distance_raw,26,0,0,-0.16706855400850007,0.2278217050519724,-0.017885771667858874
ticker=CEI/year=2022/day_features_CEI_2022.parquet,open_norm,26,0,0,0.0683,4.45,0.9974076923076923
ticker=CEI/year=2022/day_features_CEI_2022.parquet,close_norm,26,0,0,0.0658,3.8,0.9037615384615384
ticker=CEI/year=2022/day_features_CEI_2022.parquet,high_norm,26,0,0,0.0843,5.27,1.101573076923077
ticker=CEI/year=2022/day_features_CEI_2022.parquet,low_norm,26,0,0,0.0571,3.5103,0.8570884615384615
ticker=CEI/year=2022/day_features_CEI_2022.parquet,session_range_abs_norm,26,0,0,0.0010999999999999899,1.7596999999999996,0.24448461538461538
ticker=CEI/year=2022/day_features_CEI_2022.parquet,realized_vol_1d_norm,26,0,0,0.018177317123477508,0.5392949929291196,0.18942201002176656
ticker=CEI/year=2022/day_features_CEI_2022.parquet,max_future_split_factor_in_day,26,0,0,0.02,1.0,0.35923076923076924
ticker=CEI/year=2022/day_features_CEI_2022.parquet,gap_open_vs_prev_close,26,1,0,-0.031216361679224924,49.0,1.9624467099625602
ticker=CEI/year=2022/day_features_CEI_2022.parquet,open_vs_prev_session_close,26,1,0,-0.031216361679224924,49.0,1.9624467099625602
ticker=CEI/year=2022/day_features_CEI_2022.parquet,open_vs_prev_session_high,26,1,0,-0.36875,35.74649050371594,1.3092277501681318
ticker=CEI/year=2022/day_features_CEI_2022.parquet,open_vs_prev_session_low,26,1,0,0.0,54.625,2.2576266450286115
ticker=CEI/year=2022/day_features_CEI_2022.parquet,multi_session_return_3d_to_open,26,3,0,-0.36578947368421044,46.900968783638326,4.936115563616442
ticker=CEI/year=2022/day_features_CEI_2022.parquet,multi_session_return_5d_to_open,26,5,0,-0.41315789473684206,66.629179331307,8.749743323986293
ticker=CEI/year=2022/day_features_CEI_2022.parquet,distance_to_prev_day_range_center,26,1,0,-0.19200000000000006,43.25658876181004,1.6895722216601265
ticker=CEI/year=2022/day_features_CEI_2022.parquet,prev_day_range_pct_norm,26,1,0,0.013205282112845017,0.6809338521400778,0.23225897188362724
ticker=CEI/year=2022/day_features_CEI_2022.parquet,range_expansion_vs_prev_day_norm,26,1,0,-0.9243856332703213,41.81508515815084,3.0992217176918113
ticker=CEI/year=2022/day_features_CEI_2022.parquet,distance_to_n_day_high_5,26,2,0,-0.5768500948766604,26.8125,0.8524746443774979
ticker=CEI/year=2022/day_features_CEI_2022.parquet,distance_to_n_day_low_5,26,2,0,0.012793176972281328,76.93345008756567,9.961391742181483
ticker=CEI/year=2022/day_features_CEI_2022.parquet,realized_vol_prev_3_sessions_norm,26,1,0,0.08514970319195303,0.4660837329126373,0.19670531537175096
ticker=CEI/year=2022/day_features_CEI_2022.parquet,overnight_gap_zscore_20,26,6,0,-1.6787533964098686,1993.7957995780398,100.69540187271407
ticker=CEI/year=2022/day_features_CEI_2022.parquet,year,26,0,0,2022.0,2022.0,2022.0
ticker=COSM/year=2022/day_features_COSM_2022.parquet,bar_count_raw,26,0,0,17.0,951.0,653.3076923076923
ticker=COSM/year=2022/day_features_COSM_2022.parquet,open_raw,26,0,0,4.42,15.0,8.597115384615384
ticker=COSM/year=2022/day_features_COSM_2022.parquet,close_raw,26,0,0,4.39,14.2725,8.090861538461537
ticker=COSM/year=2022/day_features_COSM_2022.parquet,high_raw,26,0,0,4.83,23.84,10.489126923076924
ticker=COSM/year=2022/day_features_COSM_2022.parquet,low_raw,26,0,0,0.2301,13.25,6.907796153846154
ticker=COSM/year=2022/day_features_COSM_2022.parquet,cum_volume_session_raw,26,0,0,15959.0,118964249.72,10160325.473846154
ticker=COSM/year=2022/day_features_COSM_2022.parquet,session_vwap_raw,26,0,0,4.466543810559869,14.647370433197207,8.341755503098845
ticker=COSM/year=2022/day_features_COSM_2022.parquet,intraday_return_since_open_raw,26,0,0,-0.32743921692453426,0.5981425287356321,-0.03973649970546457
ticker=COSM/year=2022/day_features_COSM_2022.parquet,session_range_pct_raw,26,0,0,0.014469453376205766,4.342050574712643,0.45819332880416586
ticker=COSM/year=2022/day_features_COSM_2022.parquet,opening_drive_30m_raw,26,0,0,-0.14861751152073732,0.18028169014084505,0.0056654672497670755
ticker=COSM/year=2022/day_features_COSM_2022.parquet,pullback_from_session_high_raw,26,0,0,-0.6354907718120806,-0.0020618556701030855,-0.18226524106192563
ticker=COSM/year=2022/day_features_COSM_2022.parquet,session_vwap_distance_raw,26,0,0,-0.2751278798313821,0.15255125481374332,-0.028265593254145793
ticker=COSM/year=2022/day_features_COSM_2022.parquet,open_norm,26,0,0,0.278,10.0,3.4970230769230763
ticker=COSM/year=2022/day_features_COSM_2022.parquet,close_norm,26,0,0,0.21300000000000002,8.6899,3.3528
ticker=COSM/year=2022/day_features_COSM_2022.parquet,high_norm,26,0,0,0.33490000000000003,23.84,4.731065384615385
ticker=COSM/year=2022/day_features_COSM_2022.parquet,low_norm,26,0,0,0.15,7.5801,2.7490576923076926
ticker=COSM/year=2022/day_features_COSM_2022.parquet,session_range_abs_norm,26,0,0,0.010499999999999954,23.6099,1.9820076923076924
ticker=COSM/year=2022/day_features_COSM_2022.parquet,realized_vol_1d_norm,26,0,0,0.016059619908377804,1.9078892325591679,0.3097669018398848
ticker=COSM/year=2022/day_features_COSM_2022.parquet,max_future_split_factor_in_day,26,0,0,0.04,1.0,0.52
ticker=COSM/year=2022/day_features_COSM_2022.parquet,gap_open_vs_prev_close,26,1,0,-0.010000000000000009,24.528169014084504,0.9970049631752953
ticker=COSM/year=2022/day_features_COSM_2022.parquet,open_vs_prev_session_close,26,1,0,-0.010000000000000009,24.528169014084504,0.9970049631752953
ticker=COSM/year=2022/day_features_COSM_2022.parquet,open_vs_prev_session_high,26,1,0,-0.6359060402684564,13.30921052631579,0.3749096951441129
ticker=COSM/year=2022/day_features_COSM_2022.parquet,open_vs_prev_session_low,26,1,0,0.004830917874396157,36.72272924815297,3.01366610460958
ticker=COSM/year=2022/day_features_COSM_2022.parquet,multi_session_return_3d_to_open,26,3,0,-0.27083333333333337,45.94835680751173,3.877797448593413
ticker=COSM/year=2022/day_features_COSM_2022.parquet,multi_session_return_5d_to_open,26,5,0,-0.4171779141104295,36.88732394366197,6.241311942711199
ticker=COSM/year=2022/day_features_COSM_2022.parquet,distance_to_prev_day_range_center,26,1,0,-0.40536013400335014,19.5188679245283,0.7435835137994296
ticker=COSM/year=2022/day_features_COSM_2022.parquet,prev_day_range_pct_norm,26,1,0,0.0144230769230769,2.7169357530006097,0.456864513621461
ticker=COSM/year=2022/day_features_COSM_2022.parquet,range_expansion_vs_prev_day_norm,26,1,0,-0.9326553691459939,101.65173913043478,5.5112824781111165
ticker=COSM/year=2022/day_features_COSM_2022.parquet,distance_to_n_day_high_5,26,2,0,-0.7021812080536913,11.946428571428571,0.08229073497167139
ticker=COSM/year=2022/day_features_COSM_2022.parquet,distance_to_n_day_low_5,26,2,0,0.0876369327073554,65.66666666666667,12.33054009487484
ticker=COSM/year=2022/day_features_COSM_2022.parquet,realized_vol_prev_3_sessions_norm,26,1,0,0.12662056538522462,0.9522700075465517,0.32587890243079415
ticker=COSM/year=2022/day_features_COSM_2022.parquet,overnight_gap_zscore_20,26,6,0,-0.6673367557436465,9139.077130983986,456.6552434095647
ticker=COSM/year=2022/day_features_COSM_2022.parquet,year,26,0,0,2022.0,2022.0,2022.0
ticker=EFSH/year=2025/day_features_EFSH_2025.parquet,bar_count_raw,26,0,0,5.0,588.0,243.3846153846154
ticker=EFSH/year=2025/day_features_EFSH_2025.parquet,open_raw,26,0,0,0.125,0.285,0.20301538461538463
ticker=EFSH/year=2025/day_features_EFSH_2025.parquet,close_raw,26,0,0,0.125,0.25,0.19907692307692304
ticker=EFSH/year=2025/day_features_EFSH_2025.parquet,high_raw,26,0,0,0.131,0.2944,0.21623846153846155
ticker=EFSH/year=2025/day_features_EFSH_2025.parquet,low_raw,26,0,0,0.1201,0.2425,0.1906076923076923
ticker=EFSH/year=2025/day_features_EFSH_2025.parquet,cum_volume_session_raw,26,0,0,10146.0,15296504.0,2411287.730769231
ticker=EFSH/year=2025/day_features_EFSH_2025.parquet,session_vwap_raw,26,0,0,0.1266880636818495,0.24617675333192288,0.19938627701242295
ticker=EFSH/year=2025/day_features_EFSH_2025.parquet,intraday_return_since_open_raw,26,0,0,-0.14877192982456133,0.15999999999999992,-0.01461290413378248
ticker=EFSH/year=2025/day_features_EFSH_2025.parquet,session_range_pct_raw,26,0,0,0.017353579175705004,0.31520000000000004,0.1315988898314215
ticker=EFSH/year=2025/day_features_EFSH_2025.parquet,opening_drive_30m_raw,26,0,0,-0.09999999999999987,0.07025761124121788,0.002460453733641382
ticker=EFSH/year=2025/day_features_EFSH_2025.parquet,pullback_from_session_high_raw,26,0,0,-0.17595108695652173,0.0,-0.07851205089457586
ticker=EFSH/year=2025/day_features_EFSH_2025.parquet,session_vwap_distance_raw,26,0,0,-0.031230398291611672,0.03266398438506912,-0.000963911540711293
ticker=EFSH/year=2025/day_features_EFSH_2025.parquet,open_norm,26,0,0,0.202,0.3036,0.24465769230769233
ticker=EFSH/year=2025/day_features_EFSH_2025.parquet,close_norm,26,0,0,0.201,0.29,0.24062692307692307
ticker=EFSH/year=2025/day_features_EFSH_2025.parquet,high_norm,26,0,0,0.214,0.33,0.2618653846153846
ticker=EFSH/year=2025/day_features_EFSH_2025.parquet,low_norm,26,0,0,0.195,0.2602,0.22894615384615385
ticker=EFSH/year=2025/day_features_EFSH_2025.parquet,session_range_abs_norm,26,0,0,0.0040000000000000036,0.07880000000000001,0.03291923076923076
ticker=EFSH/year=2025/day_features_EFSH_2025.parquet,realized_vol_1d_norm,26,0,0,0.025262889505233452,0.4748713246378527,0.21897063348686213
ticker=EFSH/year=2025/day_features_EFSH_2025.parquet,max_future_split_factor_in_day,26,0,0,1.0,2.0,1.3076923076923077
ticker=EFSH/year=2025/day_features_EFSH_2025.parquet,gap_open_vs_prev_close,26,1,0,-0.0496664195700518,0.11764705882352922,0.008320498158416298
ticker=EFSH/year=2025/day_features_EFSH_2025.parquet,open_vs_prev_session_close,26,1,0,-0.0496664195700518,0.11764705882352922,0.008320498158416298
ticker=EFSH/year=2025/day_features_EFSH_2025.parquet,open_vs_prev_session_high,26,1,0,-0.16779891304347827,0.08778625954198449,-0.07101460956140863
ticker=EFSH/year=2025/day_features_EFSH_2025.parquet,open_vs_prev_session_low,26,1,0,0.01644444444444426,0.2124600638977634,0.05908321508739228
ticker=EFSH/year=2025/day_features_EFSH_2025.parquet,multi_session_return_3d_to_open,26,3,0,-0.11724137931034484,0.08542492294143544,-0.02199665940480853
ticker=EFSH/year=2025/day_features_EFSH_2025.parquet,multi_session_return_5d_to_open,26,5,0,-0.1289844329132691,0.06581899775617028,-0.04379892032457364
ticker=EFSH/year=2025/day_features_EFSH_2025.parquet,distance_to_prev_day_range_center,26,1,0,-0.06914893617021278,0.10251450676982587,-0.011698094503541938
ticker=EFSH/year=2025/day_features_EFSH_2025.parquet,prev_day_range_pct_norm,26,1,0,0.01724137931034484,0.27172413793103456,0.1353797574382841
ticker=EFSH/year=2025/day_features_EFSH_2025.parquet,range_expansion_vs_prev_day_norm,26,1,0,-0.9198717948717948,7.914285714285704,0.9263621123677033
ticker=EFSH/year=2025/day_features_EFSH_2025.parquet,distance_to_n_day_high_5,26,2,0,-0.24242424242424243,-0.05192307692307696,-0.16252852555455077
ticker=EFSH/year=2025/day_features_EFSH_2025.parquet,distance_to_n_day_low_5,26,2,0,0.0181975736568456,0.2073272273105744,0.07129520707439514
ticker=EFSH/year=2025/day_features_EFSH_2025.parquet,realized_vol_prev_3_sessions_norm,26,1,0,0.13545446301748493,0.35520822617503667,0.22068850234320941
ticker=EFSH/year=2025/day_features_EFSH_2025.parquet,overnight_gap_zscore_20,26,6,0,-1.6206667697118173,2.8635316404844637,-0.033515239170177354
ticker=EFSH/year=2025/day_features_EFSH_2025.parquet,year,26,0,0,2025.0,2025.0,2025.0
ticker=LIVE/year=2014/day_features_LIVE_2014.parquet,bar_count_raw,23,0,0,1.0,566.0,306.0
ticker=LIVE/year=2014/day_features_LIVE_2014.parquet,open_raw,23,0,0,27.8,61.8,44.86434782608696
ticker=LIVE/year=2014/day_features_LIVE_2014.parquet,close_raw,23,0,0,28.4,61.8,45.091313043478266
ticker=LIVE/year=2014/day_features_LIVE_2014.parquet,high_raw,23,0,0,31.9,71.6592,48.59448695652175
ticker=LIVE/year=2014/day_features_LIVE_2014.parquet,low_raw,23,0,0,26.482,54.06,41.844434782608694
ticker=LIVE/year=2014/day_features_LIVE_2014.parquet,cum_volume_session_raw,23,0,0,16.666667,1923701.6666620001,410596.2608754782
ticker=LIVE/year=2014/day_features_LIVE_2014.parquet,session_vwap_raw,23,0,0,28.5665298532859,64.7211401245612,45.349254050700026
ticker=LIVE/year=2014/day_features_LIVE_2014.parquet,intraday_return_since_open_raw,23,0,0,-0.12872400224845415,0.3508670520231214,0.012518172576558266
ticker=LIVE/year=2014/day_features_LIVE_2014.parquet,session_range_pct_raw,23,0,0,0.0,0.5231213872832368,0.15416110101249872
ticker=LIVE/year=2014/day_features_LIVE_2014.parquet,opening_drive_30m_raw,23,0,0,-0.07251264755480602,0.15323741007194247,0.010446005678218507
ticker=LIVE/year=2014/day_features_LIVE_2014.parquet,pullback_from_session_high_raw,23,0,0,-0.21210395873802668,0.0,-0.06919070910853266
ticker=LIVE/year=2014/day_features_LIVE_2014.parquet,session_vwap_distance_raw,23,0,0,-0.12764206731621153,0.11928353117652213,-0.0037772915173999648
ticker=LIVE/year=2014/day_features_LIVE_2014.parquet,open_norm,23,0,0,5.766666666666667,19.2,12.062028985507247
ticker=LIVE/year=2014/day_features_LIVE_2014.parquet,close_norm,23,0,0,7.1,19.19,12.01609130434783
ticker=LIVE/year=2014/day_features_LIVE_2014.parquet,high_norm,23,0,0,7.768999999999999,20.0,12.890965217391303
ticker=LIVE/year=2014/day_features_LIVE_2014.parquet,low_norm,23,0,0,5.503333333333334,19.19,11.232362318840577
ticker=LIVE/year=2014/day_features_LIVE_2014.parquet,session_range_abs_norm,23,0,0,0.0,3.9999999999999982,1.6586028985507242
ticker=LIVE/year=2014/day_features_LIVE_2014.parquet,realized_vol_1d_norm,23,0,0,0.0,0.2801725785056749,0.12388678832862347
ticker=LIVE/year=2014/day_features_LIVE_2014.parquet,max_future_split_factor_in_day,23,0,0,0.16666666666666666,0.5,0.29710144927536236
ticker=LIVE/year=2014/day_features_LIVE_2014.parquet,gap_open_vs_prev_close,23,1,0,-0.6666666666666667,0.04955133008064849,-0.02668507536123726
ticker=LIVE/year=2014/day_features_LIVE_2014.parquet,open_vs_prev_session_close,23,1,0,-0.6666666666666667,0.04955133008064849,-0.02668507536123726
ticker=LIVE/year=2014/day_features_LIVE_2014.parquet,open_vs_prev_session_high,23,1,0,-0.6831501831501832,0.035834266517357216,-0.09509755749003812
ticker=LIVE/year=2014/day_features_LIVE_2014.parquet,open_vs_prev_session_low,23,1,0,-0.6505050505050505,0.43549364021804937,0.053553930553025195
ticker=LIVE/year=2014/day_features_LIVE_2014.parquet,multi_session_return_3d_to_open,23,3,0,-0.6758478545999624,0.2584507042253523,-0.09897099889177581
ticker=LIVE/year=2014/day_features_LIVE_2014.parquet,multi_session_return_5d_to_open,23,5,0,-0.5938967136150235,0.1548387096774193,-0.17601747314680002
ticker=LIVE/year=2014/day_features_LIVE_2014.parquet,distance_to_prev_day_range_center,23,1,0,-0.6676272814601345,0.14571746384872086,-0.029125370725243505
ticker=LIVE/year=2014/day_features_LIVE_2014.parquet,prev_day_range_pct_norm,23,1,0,0.0,0.38724860932819843,0.14534062181647206
ticker=LIVE/year=2014/day_features_LIVE_2014.parquet,range_expansion_vs_prev_day_norm,23,4,0,-1.0,2.657894736842099,0.0554188988278969
ticker=LIVE/year=2014/day_features_LIVE_2014.parquet,distance_to_n_day_high_5,23,2,0,-0.6964912280701754,-0.05600000000000005,-0.2599924851096751
ticker=LIVE/year=2014/day_features_LIVE_2014.parquet,distance_to_n_day_low_5,23,2,0,-0.5644840520605191,0.8715929739551782,0.2212116716652923
ticker=LIVE/year=2014/day_features_LIVE_2014.parquet,realized_vol_prev_3_sessions_norm,23,1,0,0.0,0.22421632880362274,0.1201616636922223
ticker=LIVE/year=2014/day_features_LIVE_2014.parquet,overnight_gap_zscore_20,23,6,0,-31.8414872574734,0.44867242610192704,-1.7676485667945028
ticker=LIVE/year=2014/day_features_LIVE_2014.parquet,year,23,0,0,2014.0,2014.0,2014.0
ticker=PD/year=2006/day_features_PD_2006.parquet,bar_count_raw,23,0,0,387.0,440.0,406.30434782608694
ticker=PD/year=2006/day_features_PD_2006.parquet,open_raw,23,0,0,66.0,81.45,72.44760869565218
ticker=PD/year=2006/day_features_PD_2006.parquet,close_raw,23,0,0,66.0,81.45,72.80268260869566
ticker=PD/year=2006/day_features_PD_2006.parquet,high_raw,23,0,0,67.645,82.56,74.06630434782609
ticker=PD/year=2006/day_features_PD_2006.parquet,low_raw,23,0,0,65.14,79.53,71.20955652173913
ticker=PD/year=2006/day_features_PD_2006.parquet,cum_volume_session_raw,23,0,0,3291300.0,7882000.0,5032369.565217392
ticker=PD/year=2006/day_features_PD_2006.parquet,session_vwap_raw,23,0,0,66.34558056838365,81.58651504302141,72.7548241442155
ticker=PD/year=2006/day_features_PD_2006.parquet,intraday_return_since_open_raw,23,0,0,-0.048163916977115306,0.04166666666666674,0.005122226547826487
ticker=PD/year=2006/day_features_PD_2006.parquet,session_range_pct_raw,23,0,0,0.022061720288903568,0.05987227248536456,0.03956199770944966
ticker=PD/year=2006/day_features_PD_2006.parquet,opening_drive_30m_raw,23,0,0,-0.02564860669672553,0.024817316972287395,0.002891888644418762
ticker=PD/year=2006/day_features_PD_2006.parquet,pullback_from_session_high_raw,23,0,0,-0.05868421052631567,-0.001814882032667886,-0.016958511303202358
ticker=PD/year=2006/day_features_PD_2006.parquet,session_vwap_distance_raw,23,0,0,-0.027822458036923403,0.021424605984155187,0.0008707072328394791
ticker=PD/year=2006/day_features_PD_2006.parquet,open_norm,23,0,0,68.49,142.75,96.50304347826086
ticker=PD/year=2006/day_features_PD_2006.parquet,close_norm,23,0,0,69.0,144.47,96.8849304347826
ticker=PD/year=2006/day_features_PD_2006.parquet,high_norm,23,0,0,69.2,145.93,98.5786956521739
ticker=PD/year=2006/day_features_PD_2006.parquet,low_norm,23,0,0,66.67,142.2196,94.7356347826087
ticker=PD/year=2006/day_features_PD_2006.parquet,session_range_abs_norm,23,0,0,1.6800000000000068,8.080000000000013,3.8430608695652184
ticker=PD/year=2006/day_features_PD_2006.parquet,realized_vol_1d_norm,23,0,0,0.019011678205433192,0.04333215474235324,0.028174788524517852
ticker=PD/year=2006/day_features_PD_2006.parquet,max_future_split_factor_in_day,23,0,0,1.0,2.0,1.3478260869565217
ticker=PD/year=2006/day_features_PD_2006.parquet,gap_open_vs_prev_close,23,1,0,-0.5018909090909092,0.0221991431909645,-0.020639056398735943
ticker=PD/year=2006/day_features_PD_2006.parquet,open_vs_prev_session_close,23,1,0,-0.5018909090909092,0.0221991431909645,-0.020639056398735943
ticker=PD/year=2006/day_features_PD_2006.parquet,open_vs_prev_session_high,23,1,0,-0.5027949183303086,0.01718124273349697,-0.037674553727605524
ticker=PD/year=2006/day_features_PD_2006.parquet,open_vs_prev_session_low,23,1,0,-0.4763761467889909,0.06448560227119104,0.0013352669146384172
ticker=PD/year=2006/day_features_PD_2006.parquet,multi_session_return_3d_to_open,23,3,0,-0.4927793823594757,0.08600000000000008,-0.06391359546152893
ticker=PD/year=2006/day_features_PD_2006.parquet,multi_session_return_5d_to_open,23,5,0,-0.5049884215425802,0.10144927536231885,-0.12086667371086321
ticker=PD/year=2006/day_features_PD_2006.parquet,distance_to_prev_day_range_center,23,1,0,-0.48992738782349665,0.040295943982031845,-0.018591840574643817
ticker=PD/year=2006/day_features_PD_2006.parquet,prev_day_range_pct_norm,23,1,0,0.02192925205586747,0.06290187307799831,0.03990430924727164
ticker=PD/year=2006/day_features_PD_2006.parquet,range_expansion_vs_prev_day_norm,23,1,0,-0.6359712230215819,1.451428571428567,0.10486966092677547
ticker=PD/year=2006/day_features_PD_2006.parquet,distance_to_n_day_high_5,23,2,0,-0.5276551724137931,0.012602880658436177,-0.143950447521294
ticker=PD/year=2006/day_features_PD_2006.parquet,distance_to_n_day_low_5,23,2,0,-0.47428615290144305,0.1399430028498574,0.033304822409727264
ticker=PD/year=2006/day_features_PD_2006.parquet,realized_vol_prev_3_sessions_norm,23,1,0,0.022965777762192507,0.03646229395041974,0.02812880706849225
ticker=PD/year=2006/day_features_PD_2006.parquet,overnight_gap_zscore_20,23,6,0,-85.29103450921237,1.492717868384947,-4.661817788248856
ticker=PD/year=2006/day_features_PD_2006.parquet,year,23,0,0,2006.0,2006.0,2006.0
ticker=SAVA/year=2023/day_features_SAVA_2023.parquet,bar_count_raw,24,0,0,2.0,494.0,323.3333333333333
ticker=SAVA/year=2023/day_features_SAVA_2023.parquet,open_raw,24,0,0,14.7398,24.88,19.544816666666666
ticker=SAVA/year=2023/day_features_SAVA_2023.parquet,close_raw,24,0,0,14.8571,24.89,19.858741666666667
ticker=SAVA/year=2023/day_features_SAVA_2023.parquet,high_raw,24,0,0,14.8571,27.0,20.650233333333333
ticker=SAVA/year=2023/day_features_SAVA_2023.parquet,low_raw,24,0,0,14.6429,23.9,19.045120833333332
ticker=SAVA/year=2023/day_features_SAVA_2023.parquet,cum_volume_session_raw,24,0,0,550.2,7299063.800000001,1680417.4416666667
ticker=SAVA/year=2023/day_features_SAVA_2023.parquet,session_vwap_raw,24,0,0,14.857099999999999,24.573580761547174,19.850753611151926
ticker=SAVA/year=2023/day_features_SAVA_2023.parquet,intraday_return_since_open_raw,24,0,0,-0.040239726027397116,0.24361081826494058,0.019464156949289334
ticker=SAVA/year=2023/day_features_SAVA_2023.parquet,session_range_pct_raw,24,0,0,0.0,0.3497499288009074,0.08260301548305478
ticker=SAVA/year=2023/day_features_SAVA_2023.parquet,opening_drive_30m_raw,24,0,0,-0.018080020624450133,0.2960733075850768,0.018258144467871537
ticker=SAVA/year=2023/day_features_SAVA_2023.parquet,pullback_from_session_high_raw,24,0,0,-0.0886943281309478,0.0,-0.035673962368364516
ticker=SAVA/year=2023/day_features_SAVA_2023.parquet,session_vwap_distance_raw,24,0,0,-0.02460430476630049,0.036657918654558364,0.0012822860095472871
ticker=SAVA/year=2023/day_features_SAVA_2023.parquet,open_norm,24,0,0,20.0143,29.84996,24.668338333333335
ticker=SAVA/year=2023/day_features_SAVA_2023.parquet,close_norm,24,0,0,20.79994,29.75994,25.072905000000002
ticker=SAVA/year=2023/day_features_SAVA_2023.parquet,high_norm,24,0,0,20.79994,32.10004,26.040965
ticker=SAVA/year=2023/day_features_SAVA_2023.parquet,low_norm,24,0,0,20.0,29.560019999999998,24.037335833333334
ticker=SAVA/year=2023/day_features_SAVA_2023.parquet,session_range_abs_norm,24,0,0,0.0,7.0,2.003629166666666
ticker=SAVA/year=2023/day_features_SAVA_2023.parquet,realized_vol_1d_norm,24,0,0,0.0,0.3154453200000589,0.06452140714838356
ticker=SAVA/year=2023/day_features_SAVA_2023.parquet,max_future_split_factor_in_day,24,0,0,1.0,1.4,1.2833333333333332
ticker=SAVA/year=2023/day_features_SAVA_2023.parquet,gap_open_vs_prev_close,24,1,0,-0.2877463170766079,0.022931966588124686,-0.01293213970662441
ticker=SAVA/year=2023/day_features_SAVA_2023.parquet,open_vs_prev_session_close,24,1,0,-0.2877463170766079,0.022931966588124686,-0.01293213970662441
ticker=SAVA/year=2023/day_features_SAVA_2023.parquet,open_vs_prev_session_high,24,1,0,-0.319704745272097,0.015451244636170092,-0.04772513037971462
ticker=SAVA/year=2023/day_features_SAVA_2023.parquet,open_vs_prev_session_low,24,1,0,-0.26794913248115215,0.244,0.03337965258205794
ticker=SAVA/year=2023/day_features_SAVA_2023.parquet,multi_session_return_3d_to_open,24,3,0,-0.3157518309364151,0.20310842807102025,-0.0014585403736115255
ticker=SAVA/year=2023/day_features_SAVA_2023.parquet,multi_session_return_5d_to_open,24,5,0,-0.3274751225976935,0.38650343228261663,0.014412873706856861
ticker=SAVA/year=2023/day_features_SAVA_2023.parquet,distance_to_prev_day_range_center,24,1,0,-0.2947752345575392,0.07452655612738113,-0.01004146376402163
ticker=SAVA/year=2023/day_features_SAVA_2023.parquet,prev_day_range_pct_norm,24,1,0,0.0,0.28123744475693047,0.07895410217166939
ticker=SAVA/year=2023/day_features_SAVA_2023.parquet,range_expansion_vs_prev_day_norm,24,2,0,-1.0,19.900389105058345,1.9038945030914964
ticker=SAVA/year=2023/day_features_SAVA_2023.parquet,distance_to_n_day_high_5,24,2,0,-0.3623980406473917,0.0056417250941227515,-0.10278231268174803
ticker=SAVA/year=2023/day_features_SAVA_2023.parquet,distance_to_n_day_low_5,24,2,0,-0.26794913248115215,0.41607735701368465,0.13978434443576745
ticker=SAVA/year=2023/day_features_SAVA_2023.parquet,realized_vol_prev_3_sessions_norm,24,1,0,0.01878989753148011,0.14881699319000496,0.06420893819449681
ticker=SAVA/year=2023/day_features_SAVA_2023.parquet,overnight_gap_zscore_20,24,6,0,-31.164808758025373,3.4108054401644368,-1.3457243904059266
ticker=SAVA/year=2023/day_features_SAVA_2023.parquet,year,24,0,0,2023.0,2023.0,2023.0
