ticker,run_id,instrument_id,security_class_id,target_class_label,target_class_family,blockers_json,other_blockers_json,direct_recovery_candidate,os_rows,os_nonnull_rows,os_complete,float_rows,float_nonnull_rows,float_complete,baseline_candidates,content_complete_candidates,class_incomplete_candidates,selected_causal_baseline_count,supported_single_rows,ownership_component_states_json,document_signals_json,recovery_workstreams_json,gate_classification,source_manifest_path,source_manifest_sha256,config_path,config_sha256
ACTT,sec_pit_100_case_resolution_v0_13_20260812T2127Z__owner__actt,cik_ticker:0001753706:ACTT,,COMMON_STOCK_CLASS_CANDIDATE,COMMON_STOCK_CLASS_CANDIDATE,"[""SHARE_CLASS_ALLOCATION_UNRESOLVED""]",[],True,5,0,False,5,0,False,1,1,1,0,0,"{""MULTI_CLASS_ALLOCATION_REQUIRED"": 10}","{""document_mentions_class_a_and_b"": true, ""explicit_current_acquirable_columns"": false, ""numeric_component_decomposition"": false, ""option_or_acquirable_language"": true}","[""EXPLICIT_MULTI_CLASS_COMPONENT_EVIDENCE""]",TRUE_MULTI_CLASS_EVIDENCE_REQUIRED,C:/TSIS_Data/runtime/sec_pit_100_case_resolution_v0_13/runs/sec_pit_100_case_resolution_v0_13_20260812T2127Z__owner__actt/final_manifest.json,50d050c4df12c6ae435f774480d3cf7983c9255f227e07a47079e266de3a5662,C:/TSIS_Data/runtime/sec_pit_100_case_scale_gate_v0_1/bounded_probe_authorized_v0_4_20260812T0530Z/owner_case_configs__sec_pit_100_case_resolution_v0_13_20260812T2127Z/actt.json,2f112228c6a497d1c88905ae36749418e1c35f1555880a035960125ff304841d
AEN,sec_pit_100_case_resolution_v0_13_20260812T2127Z__owner__aen,cik_ticker:0000894158:AEN,,COMMON_STOCK_CLASS_CANDIDATE,COMMON_STOCK_CLASS_CANDIDATE,"[""SHARE_CLASS_ALLOCATION_UNRESOLVED""]",[],True,5,0,False,5,0,False,4,4,4,0,0,"{""CURRENTLY_ISSUED_COMPONENT_UNRESOLVED"": 34}","{""document_mentions_class_a_and_b"": false, ""explicit_current_acquirable_columns"": false, ""numeric_component_decomposition"": true, ""option_or_acquirable_language"": true}","[""NUMERIC_FOOTNOTE_COMPONENT_DECOMPOSITION""]",GENERIC_FOOTNOTE_COMPONENT_RECOVERY_CANDIDATE,C:/TSIS_Data/runtime/sec_pit_100_case_resolution_v0_13/runs/sec_pit_100_case_resolution_v0_13_20260812T2127Z__owner__aen/final_manifest.json,a98077be83673fd13ef03447f8079fced70e8c79ccdc89dbe73919ee8b0c8f9c,C:/TSIS_Data/runtime/sec_pit_100_case_scale_gate_v0_1/bounded_probe_authorized_v0_4_20260812T0530Z/owner_case_configs__sec_pit_100_case_resolution_v0_13_20260812T2127Z/aen.json,e6e383b3d806144c727483302e28a17dd1530a51dbfc9da4af0d40301fbba61e
ASPN,sec_pit_100_case_resolution_v0_13_20260812T2127Z__owner__aspn,figi_share_class:BBG001SJZK39,BBG001SJZK39,Common Stock,UNNUMBERED_COMMON_OR_ORDINARY,"[""SHARE_CLASS_ALLOCATION_UNRESOLVED""]",[],True,5,5,True,5,0,False,4,2,2,0,0,"{""CURRENTLY_ISSUED_COMPONENT_UNRESOLVED"": 31}","{""document_mentions_class_a_and_b"": false, ""explicit_current_acquirable_columns"": false, ""numeric_component_decomposition"": true, ""option_or_acquirable_language"": true}","[""NUMERIC_FOOTNOTE_COMPONENT_DECOMPOSITION""]",GENERIC_FOOTNOTE_COMPONENT_RECOVERY_CANDIDATE,C:/TSIS_Data/runtime/sec_pit_100_case_resolution_v0_13/runs/sec_pit_100_case_resolution_v0_13_20260812T2127Z__owner__aspn/final_manifest.json,655000168580c36d481eae5b1d7e9c06b0c5c3d49be8e701f89db3d2ea1a037f,C:/TSIS_Data/runtime/sec_pit_100_case_scale_gate_v0_1/bounded_probe_authorized_v0_4_20260812T0530Z/owner_case_configs__sec_pit_100_case_resolution_v0_13_20260812T2127Z/aspn.json,2a3b1dd107d7961ce036697db9b69cd3cd999853e9a64e14ba8673043716ca17
AULT,sec_pit_100_case_resolution_v0_13_20260812T2127Z__owner__ault,figi_share_class:BBG00JMZD5D6,BBG00JMZD5D6,Class A Common Stock,CLASS_A_COMMON,"[""INSTRUMENT_INTERVAL_CONFLICT"",""SHARE_CLASS_ALLOCATION_UNRESOLVED""]","[""INSTRUMENT_INTERVAL_CONFLICT""]",False,5,0,False,5,0,False,4,4,4,0,48,"{""NO_MULTI_CLASS_CONFLICT_IDENTIFIED"": 48}","{""document_mentions_class_a_and_b"": true, ""explicit_current_acquirable_columns"": false, ""numeric_component_decomposition"": true, ""option_or_acquirable_language"": true}","[""SINGLE_TABLE_TO_NUMBERED_TARGET_CLASS_BRIDGE""]",MIXED_BLOCKERS,C:/TSIS_Data/runtime/sec_pit_100_case_resolution_v0_13/runs/sec_pit_100_case_resolution_v0_13_20260812T2127Z__owner__ault/final_manifest.json,625d0bf9e800392d26ad46b54bb1d0ffa18cde3b24f2885942a70f76662087ae,C:/TSIS_Data/runtime/sec_pit_100_case_scale_gate_v0_1/bounded_probe_authorized_v0_4_20260812T0530Z/owner_case_configs__sec_pit_100_case_resolution_v0_13_20260812T2127Z/ault.json,42d99fe83adfdb69a46eb011e616ab3f5cd7b73cd94b50f69af682c46b7ebaaa
AXAC,sec_pit_100_case_resolution_v0_13_20260812T2127Z__owner__axac,cik_ticker:0001898019:AXAC,,Class A Ordinary Shares,CLASS_A_ORDINARY,"[""SHARE_CLASS_ALLOCATION_UNRESOLVED""]",[],True,5,0,False,5,0,False,2,1,2,0,1,"{""MULTI_CLASS_ALLOCATION_REQUIRED"": 10, ""NO_MULTI_CLASS_CONFLICT_IDENTIFIED"": 1}","{""document_mentions_class_a_and_b"": true, ""explicit_current_acquirable_columns"": false, ""numeric_component_decomposition"": false, ""option_or_acquirable_language"": true}","[""EXPLICIT_MULTI_CLASS_COMPONENT_EVIDENCE"",""MANAGEMENT_BASELINE_EXTRACTION""]",TRUE_MULTI_CLASS_EVIDENCE_REQUIRED,C:/TSIS_Data/runtime/sec_pit_100_case_resolution_v0_13/runs/sec_pit_100_case_resolution_v0_13_20260812T2127Z__owner__axac/final_manifest.json,3036427ab9652b058eef5843db4860d4b22e852151a9898204f7d5cb1a3663dc,C:/TSIS_Data/runtime/sec_pit_100_case_scale_gate_v0_1/bounded_probe_authorized_v0_4_20260812T0530Z/owner_case_configs__sec_pit_100_case_resolution_v0_13_20260812T2127Z/axac.json,c704042a955262ffd3352f1de49cd0c237d47dee973da1d7ddb9214cb9a384ae
BASI,sec_pit_100_case_resolution_v0_13_20260812T2127Z__owner__basi,figi_share_class:BBG001SBF7J0,BBG001SBF7J0,Common Shares,UNNUMBERED_COMMON_OR_ORDINARY,"[""HOLDER_OVERLAP_UNRESOLVED"",""SHARE_CLASS_ALLOCATION_UNRESOLVED""]","[""HOLDER_OVERLAP_UNRESOLVED""]",False,5,0,False,5,0,False,4,2,2,0,0,"{""CURRENTLY_ISSUED_COMPONENT_UNRESOLVED"": 23}","{""document_mentions_class_a_and_b"": true, ""explicit_current_acquirable_columns"": false, ""numeric_component_decomposition"": true, ""option_or_acquirable_language"": true}","[""NUMERIC_FOOTNOTE_COMPONENT_DECOMPOSITION""]",MIXED_BLOCKERS,C:/TSIS_Data/runtime/sec_pit_100_case_resolution_v0_13/runs/sec_pit_100_case_resolution_v0_13_20260812T2127Z__owner__basi/final_manifest.json,661b28581bbc16a1825d11805223109ddadf776bebb95a76369615b85a9ace0c,C:/TSIS_Data/runtime/sec_pit_100_case_scale_gate_v0_1/bounded_probe_authorized_v0_4_20260812T0530Z/owner_case_configs__sec_pit_100_case_resolution_v0_13_20260812T2127Z/basi.json,a38696a025b5896b43a1734029a7e331dc9f05328842620c770f77cbc7f7e2e6
BLNG,sec_pit_100_case_resolution_v0_13_20260812T2127Z__owner__blng,figi_share_class:BBG00ZLLWHG2,BBG00ZLLWHG2,Class A Common Stock,CLASS_A_COMMON,"[""SHARE_CLASS_ALLOCATION_UNRESOLVED""]",[],True,5,5,True,5,0,False,3,3,3,0,32,"{""NO_MULTI_CLASS_CONFLICT_IDENTIFIED"": 32}","{""document_mentions_class_a_and_b"": true, ""explicit_current_acquirable_columns"": false, ""numeric_component_decomposition"": false, ""option_or_acquirable_language"": true}","[""SINGLE_TABLE_TO_NUMBERED_TARGET_CLASS_BRIDGE""]",GENERIC_SINGLE_TABLE_CLASS_BRIDGE_CANDIDATE,C:/TSIS_Data/runtime/sec_pit_100_case_resolution_v0_13/runs/sec_pit_100_case_resolution_v0_13_20260812T2127Z__owner__blng/final_manifest.json,2dc26afad6f3a66ace88895876bdacf5e86e99d7256536eb5afcf5eb93285779,C:/TSIS_Data/runtime/sec_pit_100_case_scale_gate_v0_1/bounded_probe_authorized_v0_4_20260812T0530Z/owner_case_configs__sec_pit_100_case_resolution_v0_13_20260812T2127Z/blng.json,037830233f9f5c46bf526146c9caf8db814aba52ec33b12d84a3a70fb6d8fa1d
BNED,sec_pit_100_case_resolution_v0_13_20260812T2127Z__owner__bned,figi_share_class:BBG009CNQCX5,BBG009CNQCX5,Common Stock,UNNUMBERED_COMMON_OR_ORDINARY,"[""SHARE_CLASS_ALLOCATION_UNRESOLVED""]",[],True,5,5,True,5,0,False,4,3,3,0,0,"{""CURRENTLY_ISSUED_COMPONENT_UNRESOLVED"": 47}","{""document_mentions_class_a_and_b"": false, ""explicit_current_acquirable_columns"": false, ""numeric_component_decomposition"": false, ""option_or_acquirable_language"": true}","[""TRUE_EVIDENCE_GAP_OR_CORRECT_FAIL_CLOSED_REVIEW""]",TRUE_EVIDENCE_GAP_OR_CORRECT_FAIL_CLOSED_REVIEW,C:/TSIS_Data/runtime/sec_pit_100_case_resolution_v0_13/runs/sec_pit_100_case_resolution_v0_13_20260812T2127Z__owner__bned/final_manifest.json,c1561d29901089ab97bf6e943c615fa19aa094b403d199a6e3b1a404bbd25cf1,C:/TSIS_Data/runtime/sec_pit_100_case_scale_gate_v0_1/bounded_probe_authorized_v0_4_20260812T0530Z/owner_case_configs__sec_pit_100_case_resolution_v0_13_20260812T2127Z/bned.json,c5f5535a7ed938a615839e2a0843a9c47338bd350bd32c5b118b478b802526fa
BWAQ,sec_pit_100_case_resolution_v0_13_20260812T2127Z__owner__bwaq,cik_ticker:0001878074:BWAQ,,COMMON_STOCK_CLASS_CANDIDATE,COMMON_STOCK_CLASS_CANDIDATE,"[""SHARE_CLASS_ALLOCATION_UNRESOLVED""]",[],True,5,0,False,5,0,False,4,0,4,0,0,"{""MULTI_CLASS_ALLOCATION_REQUIRED"": 34}","{""document_mentions_class_a_and_b"": true, ""explicit_current_acquirable_columns"": false, ""numeric_component_decomposition"": false, ""option_or_acquirable_language"": true}","[""EXPLICIT_MULTI_CLASS_COMPONENT_EVIDENCE"",""OWNERSHIP_MEASUREMENT_DATE_RECOVERY""]",TRUE_MULTI_CLASS_EVIDENCE_REQUIRED,C:/TSIS_Data/runtime/sec_pit_100_case_resolution_v0_13/runs/sec_pit_100_case_resolution_v0_13_20260812T2127Z__owner__bwaq/final_manifest.json,756284871cc09f3b70934583946d9fcd54e6caa73a3e888fab4561fff2ded344,C:/TSIS_Data/runtime/sec_pit_100_case_scale_gate_v0_1/bounded_probe_authorized_v0_4_20260812T0530Z/owner_case_configs__sec_pit_100_case_resolution_v0_13_20260812T2127Z/bwaq.json,721ea29e96ff583aefcb9e2a372f8572b23a0a70dce704c2d82040361654c03d
CDAQ,sec_pit_100_case_resolution_v0_13_20260812T2127Z__owner__cdaq,cik_ticker:0001851909:CDAQ,,Class A Ordinary Shares,CLASS_A_ORDINARY,"[""HOLDER_OVERLAP_UNRESOLVED"",""SHARE_CLASS_ALLOCATION_UNRESOLVED""]","[""HOLDER_OVERLAP_UNRESOLVED""]",False,5,0,False,5,0,False,4,4,4,0,0,"{""MULTI_CLASS_ALLOCATION_REQUIRED"": 45}","{""document_mentions_class_a_and_b"": true, ""explicit_current_acquirable_columns"": false, ""numeric_component_decomposition"": false, ""option_or_acquirable_language"": true}","[""EXPLICIT_MULTI_CLASS_COMPONENT_EVIDENCE""]",MIXED_BLOCKERS,C:/TSIS_Data/runtime/sec_pit_100_case_resolution_v0_13/runs/sec_pit_100_case_resolution_v0_13_20260812T2127Z__owner__cdaq/final_manifest.json,8e1147fb7935b0efb9121ece68c46250569e8c574deceeceb7938eb3758d9a8c,C:/TSIS_Data/runtime/sec_pit_100_case_scale_gate_v0_1/bounded_probe_authorized_v0_4_20260812T0530Z/owner_case_configs__sec_pit_100_case_resolution_v0_13_20260812T2127Z/cdaq.json,e44ece8341461b0a187090820f2e73948862844e65e829669abfec9b8391b9c6
CORR,sec_pit_100_case_resolution_v0_13_20260812T2127Z__owner__corr,figi_share_class:BBG001SM2S77,BBG001SM2S77,Class B Common Stock,CLASS_B_COMMON,"[""SHARE_CLASS_ALLOCATION_UNRESOLVED""]",[],True,5,0,False,5,0,False,4,0,2,0,16,"{""NO_MULTI_CLASS_CONFLICT_IDENTIFIED"": 16}","{""document_mentions_class_a_and_b"": true, ""explicit_current_acquirable_columns"": false, ""numeric_component_decomposition"": false, ""option_or_acquirable_language"": true}","[""OWNERSHIP_MEASUREMENT_DATE_RECOVERY"",""SINGLE_TABLE_TO_NUMBERED_TARGET_CLASS_BRIDGE""]",GENERIC_SINGLE_TABLE_CLASS_BRIDGE_CANDIDATE,C:/TSIS_Data/runtime/sec_pit_100_case_resolution_v0_13/runs/sec_pit_100_case_resolution_v0_13_20260812T2127Z__owner__corr/final_manifest.json,18319b3f257407c061eb89092cce30f37130997613c36e97195f5d61dcddf04b,C:/TSIS_Data/runtime/sec_pit_100_case_scale_gate_v0_1/bounded_probe_authorized_v0_4_20260812T0530Z/owner_case_configs__sec_pit_100_case_resolution_v0_13_20260812T2127Z/corr.json,18f81bef36e2f1b2a478279e610e83d8866cb678f67c1df1341660d5784fc032
CPTK,sec_pit_100_case_resolution_v0_13_20260812T2127Z__owner__cptk,cik_ticker:0001827899:CPTK,,Class A Ordinary Shares,CLASS_A_ORDINARY,"[""SHARE_CLASS_ALLOCATION_UNRESOLVED""]",[],True,5,0,False,5,0,False,4,3,4,0,0,"{""MULTI_CLASS_ALLOCATION_REQUIRED"": 34}","{""document_mentions_class_a_and_b"": true, ""explicit_current_acquirable_columns"": false, ""numeric_component_decomposition"": false, ""option_or_acquirable_language"": true}","[""EXPLICIT_MULTI_CLASS_COMPONENT_EVIDENCE"",""OWNERSHIP_MEASUREMENT_DATE_RECOVERY""]",TRUE_MULTI_CLASS_EVIDENCE_REQUIRED,C:/TSIS_Data/runtime/sec_pit_100_case_resolution_v0_13/runs/sec_pit_100_case_resolution_v0_13_20260812T2127Z__owner__cptk/final_manifest.json,489203cbe895b04c64327cfe3931966a9f70a675cff1ee0b6db5f051ce6e1e1a,C:/TSIS_Data/runtime/sec_pit_100_case_scale_gate_v0_1/bounded_probe_authorized_v0_4_20260812T0530Z/owner_case_configs__sec_pit_100_case_resolution_v0_13_20260812T2127Z/cptk.json,3d7af93dee4bd49f32afad00c77b59bb08bb22228593be6e59adf3281a4c6550
DOMH,sec_pit_100_case_resolution_v0_13_20260812T2127Z__owner__domh,figi_share_class:BBG001S9BVW1,BBG001S9BVW1,Common Stock,UNNUMBERED_COMMON_OR_ORDINARY,"[""SHARE_CLASS_ALLOCATION_UNRESOLVED""]",[],True,5,5,True,5,0,False,4,2,4,0,0,"{""CURRENTLY_ISSUED_COMPONENT_UNRESOLVED"": 69}","{""document_mentions_class_a_and_b"": false, ""explicit_current_acquirable_columns"": false, ""numeric_component_decomposition"": true, ""option_or_acquirable_language"": true}","[""NUMERIC_FOOTNOTE_COMPONENT_DECOMPOSITION"",""OWNERSHIP_MEASUREMENT_DATE_RECOVERY""]",GENERIC_FOOTNOTE_COMPONENT_RECOVERY_CANDIDATE,C:/TSIS_Data/runtime/sec_pit_100_case_resolution_v0_13/runs/sec_pit_100_case_resolution_v0_13_20260812T2127Z__owner__domh/final_manifest.json,d9d61bb5c79dbc6ee788ffa36948cbc6834fc96ca5c15db0ae34dd13647fa527,C:/TSIS_Data/runtime/sec_pit_100_case_scale_gate_v0_1/bounded_probe_authorized_v0_4_20260812T0530Z/owner_case_configs__sec_pit_100_case_resolution_v0_13_20260812T2127Z/domh.json,ebdf4e72a61411ed76e377d486924cf181be043b7135fdfa579249c25ba5e642
FORL,sec_pit_100_case_resolution_v0_13_20260812T2127Z__owner__forl,figi_share_class:BBG019M65D98,BBG019M65D98,Class A Common Stock,CLASS_A_COMMON,"[""SHARE_CLASS_ALLOCATION_UNRESOLVED""]",[],True,5,5,True,5,0,False,4,4,4,0,42,"{""NO_MULTI_CLASS_CONFLICT_IDENTIFIED"": 42}","{""document_mentions_class_a_and_b"": true, ""explicit_current_acquirable_columns"": false, ""numeric_component_decomposition"": false, ""option_or_acquirable_language"": true}","[""SINGLE_TABLE_TO_NUMBERED_TARGET_CLASS_BRIDGE""]",GENERIC_SINGLE_TABLE_CLASS_BRIDGE_CANDIDATE,C:/TSIS_Data/runtime/sec_pit_100_case_resolution_v0_13/runs/sec_pit_100_case_resolution_v0_13_20260812T2127Z__owner__forl/final_manifest.json,557900f055638609ccb1561ace8f83e80af15bdc3d1812edb2dda6dfd31481cd,C:/TSIS_Data/runtime/sec_pit_100_case_scale_gate_v0_1/bounded_probe_authorized_v0_4_20260812T0530Z/owner_case_configs__sec_pit_100_case_resolution_v0_13_20260812T2127Z/forl.json,676912034d418c8598ed0ecbe787052e2e28f4d20bc595d865b5362ed7bced50
GPUS,sec_pit_100_case_resolution_v0_13_20260812T2127Z__owner__gpus,figi_share_class:BBG00JMZD5D6,BBG00JMZD5D6,Class A Common Stock,CLASS_A_COMMON,"[""SHARE_CLASS_ALLOCATION_UNRESOLVED""]",[],True,5,0,False,5,0,False,4,4,4,0,45,"{""NO_MULTI_CLASS_CONFLICT_IDENTIFIED"": 45}","{""document_mentions_class_a_and_b"": true, ""explicit_current_acquirable_columns"": false, ""numeric_component_decomposition"": false, ""option_or_acquirable_language"": true}","[""SINGLE_TABLE_TO_NUMBERED_TARGET_CLASS_BRIDGE""]",GENERIC_SINGLE_TABLE_CLASS_BRIDGE_CANDIDATE,C:/TSIS_Data/runtime/sec_pit_100_case_resolution_v0_13/runs/sec_pit_100_case_resolution_v0_13_20260812T2127Z__owner__gpus/final_manifest.json,9512c5db658c30e82b16abae012895e5108bbf7f623b57bd7bd3b81e479af30d,C:/TSIS_Data/runtime/sec_pit_100_case_scale_gate_v0_1/bounded_probe_authorized_v0_4_20260812T0530Z/owner_case_configs__sec_pit_100_case_resolution_v0_13_20260812T2127Z/gpus.json,586745623ff05cdc4b95105c1a35eb2d6e4795c3aa4d56bcdb5b20fced9f7a36
HEPA,sec_pit_100_case_resolution_v0_13_20260812T2127Z__owner__hepa,figi_share_class:BBG005Y0S0K7,BBG005Y0S0K7,Common Stock,UNNUMBERED_COMMON_OR_ORDINARY,"[""SHARE_CLASS_ALLOCATION_UNRESOLVED""]",[],True,5,0,False,5,0,False,4,1,3,0,0,"{""CURRENTLY_ISSUED_COMPONENT_UNRESOLVED"": 17}","{""document_mentions_class_a_and_b"": false, ""explicit_current_acquirable_columns"": false, ""numeric_component_decomposition"": true, ""option_or_acquirable_language"": true}","[""NUMERIC_FOOTNOTE_COMPONENT_DECOMPOSITION"",""OWNERSHIP_MEASUREMENT_DATE_RECOVERY""]",GENERIC_FOOTNOTE_COMPONENT_RECOVERY_CANDIDATE,C:/TSIS_Data/runtime/sec_pit_100_case_resolution_v0_13/runs/sec_pit_100_case_resolution_v0_13_20260812T2127Z__owner__hepa/final_manifest.json,97d343c88697d2dddf46cf9d4e12e8954a0824c6629317f239f510674b450a7e,C:/TSIS_Data/runtime/sec_pit_100_case_scale_gate_v0_1/bounded_probe_authorized_v0_4_20260812T0530Z/owner_case_configs__sec_pit_100_case_resolution_v0_13_20260812T2127Z/hepa.json,a7a8631c8d41ca5f1cfb3317d6256ebd041aca882393b435924d253e1c0c4b51
IDR,sec_pit_100_case_resolution_v0_13_20260812T2127Z__owner__idr,figi_share_class:BBG001SBCW53,BBG001SBCW53,Common Stock,UNNUMBERED_COMMON_OR_ORDINARY,"[""INSTRUMENT_INTERVAL_CONFLICT"",""SHARE_CLASS_ALLOCATION_UNRESOLVED""]","[""INSTRUMENT_INTERVAL_CONFLICT""]",False,5,5,True,5,0,False,4,0,4,0,2,"{""CURRENTLY_ISSUED_COMPONENT_UNRESOLVED"": 24, ""NO_MULTI_CLASS_CONFLICT_IDENTIFIED"": 2}","{""document_mentions_class_a_and_b"": false, ""explicit_current_acquirable_columns"": false, ""numeric_component_decomposition"": true, ""option_or_acquirable_language"": true}","[""MANAGEMENT_BASELINE_EXTRACTION"",""NUMERIC_FOOTNOTE_COMPONENT_DECOMPOSITION""]",MIXED_BLOCKERS,C:/TSIS_Data/runtime/sec_pit_100_case_resolution_v0_13/runs/sec_pit_100_case_resolution_v0_13_20260812T2127Z__owner__idr/final_manifest.json,86e9aa818547e7f4ae62352e83eadf92704effe7e0bb20accbeb591d3c4d4064,C:/TSIS_Data/runtime/sec_pit_100_case_scale_gate_v0_1/bounded_probe_authorized_v0_4_20260812T0530Z/owner_case_configs__sec_pit_100_case_resolution_v0_13_20260812T2127Z/idr.json,22d788733788b1ca36afff055b9e6265382d281025fb0d3031a9a0092b88dc63
IPXX,sec_pit_100_case_resolution_v0_13_20260812T2127Z__owner__ipxx,cik_ticker:0001970622:IPXX,,COMMON_STOCK_CLASS_CANDIDATE,COMMON_STOCK_CLASS_CANDIDATE,"[""INSTRUMENT_INTERVAL_CONFLICT"",""SHARE_CLASS_ALLOCATION_UNRESOLVED""]","[""INSTRUMENT_INTERVAL_CONFLICT""]",False,5,0,False,5,0,False,2,2,2,0,0,"{""MULTI_CLASS_ALLOCATION_REQUIRED"": 12}","{""document_mentions_class_a_and_b"": true, ""explicit_current_acquirable_columns"": false, ""numeric_component_decomposition"": false, ""option_or_acquirable_language"": true}","[""EXPLICIT_MULTI_CLASS_COMPONENT_EVIDENCE""]",MIXED_BLOCKERS,C:/TSIS_Data/runtime/sec_pit_100_case_resolution_v0_13/runs/sec_pit_100_case_resolution_v0_13_20260812T2127Z__owner__ipxx/final_manifest.json,095e4430e645adbf98b82f2d6fb314113dad976fc2b8a74db91b074092bec38a,C:/TSIS_Data/runtime/sec_pit_100_case_scale_gate_v0_1/bounded_probe_authorized_v0_4_20260812T0530Z/owner_case_configs__sec_pit_100_case_resolution_v0_13_20260812T2127Z/ipxx.json,317b30a9d96392ce7273b9de2cd3c442520dcfb58c98d75de8f9988953492516
MBI,sec_pit_100_case_resolution_v0_13_20260812T2127Z__owner__mbi,figi_share_class:BBG001S5T021,BBG001S5T021,Common Stock,UNNUMBERED_COMMON_OR_ORDINARY,"[""HOLDER_OVERLAP_UNRESOLVED"",""INSTRUMENT_INTERVAL_CONFLICT"",""SHARE_CLASS_ALLOCATION_UNRESOLVED""]","[""HOLDER_OVERLAP_UNRESOLVED"",""INSTRUMENT_INTERVAL_CONFLICT""]",False,5,5,True,5,0,False,4,2,2,0,6,"{""CURRENTLY_ISSUED_COMPONENT_UNRESOLVED"": 22, ""NO_MULTI_CLASS_CONFLICT_IDENTIFIED"": 6}","{""document_mentions_class_a_and_b"": false, ""explicit_current_acquirable_columns"": true, ""numeric_component_decomposition"": false, ""option_or_acquirable_language"": true}","[""EXPLICIT_CURRENT_ACQUIRABLE_COLUMN_PARSER""]",MIXED_BLOCKERS,C:/TSIS_Data/runtime/sec_pit_100_case_resolution_v0_13/runs/sec_pit_100_case_resolution_v0_13_20260812T2127Z__owner__mbi/final_manifest.json,c5c4847694d5da03d7702b793bb42541f4fa88b50b4dc3dcafc1fa02d7d145d1,C:/TSIS_Data/runtime/sec_pit_100_case_scale_gate_v0_1/bounded_probe_authorized_v0_4_20260812T0530Z/owner_case_configs__sec_pit_100_case_resolution_v0_13_20260812T2127Z/mbi.json,b72e26fb4c12b406cd3f9124e2e50c22bbfac49ec863b2527f729d913e018815
MULN,sec_pit_100_case_resolution_v0_13_20260812T2127Z__owner__muln,figi_share_class:BBG003GMH366,BBG003GMH366,Common Stock,UNNUMBERED_COMMON_OR_ORDINARY,"[""SHARE_CLASS_ALLOCATION_UNRESOLVED""]",[],True,5,5,True,5,0,False,4,4,4,0,0,"{""CURRENTLY_ISSUED_COMPONENT_UNRESOLVED"": 43}","{""document_mentions_class_a_and_b"": false, ""explicit_current_acquirable_columns"": false, ""numeric_component_decomposition"": false, ""option_or_acquirable_language"": true}","[""TRUE_EVIDENCE_GAP_OR_CORRECT_FAIL_CLOSED_REVIEW""]",TRUE_EVIDENCE_GAP_OR_CORRECT_FAIL_CLOSED_REVIEW,C:/TSIS_Data/runtime/sec_pit_100_case_resolution_v0_13/runs/sec_pit_100_case_resolution_v0_13_20260812T2127Z__owner__muln/final_manifest.json,2aa5f94a3bf45cd365f732964d6d034d43a9ad66716810d244ad50ad82ee1b6e,C:/TSIS_Data/runtime/sec_pit_100_case_scale_gate_v0_1/bounded_probe_authorized_v0_4_20260812T0530Z/owner_case_configs__sec_pit_100_case_resolution_v0_13_20260812T2127Z/muln.json,6ace543336b3ea33213b0c252ed46939beaba30fcf19b15ca6a4c00589f0f452
NIVF,sec_pit_100_case_resolution_v0_13_20260812T2127Z__owner__nivf,cik_ticker:0001981662:NIVF,,Class A Ordinary Shares,CLASS_A_ORDINARY,"[""SHARE_CLASS_ALLOCATION_UNRESOLVED""]",[],True,5,0,False,5,0,False,2,1,1,0,0,"{""MULTI_CLASS_ALLOCATION_REQUIRED"": 4}","{""document_mentions_class_a_and_b"": true, ""explicit_current_acquirable_columns"": false, ""numeric_component_decomposition"": false, ""option_or_acquirable_language"": true}","[""EXPLICIT_MULTI_CLASS_COMPONENT_EVIDENCE""]",TRUE_MULTI_CLASS_EVIDENCE_REQUIRED,C:/TSIS_Data/runtime/sec_pit_100_case_resolution_v0_13/runs/sec_pit_100_case_resolution_v0_13_20260812T2127Z__owner__nivf/final_manifest.json,0981234ffc0996d713a82d6f0987a391a49b61095b0cad29d4a68d6b44b1de06,C:/TSIS_Data/runtime/sec_pit_100_case_scale_gate_v0_1/bounded_probe_authorized_v0_4_20260812T0530Z/owner_case_configs__sec_pit_100_case_resolution_v0_13_20260812T2127Z/nivf.json,881ac799804cc0595a9d9f489f0c9af9e2f727f94515d74974776a3dd2cf7ad6
OMCC,sec_pit_100_case_resolution_v0_13_20260812T2127Z__owner__omcc,figi_share_class:BBG001S8F5L8,BBG001S8F5L8,Common Stock,UNNUMBERED_COMMON_OR_ORDINARY,"[""HOLDER_OVERLAP_UNRESOLVED"",""SHARE_CLASS_ALLOCATION_UNRESOLVED""]","[""HOLDER_OVERLAP_UNRESOLVED""]",False,5,5,True,5,0,False,4,0,1,0,0,"{""CURRENTLY_ISSUED_COMPONENT_UNRESOLVED"": 13}","{""document_mentions_class_a_and_b"": false, ""explicit_current_acquirable_columns"": false, ""numeric_component_decomposition"": false, ""option_or_acquirable_language"": true}","[""OWNERSHIP_MEASUREMENT_DATE_RECOVERY""]",MIXED_BLOCKERS,C:/TSIS_Data/runtime/sec_pit_100_case_resolution_v0_13/runs/sec_pit_100_case_resolution_v0_13_20260812T2127Z__owner__omcc/final_manifest.json,10ce35b5220bc49974e1cb1802935fe5dba8291879e27a5b431b955ed24a9e08,C:/TSIS_Data/runtime/sec_pit_100_case_scale_gate_v0_1/bounded_probe_authorized_v0_4_20260812T0530Z/owner_case_configs__sec_pit_100_case_resolution_v0_13_20260812T2127Z/omcc.json,e7c2a0866be083d40e66140faad98b3a3a44fd97d33e388abab946c70c26c9c5
OSG,sec_pit_100_case_resolution_v0_13_20260812T2127Z__owner__osg,figi_share_class:BBG0071D5RR0,BBG0071D5RR0,COMMON_STOCK_CLASS_CANDIDATE,COMMON_STOCK_CLASS_CANDIDATE,"[""INSTRUMENT_INTERVAL_CONFLICT"",""SHARE_CLASS_ALLOCATION_UNRESOLVED""]","[""INSTRUMENT_INTERVAL_CONFLICT""]",False,5,0,False,5,0,False,4,0,2,0,0,"{""CURRENTLY_ISSUED_COMPONENT_UNRESOLVED"": 27}","{""document_mentions_class_a_and_b"": true, ""explicit_current_acquirable_columns"": false, ""numeric_component_decomposition"": true, ""option_or_acquirable_language"": true}","[""NUMERIC_FOOTNOTE_COMPONENT_DECOMPOSITION"",""OWNERSHIP_MEASUREMENT_DATE_RECOVERY""]",MIXED_BLOCKERS,C:/TSIS_Data/runtime/sec_pit_100_case_resolution_v0_13/runs/sec_pit_100_case_resolution_v0_13_20260812T2127Z__owner__osg/final_manifest.json,b9edc6259d120e5ed1aebe14edfa8814376fba1d274ec86e47494b1a111488d1,C:/TSIS_Data/runtime/sec_pit_100_case_scale_gate_v0_1/bounded_probe_authorized_v0_4_20260812T0530Z/owner_case_configs__sec_pit_100_case_resolution_v0_13_20260812T2127Z/osg.json,8319de538e0bf5631207d60cdb3c157c5fba3c131ac20e795089bd663def4a2b
SCON,sec_pit_100_case_resolution_v0_13_20260812T2127Z__owner__scon,figi_share_class:BBG001S76Y46,BBG001S76Y46,Common Stock,UNNUMBERED_COMMON_OR_ORDINARY,"[""SHARE_CLASS_ALLOCATION_UNRESOLVED""]",[],True,5,0,False,5,0,False,4,4,4,0,0,"{""CURRENTLY_ISSUED_COMPONENT_UNRESOLVED"": 37}","{""document_mentions_class_a_and_b"": true, ""explicit_current_acquirable_columns"": false, ""numeric_component_decomposition"": true, ""option_or_acquirable_language"": true}","[""NUMERIC_FOOTNOTE_COMPONENT_DECOMPOSITION""]",GENERIC_FOOTNOTE_COMPONENT_RECOVERY_CANDIDATE,C:/TSIS_Data/runtime/sec_pit_100_case_resolution_v0_13/runs/sec_pit_100_case_resolution_v0_13_20260812T2127Z__owner__scon/final_manifest.json,352d0ab355367ef317ed7f9e52c0502303ab0c0a71facda03242c42b214ab4dd,C:/TSIS_Data/runtime/sec_pit_100_case_scale_gate_v0_1/bounded_probe_authorized_v0_4_20260812T0530Z/owner_case_configs__sec_pit_100_case_resolution_v0_13_20260812T2127Z/scon.json,ea8d25c4cb1a3f75e850adff60cc41ed54b775ddd212eaea1a51933486edf310
SNES,sec_pit_100_case_resolution_v0_13_20260812T2127Z__owner__snes,figi_share_class:BBG002VBFQM8,BBG002VBFQM8,Common Stock,UNNUMBERED_COMMON_OR_ORDINARY,"[""SHARE_CLASS_ALLOCATION_UNRESOLVED""]",[],True,5,0,False,5,0,False,4,3,3,0,0,"{""CURRENTLY_ISSUED_COMPONENT_UNRESOLVED"": 28}","{""document_mentions_class_a_and_b"": false, ""explicit_current_acquirable_columns"": true, ""numeric_component_decomposition"": true, ""option_or_acquirable_language"": true}","[""EXPLICIT_CURRENT_ACQUIRABLE_COLUMN_PARSER"",""NUMERIC_FOOTNOTE_COMPONENT_DECOMPOSITION""]",GENERIC_EXPLICIT_COLUMN_RECOVERY_CANDIDATE,C:/TSIS_Data/runtime/sec_pit_100_case_resolution_v0_13/runs/sec_pit_100_case_resolution_v0_13_20260812T2127Z__owner__snes/final_manifest.json,28bb47acb1fc7141b232f9297aea8aee37bd5af2a42c60986e00e89cf765d9a7,C:/TSIS_Data/runtime/sec_pit_100_case_scale_gate_v0_1/bounded_probe_authorized_v0_4_20260812T0530Z/owner_case_configs__sec_pit_100_case_resolution_v0_13_20260812T2127Z/snes.json,ad622ff815e6db5c37d322e4edb056a8aefe3117a59119e97764ef3aaab3272c
SOFO,sec_pit_100_case_resolution_v0_13_20260812T2127Z__owner__sofo,figi_share_class:BBG001SDKNY8,BBG001SDKNY8,Common Stock,UNNUMBERED_COMMON_OR_ORDINARY,"[""SHARE_CLASS_ALLOCATION_UNRESOLVED""]",[],True,5,0,False,5,0,False,4,2,2,0,0,"{""CURRENTLY_ISSUED_COMPONENT_UNRESOLVED"": 20}","{""document_mentions_class_a_and_b"": false, ""explicit_current_acquirable_columns"": false, ""numeric_component_decomposition"": true, ""option_or_acquirable_language"": true}","[""NUMERIC_FOOTNOTE_COMPONENT_DECOMPOSITION""]",GENERIC_FOOTNOTE_COMPONENT_RECOVERY_CANDIDATE,C:/TSIS_Data/runtime/sec_pit_100_case_resolution_v0_13/runs/sec_pit_100_case_resolution_v0_13_20260812T2127Z__owner__sofo/final_manifest.json,4722357029c4c5305831f2375732b6c7259fc149a3e85c0c18b21be67049bed4,C:/TSIS_Data/runtime/sec_pit_100_case_scale_gate_v0_1/bounded_probe_authorized_v0_4_20260812T0530Z/owner_case_configs__sec_pit_100_case_resolution_v0_13_20260812T2127Z/sofo.json,b47b8fb5cd8d56d62205eaec779963858595640ce24a21edfcba9433fc25e0c4
TAOX,sec_pit_100_case_resolution_v0_13_20260812T2127Z__owner__taox,figi_share_class:BBG00YG4Q1N3,BBG00YG4Q1N3,Common Stock,UNNUMBERED_COMMON_OR_ORDINARY,"[""SHARE_CLASS_ALLOCATION_UNRESOLVED""]",[],True,5,5,True,5,0,False,2,2,2,0,0,"{""CURRENTLY_ISSUED_COMPONENT_UNRESOLVED"": 16}","{""document_mentions_class_a_and_b"": false, ""explicit_current_acquirable_columns"": false, ""numeric_component_decomposition"": true, ""option_or_acquirable_language"": true}","[""NUMERIC_FOOTNOTE_COMPONENT_DECOMPOSITION""]",GENERIC_FOOTNOTE_COMPONENT_RECOVERY_CANDIDATE,C:/TSIS_Data/runtime/sec_pit_100_case_resolution_v0_13/runs/sec_pit_100_case_resolution_v0_13_20260812T2127Z__owner__taox/final_manifest.json,ac15a8d4a86ec106f66c35bf0cbe787d0c486203d8d0f5704199203704b91fb3,C:/TSIS_Data/runtime/sec_pit_100_case_scale_gate_v0_1/bounded_probe_authorized_v0_4_20260812T0530Z/owner_case_configs__sec_pit_100_case_resolution_v0_13_20260812T2127Z/taox.json,f75158bd918b4d9d1e11ab16496b5c3c9464d1f27711ac47e775a04261698f10
TIRX,sec_pit_100_case_resolution_v0_13_20260812T2127Z__owner__tirx,cik_ticker:0001782941:TIRX,,Class A Ordinary Shares,CLASS_A_ORDINARY,"[""SHARE_CLASS_ALLOCATION_UNRESOLVED""]",[],True,5,5,True,5,0,False,1,1,1,0,0,"{""MULTI_CLASS_ALLOCATION_REQUIRED"": 4}","{""document_mentions_class_a_and_b"": true, ""explicit_current_acquirable_columns"": false, ""numeric_component_decomposition"": false, ""option_or_acquirable_language"": true}","[""EXPLICIT_MULTI_CLASS_COMPONENT_EVIDENCE""]",TRUE_MULTI_CLASS_EVIDENCE_REQUIRED,C:/TSIS_Data/runtime/sec_pit_100_case_resolution_v0_13/runs/sec_pit_100_case_resolution_v0_13_20260812T2127Z__owner__tirx/final_manifest.json,91ef83065f6f57a83dfef9ff0e486dcb86c2fd995aad31080862ce52ab5c2097,C:/TSIS_Data/runtime/sec_pit_100_case_scale_gate_v0_1/bounded_probe_authorized_v0_4_20260812T0530Z/owner_case_configs__sec_pit_100_case_resolution_v0_13_20260812T2127Z/tirx.json,fe2473ccddbbceda21f9dc871c0f30850047b8ffdb85bf9820ae34e4fe3c4be6
