ticker,ts_utc,date,year,month,o,h,l,c,v,vw,n,t,run_id,market_date,source
BBLG,2026-07-08T19:42:00Z,2026-07-08,2026,7,1.29,1.32,1.29,1.32,2091,1.3019320899091344,22,,das_cmdapi_live_20260708T193719Z,2026-07-08,das_tms_reconstructed_1m
BBLG,2026-07-08T19:43:00Z,2026-07-08,2026,7,1.31,1.3186,1.302,1.302,692,1.3098736994219655,6,,das_cmdapi_live_20260708T193719Z,2026-07-08,das_tms_reconstructed_1m
BBLG,2026-07-08T19:45:00Z,2026-07-08,2026,7,1.3099,1.3099,1.3099,1.3099,300,1.3099,1,,das_cmdapi_live_20260708T193719Z,2026-07-08,das_tms_reconstructed_1m
BBLG,2026-07-08T19:47:00Z,2026-07-08,2026,7,1.305,1.305,1.305,1.305,50,1.305,1,,das_cmdapi_live_20260708T193719Z,2026-07-08,das_tms_reconstructed_1m
BBLG,2026-07-08T19:50:00Z,2026-07-08,2026,7,1.31,1.31,1.3001,1.3001,250,1.3060399999999999,2,,das_cmdapi_live_20260708T193719Z,2026-07-08,das_tms_reconstructed_1m
BBLG,2026-07-08T19:55:00Z,2026-07-08,2026,7,1.31,1.31,1.29,1.29,7628,1.309792868379654,2,,das_cmdapi_live_20260708T193719Z,2026-07-08,das_tms_reconstructed_1m
BBLG,2026-07-08T19:58:00Z,2026-07-08,2026,7,1.32,1.32,1.32,1.32,407,1.32,6,,das_cmdapi_live_20260708T193719Z,2026-07-08,das_tms_reconstructed_1m
BBLG,2026-07-08T19:59:00Z,2026-07-08,2026,7,1.32,1.33,1.3,1.32,4602,1.307703172533681,21,,das_cmdapi_live_20260708T193719Z,2026-07-08,das_tms_reconstructed_1m
BBLG,2026-07-08T20:00:00Z,2026-07-08,2026,7,1.34,1.34,1.34,1.34,2980,1.34,2,,das_cmdapi_live_20260708T193719Z,2026-07-08,das_tms_reconstructed_1m
BBLG,2026-07-08T20:04:00Z,2026-07-08,2026,7,1.34,1.34,1.34,1.34,1,1.34,1,,das_cmdapi_live_20260708T193719Z,2026-07-08,das_tms_reconstructed_1m
BJDX,2026-07-08T19:45:00Z,2026-07-08,2026,7,1.31,1.31,1.29,1.3,128,1.306015625,4,,das_cmdapi_live_20260708T193719Z,2026-07-08,das_tms_reconstructed_1m
BJDX,2026-07-08T19:46:00Z,2026-07-08,2026,7,1.3,1.3,1.285,1.289,259,1.293825482625483,11,,das_cmdapi_live_20260708T193719Z,2026-07-08,das_tms_reconstructed_1m
BJDX,2026-07-08T19:47:00Z,2026-07-08,2026,7,1.285,1.29,1.2801,1.285,389,1.2869401028277634,8,,das_cmdapi_live_20260708T193719Z,2026-07-08,das_tms_reconstructed_1m
BJDX,2026-07-08T19:48:00Z,2026-07-08,2026,7,1.29,1.29,1.285,1.29,408,1.287549019607843,4,,das_cmdapi_live_20260708T193719Z,2026-07-08,das_tms_reconstructed_1m
BJDX,2026-07-08T19:49:00Z,2026-07-08,2026,7,1.29,1.29,1.28,1.2899,7930,1.2872778436317782,10,,das_cmdapi_live_20260708T193719Z,2026-07-08,das_tms_reconstructed_1m
BJDX,2026-07-08T19:50:00Z,2026-07-08,2026,7,1.285,1.29,1.2801,1.285,20965,1.289641268781302,13,,das_cmdapi_live_20260708T193719Z,2026-07-08,das_tms_reconstructed_1m
BJDX,2026-07-08T19:51:00Z,2026-07-08,2026,7,1.29,1.31,1.28,1.3,4658,1.2982851009016747,33,,das_cmdapi_live_20260708T193719Z,2026-07-08,das_tms_reconstructed_1m
BJDX,2026-07-08T19:52:00Z,2026-07-08,2026,7,1.29,1.3,1.29,1.3,350,1.2971142857142857,4,,das_cmdapi_live_20260708T193719Z,2026-07-08,das_tms_reconstructed_1m
BJDX,2026-07-08T19:53:00Z,2026-07-08,2026,7,1.2801,1.3,1.2801,1.3,1470,1.288995238095238,6,,das_cmdapi_live_20260708T193719Z,2026-07-08,das_tms_reconstructed_1m
BJDX,2026-07-08T19:54:00Z,2026-07-08,2026,7,1.29,1.31,1.2801,1.31,1891,1.2938402961396087,44,,das_cmdapi_live_20260708T193719Z,2026-07-08,das_tms_reconstructed_1m
BJDX,2026-07-08T19:55:00Z,2026-07-08,2026,7,1.3002,1.31,1.29,1.29,4150,1.301807253012048,40,,das_cmdapi_live_20260708T193719Z,2026-07-08,das_tms_reconstructed_1m
BJDX,2026-07-08T19:56:00Z,2026-07-08,2026,7,1.31,1.31,1.28,1.295,1061,1.2952639019792649,17,,das_cmdapi_live_20260708T193719Z,2026-07-08,das_tms_reconstructed_1m
BJDX,2026-07-08T19:57:00Z,2026-07-08,2026,7,1.3,1.31,1.24,1.2898,22338,1.2503222132688692,71,,das_cmdapi_live_20260708T193719Z,2026-07-08,das_tms_reconstructed_1m
BJDX,2026-07-08T19:58:00Z,2026-07-08,2026,7,1.3,1.32,1.28,1.32,20315,1.3070666994831406,140,,das_cmdapi_live_20260708T193719Z,2026-07-08,das_tms_reconstructed_1m
BJDX,2026-07-08T19:59:00Z,2026-07-08,2026,7,1.3102,1.32,1.3,1.31,3913,1.3102558139534883,29,,das_cmdapi_live_20260708T193719Z,2026-07-08,das_tms_reconstructed_1m
BJDX,2026-07-08T20:00:00Z,2026-07-08,2026,7,1.34,1.34,1.34,1.34,46696,1.34,2,,das_cmdapi_live_20260708T193719Z,2026-07-08,das_tms_reconstructed_1m
BJDX,2026-07-08T20:02:00Z,2026-07-08,2026,7,1.34,1.34,1.3101,1.3101,1501,1.3101199200532978,2,,das_cmdapi_live_20260708T193719Z,2026-07-08,das_tms_reconstructed_1m
BJDX,2026-07-08T20:03:00Z,2026-07-08,2026,7,1.3165,1.3165,1.31,1.31,349,1.3102461318051575,4,,das_cmdapi_live_20260708T193719Z,2026-07-08,das_tms_reconstructed_1m
BJDX,2026-07-08T20:04:00Z,2026-07-08,2026,7,1.3105,1.34,1.3105,1.34,365,1.3107424657534246,4,,das_cmdapi_live_20260708T193719Z,2026-07-08,das_tms_reconstructed_1m
BJDX,2026-07-08T20:06:00Z,2026-07-08,2026,7,1.33,1.33,1.32,1.32,794,1.3274811083123426,3,,das_cmdapi_live_20260708T193719Z,2026-07-08,das_tms_reconstructed_1m
BJDX,2026-07-08T20:07:00Z,2026-07-08,2026,7,1.31,1.31,1.31,1.31,50,1.31,1,,das_cmdapi_live_20260708T193719Z,2026-07-08,das_tms_reconstructed_1m
BTAI,2026-07-08T19:41:00Z,2026-07-08,2026,7,0.7952,0.7977,0.7952,0.7977,441,0.7954380952380953,5,,das_cmdapi_live_20260708T193719Z,2026-07-08,das_tms_reconstructed_1m
BTAI,2026-07-08T19:42:00Z,2026-07-08,2026,7,0.7979,0.7999,0.7965,0.7999,515,0.7973384466019418,6,,das_cmdapi_live_20260708T193719Z,2026-07-08,das_tms_reconstructed_1m
BTAI,2026-07-08T19:43:00Z,2026-07-08,2026,7,0.7995,0.7995,0.7995,0.7995,400,0.7995,1,,das_cmdapi_live_20260708T193719Z,2026-07-08,das_tms_reconstructed_1m
BTAI,2026-07-08T19:44:00Z,2026-07-08,2026,7,0.7991,0.7994,0.7991,0.7991,13917,0.7991044837249407,11,,das_cmdapi_live_20260708T193719Z,2026-07-08,das_tms_reconstructed_1m
BTAI,2026-07-08T19:45:00Z,2026-07-08,2026,7,0.7991,0.7992,0.79905,0.7991,5500,0.799085709090909,7,,das_cmdapi_live_20260708T193719Z,2026-07-08,das_tms_reconstructed_1m
BTAI,2026-07-08T19:46:00Z,2026-07-08,2026,7,0.79905,0.8,0.79905,0.8,7692,0.7992525481019241,58,,das_cmdapi_live_20260708T193719Z,2026-07-08,das_tms_reconstructed_1m
BTAI,2026-07-08T19:47:00Z,2026-07-08,2026,7,0.79915,0.8,0.79915,0.7993,3362,0.7994911951219512,17,,das_cmdapi_live_20260708T193719Z,2026-07-08,das_tms_reconstructed_1m
BTAI,2026-07-08T19:48:00Z,2026-07-08,2026,7,0.7996,0.7999,0.7993,0.7994,1952,0.7994924692622951,10,,das_cmdapi_live_20260708T193719Z,2026-07-08,das_tms_reconstructed_1m
BTAI,2026-07-08T19:49:00Z,2026-07-08,2026,7,0.8,0.8002,0.8,0.80005,15589,0.8000064179870422,10,,das_cmdapi_live_20260708T193719Z,2026-07-08,das_tms_reconstructed_1m
BTAI,2026-07-08T19:50:00Z,2026-07-08,2026,7,0.8001,0.8066,0.800064,0.80335,11316,0.8034092917992224,45,,das_cmdapi_live_20260708T193719Z,2026-07-08,das_tms_reconstructed_1m
BTAI,2026-07-08T19:51:00Z,2026-07-08,2026,7,0.8033,0.8033,0.8002,0.80045,41815,0.8019151702020805,23,,das_cmdapi_live_20260708T193719Z,2026-07-08,das_tms_reconstructed_1m
BTAI,2026-07-08T19:52:00Z,2026-07-08,2026,7,0.8004,0.8004,0.800301,0.8004,2926,0.800391459671907,15,,das_cmdapi_live_20260708T193719Z,2026-07-08,das_tms_reconstructed_1m
BTAI,2026-07-08T19:53:00Z,2026-07-08,2026,7,0.80035,0.8006,0.80035,0.8005,1632,0.8004142303921569,19,,das_cmdapi_live_20260708T193719Z,2026-07-08,das_tms_reconstructed_1m
BTAI,2026-07-08T19:54:00Z,2026-07-08,2026,7,0.8004,0.8006,0.8004,0.80055,4597,0.8005840385033719,32,,das_cmdapi_live_20260708T193719Z,2026-07-08,das_tms_reconstructed_1m
BTAI,2026-07-08T19:55:00Z,2026-07-08,2026,7,0.80055,0.8015,0.800501,0.801,1912,0.8007147881799163,25,,das_cmdapi_live_20260708T193719Z,2026-07-08,das_tms_reconstructed_1m
BTAI,2026-07-08T19:56:00Z,2026-07-08,2026,7,0.8022,0.8022,0.8006,0.80105,2664,0.8010331418918918,28,,das_cmdapi_live_20260708T193719Z,2026-07-08,das_tms_reconstructed_1m
BTAI,2026-07-08T19:57:00Z,2026-07-08,2026,7,0.8016,0.8025,0.8006,0.8025,3573,0.8020009829275119,36,,das_cmdapi_live_20260708T193719Z,2026-07-08,das_tms_reconstructed_1m
BTAI,2026-07-08T19:58:00Z,2026-07-08,2026,7,0.8025,0.806,0.8021,0.8023,7946,0.8029953309841429,53,,das_cmdapi_live_20260708T193719Z,2026-07-08,das_tms_reconstructed_1m
BTAI,2026-07-08T19:59:00Z,2026-07-08,2026,7,0.8025,0.8066,0.8021,0.8022,13906,0.8031881957428446,86,,das_cmdapi_live_20260708T193719Z,2026-07-08,das_tms_reconstructed_1m
BTAI,2026-07-08T20:00:00Z,2026-07-08,2026,7,0.8066,0.8117,0.8066,0.8117,1500,0.81034,3,,das_cmdapi_live_20260708T193719Z,2026-07-08,das_tms_reconstructed_1m
BTAI,2026-07-08T20:02:00Z,2026-07-08,2026,7,0.8215,0.8216,0.8215,0.8216,3,0.8215333333333333,2,,das_cmdapi_live_20260708T193719Z,2026-07-08,das_tms_reconstructed_1m
BTAI,2026-07-08T20:03:00Z,2026-07-08,2026,7,0.8279,0.8279,0.8279,0.8279,1000,0.8279,1,,das_cmdapi_live_20260708T193719Z,2026-07-08,das_tms_reconstructed_1m
BTAI,2026-07-08T20:05:00Z,2026-07-08,2026,7,0.8066,0.8066,0.8066,0.8066,14,0.8066000000000001,1,,das_cmdapi_live_20260708T193719Z,2026-07-08,das_tms_reconstructed_1m
CLRO,2026-07-08T19:44:00Z,2026-07-08,2026,7,10.19,10.19,10.11,10.11,230,10.160826086956522,11,,das_cmdapi_live_20260708T193719Z,2026-07-08,das_tms_reconstructed_1m
CLRO,2026-07-08T19:45:00Z,2026-07-08,2026,7,10.18,10.25,10.1001,10.1798,7643,10.192903846657071,47,,das_cmdapi_live_20260708T193719Z,2026-07-08,das_tms_reconstructed_1m
CLRO,2026-07-08T19:46:00Z,2026-07-08,2026,7,10.225,10.34,10.18,10.2,4001,10.281403474131467,47,,das_cmdapi_live_20260708T193719Z,2026-07-08,das_tms_reconstructed_1m
CLRO,2026-07-08T19:47:00Z,2026-07-08,2026,7,10.27,10.34,10.15,10.28,2844,10.289110724331927,35,,das_cmdapi_live_20260708T193719Z,2026-07-08,das_tms_reconstructed_1m
CLRO,2026-07-08T19:48:00Z,2026-07-08,2026,7,10.28,10.3,9.9001,10.1,7564,10.087350211528292,106,,das_cmdapi_live_20260708T193719Z,2026-07-08,das_tms_reconstructed_1m
CLRO,2026-07-08T19:49:00Z,2026-07-08,2026,7,10.1,10.3,10.0005,10.1,1635,10.103804464831805,25,,das_cmdapi_live_20260708T193719Z,2026-07-08,das_tms_reconstructed_1m
CLRO,2026-07-08T19:50:00Z,2026-07-08,2026,7,10.2,10.2,9.95,10.02,2780,10.021278021582734,72,,das_cmdapi_live_20260708T193719Z,2026-07-08,das_tms_reconstructed_1m
CLRO,2026-07-08T19:51:00Z,2026-07-08,2026,7,10.06,10.15,9.9,9.98,7615,10.039290492449112,88,,das_cmdapi_live_20260708T193719Z,2026-07-08,das_tms_reconstructed_1m
CLRO,2026-07-08T19:52:00Z,2026-07-08,2026,7,10.04,10.1,9.98,10.06,3892,10.014326490236382,97,,das_cmdapi_live_20260708T193719Z,2026-07-08,das_tms_reconstructed_1m
CLRO,2026-07-08T19:53:00Z,2026-07-08,2026,7,10.005,10.0699,9.91,10.055,4816,10.01144449750831,102,,das_cmdapi_live_20260708T193719Z,2026-07-08,das_tms_reconstructed_1m
CLRO,2026-07-08T19:54:00Z,2026-07-08,2026,7,10.04,10.22,10.01,10.075,16546,10.099645328175994,107,,das_cmdapi_live_20260708T193719Z,2026-07-08,das_tms_reconstructed_1m
CLRO,2026-07-08T19:55:00Z,2026-07-08,2026,7,10.1,10.2,10.0653,10.2,2151,10.105384472338448,41,,das_cmdapi_live_20260708T193719Z,2026-07-08,das_tms_reconstructed_1m
CLRO,2026-07-08T19:56:00Z,2026-07-08,2026,7,10.13,10.28,10.12,10.24,2879,10.176388815560959,38,,das_cmdapi_live_20260708T193719Z,2026-07-08,das_tms_reconstructed_1m
CLRO,2026-07-08T19:57:00Z,2026-07-08,2026,7,10.27,10.5,10.27,10.4,11348,10.406845558688756,109,,das_cmdapi_live_20260708T193719Z,2026-07-08,das_tms_reconstructed_1m
CLRO,2026-07-08T19:58:00Z,2026-07-08,2026,7,10.42,10.45,10.18,10.43,15791,10.309923564055476,207,,das_cmdapi_live_20260708T193719Z,2026-07-08,das_tms_reconstructed_1m
CLRO,2026-07-08T19:59:00Z,2026-07-08,2026,7,10.33,10.4,10.2,10.28,8255,10.325311677771047,96,,das_cmdapi_live_20260708T193719Z,2026-07-08,das_tms_reconstructed_1m
CLRO,2026-07-08T20:00:00Z,2026-07-08,2026,7,10.2701,10.35,10.0,10.15,1148,10.142439024390244,26,,das_cmdapi_live_20260708T193719Z,2026-07-08,das_tms_reconstructed_1m
CLRO,2026-07-08T20:01:00Z,2026-07-08,2026,7,10.13,10.35,10.0,10.14,1943,10.1915526505404,39,,das_cmdapi_live_20260708T193719Z,2026-07-08,das_tms_reconstructed_1m
CLRO,2026-07-08T20:02:00Z,2026-07-08,2026,7,10.1496,10.34,10.13,10.18,1591,10.173500942803269,33,,das_cmdapi_live_20260708T193719Z,2026-07-08,das_tms_reconstructed_1m
CLRO,2026-07-08T20:03:00Z,2026-07-08,2026,7,10.25,10.34,10.01,10.08,2751,10.171217739004,62,,das_cmdapi_live_20260708T193719Z,2026-07-08,das_tms_reconstructed_1m
CLRO,2026-07-08T20:04:00Z,2026-07-08,2026,7,10.16,10.34,10.112,10.16,664,10.205481927710842,12,,das_cmdapi_live_20260708T193719Z,2026-07-08,das_tms_reconstructed_1m
CLRO,2026-07-08T20:05:00Z,2026-07-08,2026,7,10.16,10.33,10.12,10.32,1567,10.201454179961711,36,,das_cmdapi_live_20260708T193719Z,2026-07-08,das_tms_reconstructed_1m
CLRO,2026-07-08T20:06:00Z,2026-07-08,2026,7,10.1656,10.31,10.1656,10.25,451,10.274869844789357,11,,das_cmdapi_live_20260708T193719Z,2026-07-08,das_tms_reconstructed_1m
CLRO,2026-07-08T20:07:00Z,2026-07-08,2026,7,10.26,10.3,10.26,10.3,24,10.261666666666667,3,,das_cmdapi_live_20260708T193719Z,2026-07-08,das_tms_reconstructed_1m
INLF,2026-07-08T19:43:00Z,2026-07-08,2026,7,3.9883,3.9883,3.9303,3.95,635,3.969886771653544,19,,das_cmdapi_live_20260708T193719Z,2026-07-08,das_tms_reconstructed_1m
INLF,2026-07-08T19:44:00Z,2026-07-08,2026,7,3.96,3.96,3.91,3.96,540,3.957774444444445,11,,das_cmdapi_live_20260708T193719Z,2026-07-08,das_tms_reconstructed_1m
INLF,2026-07-08T19:45:00Z,2026-07-08,2026,7,3.935,3.96,3.861,3.861,758,3.9167572559366763,13,,das_cmdapi_live_20260708T193719Z,2026-07-08,das_tms_reconstructed_1m
INLF,2026-07-08T19:46:00Z,2026-07-08,2026,7,3.92,3.9538,3.85,3.9538,1386,3.8790353535353534,18,,das_cmdapi_live_20260708T193719Z,2026-07-08,das_tms_reconstructed_1m
INLF,2026-07-08T19:47:00Z,2026-07-08,2026,7,3.8701,3.95,3.8701,3.95,514,3.8721877431906613,3,,das_cmdapi_live_20260708T193719Z,2026-07-08,das_tms_reconstructed_1m
INLF,2026-07-08T19:48:00Z,2026-07-08,2026,7,3.89,3.949,3.8712,3.91,235,3.915712340425532,9,,das_cmdapi_live_20260708T193719Z,2026-07-08,das_tms_reconstructed_1m
INLF,2026-07-08T19:49:00Z,2026-07-08,2026,7,3.8702,3.95,3.87,3.95,1319,3.9225034116755113,16,,das_cmdapi_live_20260708T193719Z,2026-07-08,das_tms_reconstructed_1m
INLF,2026-07-08T19:50:00Z,2026-07-08,2026,7,3.9699,3.9699,3.95,3.95,1148,3.9552003484320557,11,,das_cmdapi_live_20260708T193719Z,2026-07-08,das_tms_reconstructed_1m
INLF,2026-07-08T19:51:00Z,2026-07-08,2026,7,3.9505,3.9505,3.93,3.93,1110,3.9357036036036033,9,,das_cmdapi_live_20260708T193719Z,2026-07-08,das_tms_reconstructed_1m
INLF,2026-07-08T19:52:00Z,2026-07-08,2026,7,3.95,3.95,3.91,3.9142,631,3.9237675118858957,9,,das_cmdapi_live_20260708T193719Z,2026-07-08,das_tms_reconstructed_1m
INLF,2026-07-08T19:53:00Z,2026-07-08,2026,7,3.8929,3.91,3.8929,3.91,372,3.907883870967742,5,,das_cmdapi_live_20260708T193719Z,2026-07-08,das_tms_reconstructed_1m
INLF,2026-07-08T19:54:00Z,2026-07-08,2026,7,3.91,3.91,3.9,3.9022,22,3.9079363636363635,10,,das_cmdapi_live_20260708T193719Z,2026-07-08,das_tms_reconstructed_1m
INLF,2026-07-08T19:55:00Z,2026-07-08,2026,7,3.8956,3.95,3.8956,3.95,312,3.9089102564102562,14,,das_cmdapi_live_20260708T193719Z,2026-07-08,das_tms_reconstructed_1m
INLF,2026-07-08T19:56:00Z,2026-07-08,2026,7,3.915,3.94,3.89,3.93,334,3.924102994011976,17,,das_cmdapi_live_20260708T193719Z,2026-07-08,das_tms_reconstructed_1m
INLF,2026-07-08T19:57:00Z,2026-07-08,2026,7,3.915,3.93,3.9007,3.915,3299,3.9136817520460747,17,,das_cmdapi_live_20260708T193719Z,2026-07-08,das_tms_reconstructed_1m
INLF,2026-07-08T19:58:00Z,2026-07-08,2026,7,3.94,3.97,3.9,3.9699,2002,3.9326128871128874,27,,das_cmdapi_live_20260708T193719Z,2026-07-08,das_tms_reconstructed_1m
INLF,2026-07-08T19:59:00Z,2026-07-08,2026,7,3.9001,3.95,3.9,3.9298,1520,3.9293517763157895,20,,das_cmdapi_live_20260708T193719Z,2026-07-08,das_tms_reconstructed_1m
INLF,2026-07-08T20:00:00Z,2026-07-08,2026,7,3.9298,3.9298,3.92,3.92,202,3.92970297029703,2,,das_cmdapi_live_20260708T193719Z,2026-07-08,das_tms_reconstructed_1m
INLF,2026-07-08T20:01:00Z,2026-07-08,2026,7,3.93,4.01,3.91,3.98,191,3.9314659685863873,10,,das_cmdapi_live_20260708T193719Z,2026-07-08,das_tms_reconstructed_1m
INLF,2026-07-08T20:02:00Z,2026-07-08,2026,7,3.98,3.98,3.98,3.98,36,3.98,2,,das_cmdapi_live_20260708T193719Z,2026-07-08,das_tms_reconstructed_1m
INLF,2026-07-08T20:03:00Z,2026-07-08,2026,7,3.9,3.96,3.86,3.96,189,3.8744973544973544,5,,das_cmdapi_live_20260708T193719Z,2026-07-08,das_tms_reconstructed_1m
INLF,2026-07-08T20:04:00Z,2026-07-08,2026,7,3.9143,3.945,3.9,3.9,444,3.9075324324324323,15,,das_cmdapi_live_20260708T193719Z,2026-07-08,das_tms_reconstructed_1m
INLF,2026-07-08T20:05:00Z,2026-07-08,2026,7,3.9,3.9,3.9,3.9,9,3.9000000000000004,1,,das_cmdapi_live_20260708T193719Z,2026-07-08,das_tms_reconstructed_1m
INLF,2026-07-08T20:06:00Z,2026-07-08,2026,7,3.91,3.95,3.91,3.95,73,3.943972602739726,3,,das_cmdapi_live_20260708T193719Z,2026-07-08,das_tms_reconstructed_1m
INLF,2026-07-08T20:07:00Z,2026-07-08,2026,7,3.94,3.945,3.91,3.9191,1082,3.916534195933456,4,,das_cmdapi_live_20260708T193719Z,2026-07-08,das_tms_reconstructed_1m
JEM,2026-07-08T19:47:00Z,2026-07-08,2026,7,1.165,1.17,1.16,1.165,1413,1.1647977353149328,28,,das_cmdapi_live_20260708T193719Z,2026-07-08,das_tms_reconstructed_1m
JEM,2026-07-08T19:48:00Z,2026-07-08,2026,7,1.165,1.17,1.16,1.165,2496,1.1644320913461537,24,,das_cmdapi_live_20260708T193719Z,2026-07-08,das_tms_reconstructed_1m
JEM,2026-07-08T19:49:00Z,2026-07-08,2026,7,1.16,1.16,1.13,1.145,10155,1.156027572624323,48,,das_cmdapi_live_20260708T193719Z,2026-07-08,das_tms_reconstructed_1m
JEM,2026-07-08T19:50:00Z,2026-07-08,2026,7,1.13,1.16,1.13,1.13,5849,1.1479188237305522,37,,das_cmdapi_live_20260708T193719Z,2026-07-08,das_tms_reconstructed_1m
JEM,2026-07-08T19:51:00Z,2026-07-08,2026,7,1.14,1.15,1.13,1.135,8659,1.1352779882203485,53,,das_cmdapi_live_20260708T193719Z,2026-07-08,das_tms_reconstructed_1m
JEM,2026-07-08T19:52:00Z,2026-07-08,2026,7,1.135,1.135,1.11,1.12,13841,1.124377747272596,75,,das_cmdapi_live_20260708T193719Z,2026-07-08,das_tms_reconstructed_1m
JEM,2026-07-08T19:53:00Z,2026-07-08,2026,7,1.125,1.14,1.12,1.13,5693,1.1221763569295624,34,,das_cmdapi_live_20260708T193719Z,2026-07-08,das_tms_reconstructed_1m
JEM,2026-07-08T19:54:00Z,2026-07-08,2026,7,1.125,1.14,1.12,1.135,9244,1.1297448615318044,66,,das_cmdapi_live_20260708T193719Z,2026-07-08,das_tms_reconstructed_1m
JEM,2026-07-08T19:55:00Z,2026-07-08,2026,7,1.1313,1.16,1.1313,1.15,13628,1.1515701717053126,71,,das_cmdapi_live_20260708T193719Z,2026-07-08,das_tms_reconstructed_1m
JEM,2026-07-08T19:56:00Z,2026-07-08,2026,7,1.14,1.15,1.14,1.15,1173,1.1431202046035804,16,,das_cmdapi_live_20260708T193719Z,2026-07-08,das_tms_reconstructed_1m
JEM,2026-07-08T19:57:00Z,2026-07-08,2026,7,1.14,1.1599,1.14,1.14,1082,1.1407485212569315,16,,das_cmdapi_live_20260708T193719Z,2026-07-08,das_tms_reconstructed_1m
JEM,2026-07-08T19:58:00Z,2026-07-08,2026,7,1.15,1.1521,1.13,1.15,12873,1.1358042025945776,48,,das_cmdapi_live_20260708T193719Z,2026-07-08,das_tms_reconstructed_1m
JEM,2026-07-08T19:59:00Z,2026-07-08,2026,7,1.16,1.16,1.14,1.15,11460,1.1487866492146594,70,,das_cmdapi_live_20260708T193719Z,2026-07-08,das_tms_reconstructed_1m
JEM,2026-07-08T20:00:00Z,2026-07-08,2026,7,1.17,1.17,1.15,1.16,1992,1.1589959839357429,18,,das_cmdapi_live_20260708T193719Z,2026-07-08,das_tms_reconstructed_1m
JEM,2026-07-08T20:01:00Z,2026-07-08,2026,7,1.16,1.16,1.14,1.14,2496,1.1540504807692307,9,,das_cmdapi_live_20260708T193719Z,2026-07-08,das_tms_reconstructed_1m
JEM,2026-07-08T20:02:00Z,2026-07-08,2026,7,1.145,1.15,1.14,1.15,543,1.1418416206261508,13,,das_cmdapi_live_20260708T193719Z,2026-07-08,das_tms_reconstructed_1m
JEM,2026-07-08T20:03:00Z,2026-07-08,2026,7,1.14,1.14,1.12,1.12,1913,1.1352254573967588,13,,das_cmdapi_live_20260708T193719Z,2026-07-08,das_tms_reconstructed_1m
JEM,2026-07-08T20:04:00Z,2026-07-08,2026,7,1.12,1.17,1.11,1.17,1223,1.1177023712183158,9,,das_cmdapi_live_20260708T193719Z,2026-07-08,das_tms_reconstructed_1m
JEM,2026-07-08T20:05:00Z,2026-07-08,2026,7,1.12,1.13,1.12,1.13,752,1.1206648936170214,11,,das_cmdapi_live_20260708T193719Z,2026-07-08,das_tms_reconstructed_1m
JEM,2026-07-08T20:06:00Z,2026-07-08,2026,7,1.13,1.13,1.11,1.11,2706,1.1207513303769403,22,,das_cmdapi_live_20260708T193719Z,2026-07-08,das_tms_reconstructed_1m
JEM,2026-07-08T20:07:00Z,2026-07-08,2026,7,1.11,1.11,1.11,1.11,1327,1.11,3,,das_cmdapi_live_20260708T193719Z,2026-07-08,das_tms_reconstructed_1m
LHAI,2026-07-08T19:42:00Z,2026-07-08,2026,7,1.56,1.56,1.555,1.56,3716,1.5595990312163615,24,,das_cmdapi_live_20260708T193719Z,2026-07-08,das_tms_reconstructed_1m
LHAI,2026-07-08T19:43:00Z,2026-07-08,2026,7,1.5697,1.57,1.56,1.57,1616,1.5644779084158416,19,,das_cmdapi_live_20260708T193719Z,2026-07-08,das_tms_reconstructed_1m
LHAI,2026-07-08T19:44:00Z,2026-07-08,2026,7,1.5601,1.57,1.56,1.565,8605,1.5649550029052874,21,,das_cmdapi_live_20260708T193719Z,2026-07-08,das_tms_reconstructed_1m
LHAI,2026-07-08T19:45:00Z,2026-07-08,2026,7,1.565,1.57,1.555,1.555,7209,1.564532279095575,63,,das_cmdapi_live_20260708T193719Z,2026-07-08,das_tms_reconstructed_1m
LHAI,2026-07-08T19:46:00Z,2026-07-08,2026,7,1.56,1.59,1.55,1.5899,15704,1.5670597300050941,103,,das_cmdapi_live_20260708T193719Z,2026-07-08,das_tms_reconstructed_1m
LHAI,2026-07-08T19:47:00Z,2026-07-08,2026,7,1.58,1.59,1.5709,1.589,1354,1.5833125553914327,23,,das_cmdapi_live_20260708T193719Z,2026-07-08,das_tms_reconstructed_1m
LHAI,2026-07-08T19:48:00Z,2026-07-08,2026,7,1.5819,1.59,1.58,1.585,7119,1.5857498244135417,39,,das_cmdapi_live_20260708T193719Z,2026-07-08,das_tms_reconstructed_1m
LHAI,2026-07-08T19:49:00Z,2026-07-08,2026,7,1.6,1.61,1.58,1.5951,13679,1.5953213246582354,79,,das_cmdapi_live_20260708T193719Z,2026-07-08,das_tms_reconstructed_1m
LHAI,2026-07-08T19:50:00Z,2026-07-08,2026,7,1.585,1.61,1.585,1.6,21277,1.5996324481834845,61,,das_cmdapi_live_20260708T193719Z,2026-07-08,das_tms_reconstructed_1m
LHAI,2026-07-08T19:51:00Z,2026-07-08,2026,7,1.605,1.61,1.57,1.5809,26130,1.5829473899732114,71,,das_cmdapi_live_20260708T193719Z,2026-07-08,das_tms_reconstructed_1m
LHAI,2026-07-08T19:52:00Z,2026-07-08,2026,7,1.5882,1.59,1.57,1.585,13088,1.580234069376528,49,,das_cmdapi_live_20260708T193719Z,2026-07-08,das_tms_reconstructed_1m
LHAI,2026-07-08T19:53:00Z,2026-07-08,2026,7,1.5803,1.585,1.56,1.575,14930,1.5656663965170798,63,,das_cmdapi_live_20260708T193719Z,2026-07-08,das_tms_reconstructed_1m
LHAI,2026-07-08T19:54:00Z,2026-07-08,2026,7,1.575,1.58,1.57,1.58,5223,1.5727839172889142,31,,das_cmdapi_live_20260708T193719Z,2026-07-08,das_tms_reconstructed_1m
LHAI,2026-07-08T19:55:00Z,2026-07-08,2026,7,1.575,1.58,1.57,1.5713,16026,1.5755634094596283,43,,das_cmdapi_live_20260708T193719Z,2026-07-08,das_tms_reconstructed_1m
LHAI,2026-07-08T19:56:00Z,2026-07-08,2026,7,1.575,1.58,1.55,1.5599,23240,1.561777689328744,111,,das_cmdapi_live_20260708T193719Z,2026-07-08,das_tms_reconstructed_1m
LHAI,2026-07-08T19:57:00Z,2026-07-08,2026,7,1.555,1.56,1.545,1.55,26071,1.5513336082236966,63,,das_cmdapi_live_20260708T193719Z,2026-07-08,das_tms_reconstructed_1m
LHAI,2026-07-08T19:58:00Z,2026-07-08,2026,7,1.5403,1.55,1.54,1.545,19633,1.5424321092038913,137,,das_cmdapi_live_20260708T193719Z,2026-07-08,das_tms_reconstructed_1m
LHAI,2026-07-08T19:59:00Z,2026-07-08,2026,7,1.545,1.55,1.36,1.385,271265,1.4524947873850294,696,,das_cmdapi_live_20260708T193719Z,2026-07-08,das_tms_reconstructed_1m
LHAI,2026-07-08T20:00:00Z,2026-07-08,2026,7,1.46,1.46,1.38,1.42,17045,1.443525608682898,50,,das_cmdapi_live_20260708T193719Z,2026-07-08,das_tms_reconstructed_1m
LHAI,2026-07-08T20:01:00Z,2026-07-08,2026,7,1.42,1.46,1.41,1.46,11386,1.4251598190760584,70,,das_cmdapi_live_20260708T193719Z,2026-07-08,das_tms_reconstructed_1m
LHAI,2026-07-08T20:02:00Z,2026-07-08,2026,7,1.4699,1.47,1.45,1.4602,5127,1.4597948507899354,26,,das_cmdapi_live_20260708T193719Z,2026-07-08,das_tms_reconstructed_1m
LHAI,2026-07-08T20:03:00Z,2026-07-08,2026,7,1.4698,1.5074,1.46,1.49,17525,1.4779463281027105,57,,das_cmdapi_live_20260708T193719Z,2026-07-08,das_tms_reconstructed_1m
LHAI,2026-07-08T20:04:00Z,2026-07-08,2026,7,1.5,1.53,1.4903,1.53,11770,1.5114774426508073,72,,das_cmdapi_live_20260708T193719Z,2026-07-08,das_tms_reconstructed_1m
LHAI,2026-07-08T20:05:00Z,2026-07-08,2026,7,1.52,1.54,1.51,1.53,15716,1.5283959531687454,65,,das_cmdapi_live_20260708T193719Z,2026-07-08,das_tms_reconstructed_1m
LHAI,2026-07-08T20:06:00Z,2026-07-08,2026,7,1.5396,1.5396,1.49,1.495,5538,1.5106236366919463,40,,das_cmdapi_live_20260708T193719Z,2026-07-08,das_tms_reconstructed_1m
LHAI,2026-07-08T20:07:00Z,2026-07-08,2026,7,1.495,1.51,1.49,1.49,2550,1.499592156862745,10,,das_cmdapi_live_20260708T193719Z,2026-07-08,das_tms_reconstructed_1m
LUCY,2026-07-08T19:47:00Z,2026-07-08,2026,7,1.08,1.0899,1.08,1.0801,11242,1.0859741505070273,23,,das_cmdapi_live_20260708T193719Z,2026-07-08,das_tms_reconstructed_1m
LUCY,2026-07-08T19:48:00Z,2026-07-08,2026,7,1.085,1.0885,1.07,1.0799,91387,1.0805311028920963,422,,das_cmdapi_live_20260708T193719Z,2026-07-08,das_tms_reconstructed_1m
LUCY,2026-07-08T19:49:00Z,2026-07-08,2026,7,1.075,1.08,1.06,1.06,32438,1.0756059313151243,77,,das_cmdapi_live_20260708T193719Z,2026-07-08,das_tms_reconstructed_1m
LUCY,2026-07-08T19:50:00Z,2026-07-08,2026,7,1.0687,1.07,1.05,1.055,37946,1.0566122041848944,85,,das_cmdapi_live_20260708T193719Z,2026-07-08,das_tms_reconstructed_1m
LUCY,2026-07-08T19:51:00Z,2026-07-08,2026,7,1.055,1.06,1.05,1.055,15027,1.054511186530911,73,,das_cmdapi_live_20260708T193719Z,2026-07-08,das_tms_reconstructed_1m
LUCY,2026-07-08T19:52:00Z,2026-07-08,2026,7,1.055,1.08,1.0512,1.075,54796,1.0767148642236661,110,,das_cmdapi_live_20260708T193719Z,2026-07-08,das_tms_reconstructed_1m
LUCY,2026-07-08T19:53:00Z,2026-07-08,2026,7,1.0789,1.08,1.07,1.0789,13247,1.0753290254397223,50,,das_cmdapi_live_20260708T193719Z,2026-07-08,das_tms_reconstructed_1m
LUCY,2026-07-08T19:54:00Z,2026-07-08,2026,7,1.075,1.09,1.075,1.0886,58897,1.0857256294887687,157,,das_cmdapi_live_20260708T193719Z,2026-07-08,das_tms_reconstructed_1m
LUCY,2026-07-08T19:55:00Z,2026-07-08,2026,7,1.081,1.09,1.081,1.085,11599,1.0879115440986293,121,,das_cmdapi_live_20260708T193719Z,2026-07-08,das_tms_reconstructed_1m
LUCY,2026-07-08T19:56:00Z,2026-07-08,2026,7,1.0899,1.09,1.08,1.09,16681,1.084787308914334,83,,das_cmdapi_live_20260708T193719Z,2026-07-08,das_tms_reconstructed_1m
LUCY,2026-07-08T19:57:00Z,2026-07-08,2026,7,1.0801,1.1,1.0801,1.1,44619,1.0933813778883437,262,,das_cmdapi_live_20260708T193719Z,2026-07-08,das_tms_reconstructed_1m
LUCY,2026-07-08T19:58:00Z,2026-07-08,2026,7,1.1001,1.11,1.09,1.1,44545,1.0928292513188909,147,,das_cmdapi_live_20260708T193719Z,2026-07-08,das_tms_reconstructed_1m
LUCY,2026-07-08T19:59:00Z,2026-07-08,2026,7,1.1,1.1,1.09,1.09,26291,1.09468060553041,115,,das_cmdapi_live_20260708T193719Z,2026-07-08,das_tms_reconstructed_1m
LUCY,2026-07-08T20:00:00Z,2026-07-08,2026,7,1.07,1.1,1.07,1.0903,26281,1.0744697918648454,28,,das_cmdapi_live_20260708T193719Z,2026-07-08,das_tms_reconstructed_1m
LUCY,2026-07-08T20:01:00Z,2026-07-08,2026,7,1.1,1.1,1.09,1.0902,12057,1.0910691880235548,31,,das_cmdapi_live_20260708T193719Z,2026-07-08,das_tms_reconstructed_1m
LUCY,2026-07-08T20:02:00Z,2026-07-08,2026,7,1.0908,1.1,1.09,1.0903,10291,1.0937508891264212,23,,das_cmdapi_live_20260708T193719Z,2026-07-08,das_tms_reconstructed_1m
LUCY,2026-07-08T20:03:00Z,2026-07-08,2026,7,1.09,1.0905,1.09,1.09,6980,1.0900000716332379,12,,das_cmdapi_live_20260708T193719Z,2026-07-08,das_tms_reconstructed_1m
LUCY,2026-07-08T20:04:00Z,2026-07-08,2026,7,1.09,1.1,1.06,1.0699,52696,1.0823554899802643,112,,das_cmdapi_live_20260708T193719Z,2026-07-08,das_tms_reconstructed_1m
LUCY,2026-07-08T20:05:00Z,2026-07-08,2026,7,1.06,1.07,1.06,1.07,11264,1.0691052024147727,11,,das_cmdapi_live_20260708T193719Z,2026-07-08,das_tms_reconstructed_1m
LUCY,2026-07-08T20:06:00Z,2026-07-08,2026,7,1.0606,1.07,1.05,1.0501,13354,1.054837689081923,28,,das_cmdapi_live_20260708T193719Z,2026-07-08,das_tms_reconstructed_1m
LUCY,2026-07-08T20:07:00Z,2026-07-08,2026,7,1.07,1.07,1.05,1.0504,24211,1.051633720209822,15,,das_cmdapi_live_20260708T193719Z,2026-07-08,das_tms_reconstructed_1m
NVVE,2026-07-08T19:42:00Z,2026-07-08,2026,7,8.96,9.02,8.77,8.85,28285,8.865739048965883,263,,das_cmdapi_live_20260708T193719Z,2026-07-08,das_tms_reconstructed_1m
NVVE,2026-07-08T19:43:00Z,2026-07-08,2026,7,8.78,8.9399,8.5,8.66,50684,8.628405771052009,650,,das_cmdapi_live_20260708T193719Z,2026-07-08,das_tms_reconstructed_1m
NVVE,2026-07-08T19:44:00Z,2026-07-08,2026,7,8.605,8.79,8.35,8.6,63181,8.548459193428403,657,,das_cmdapi_live_20260708T193719Z,2026-07-08,das_tms_reconstructed_1m
NVVE,2026-07-08T19:45:00Z,2026-07-08,2026,7,8.64,8.83,8.58,8.765,35864,8.699655381440998,452,,das_cmdapi_live_20260708T193719Z,2026-07-08,das_tms_reconstructed_1m
NVVE,2026-07-08T19:46:00Z,2026-07-08,2026,7,8.79,8.8205,8.65,8.73,14724,8.731902451779407,241,,das_cmdapi_live_20260708T193719Z,2026-07-08,das_tms_reconstructed_1m
NVVE,2026-07-08T19:47:00Z,2026-07-08,2026,7,8.73,8.7951,8.68,8.6999,14571,8.735962933223528,228,,das_cmdapi_live_20260708T193719Z,2026-07-08,das_tms_reconstructed_1m
NVVE,2026-07-08T19:48:00Z,2026-07-08,2026,7,8.69,8.7797,8.371,8.43,41776,8.540664984680198,360,,das_cmdapi_live_20260708T193719Z,2026-07-08,das_tms_reconstructed_1m
NVVE,2026-07-08T19:49:00Z,2026-07-08,2026,7,8.41,8.49,8.37,8.405,9688,8.440426067299752,188,,das_cmdapi_live_20260708T193719Z,2026-07-08,das_tms_reconstructed_1m
NVVE,2026-07-08T19:50:00Z,2026-07-08,2026,7,8.4001,8.79,8.4,8.7351,59712,8.631442703309217,569,,das_cmdapi_live_20260708T193719Z,2026-07-08,das_tms_reconstructed_1m
NVVE,2026-07-08T19:51:00Z,2026-07-08,2026,7,8.715,8.74,8.47,8.51,12447,8.594554559331566,219,,das_cmdapi_live_20260708T193719Z,2026-07-08,das_tms_reconstructed_1m
NVVE,2026-07-08T19:52:00Z,2026-07-08,2026,7,8.5001,8.56,8.43,8.47,11850,8.484261324894513,151,,das_cmdapi_live_20260708T193719Z,2026-07-08,das_tms_reconstructed_1m
NVVE,2026-07-08T19:53:00Z,2026-07-08,2026,7,8.45,8.52,8.2,8.28,51115,8.37109304900714,533,,das_cmdapi_live_20260708T193719Z,2026-07-08,das_tms_reconstructed_1m
NVVE,2026-07-08T19:54:00Z,2026-07-08,2026,7,8.27,8.5999,8.2,8.52,26314,8.418591749638974,340,,das_cmdapi_live_20260708T193719Z,2026-07-08,das_tms_reconstructed_1m
NVVE,2026-07-08T19:55:00Z,2026-07-08,2026,7,8.55,8.69,8.4,8.63,31505,8.537873093159815,371,,das_cmdapi_live_20260708T193719Z,2026-07-08,das_tms_reconstructed_1m
NVVE,2026-07-08T19:56:00Z,2026-07-08,2026,7,8.6414,8.6776,8.6,8.63,14781,8.631457946011773,264,,das_cmdapi_live_20260708T193719Z,2026-07-08,das_tms_reconstructed_1m
NVVE,2026-07-08T19:57:00Z,2026-07-08,2026,7,8.625,8.63,8.47,8.52,24946,8.539188867954783,202,,das_cmdapi_live_20260708T193719Z,2026-07-08,das_tms_reconstructed_1m
NVVE,2026-07-08T19:58:00Z,2026-07-08,2026,7,8.53,8.54,8.47,8.48,18346,8.498524533958356,197,,das_cmdapi_live_20260708T193719Z,2026-07-08,das_tms_reconstructed_1m
NVVE,2026-07-08T19:59:00Z,2026-07-08,2026,7,8.485,8.56,8.43,8.49,41084,8.487526535877715,278,,das_cmdapi_live_20260708T193719Z,2026-07-08,das_tms_reconstructed_1m
NVVE,2026-07-08T20:00:00Z,2026-07-08,2026,7,8.4805,8.59,8.45,8.47,9962,8.505291668339693,98,,das_cmdapi_live_20260708T193719Z,2026-07-08,das_tms_reconstructed_1m
NVVE,2026-07-08T20:01:00Z,2026-07-08,2026,7,8.4602,8.47,8.2,8.2982,12023,8.265641220993096,250,,das_cmdapi_live_20260708T193719Z,2026-07-08,das_tms_reconstructed_1m
NVVE,2026-07-08T20:02:00Z,2026-07-08,2026,7,8.27,8.79,8.08,8.77,31032,8.35629361626708,420,,das_cmdapi_live_20260708T193719Z,2026-07-08,das_tms_reconstructed_1m
NVVE,2026-07-08T20:03:00Z,2026-07-08,2026,7,8.7325,8.77,8.2103,8.382,11657,8.419556875697007,188,,das_cmdapi_live_20260708T193719Z,2026-07-08,das_tms_reconstructed_1m
NVVE,2026-07-08T20:04:00Z,2026-07-08,2026,7,8.45,8.5,8.31,8.3993,4894,8.412610809154064,90,,das_cmdapi_live_20260708T193719Z,2026-07-08,das_tms_reconstructed_1m
NVVE,2026-07-08T20:05:00Z,2026-07-08,2026,7,8.3217,8.4,8.21,8.4,8361,8.306085384523383,107,,das_cmdapi_live_20260708T193719Z,2026-07-08,das_tms_reconstructed_1m
NVVE,2026-07-08T20:06:00Z,2026-07-08,2026,7,8.38,8.38,8.25,8.2509,3642,8.321547419000549,69,,das_cmdapi_live_20260708T193719Z,2026-07-08,das_tms_reconstructed_1m
NVVE,2026-07-08T20:07:00Z,2026-07-08,2026,7,8.24,8.3291,8.24,8.29,604,8.256737417218542,10,,das_cmdapi_live_20260708T193719Z,2026-07-08,das_tms_reconstructed_1m
SDOT,2026-07-08T19:44:00Z,2026-07-08,2026,7,19.02,19.54,18.66,18.96,4437,19.070175794455714,116,,das_cmdapi_live_20260708T193719Z,2026-07-08,das_tms_reconstructed_1m
SDOT,2026-07-08T19:45:00Z,2026-07-08,2026,7,19.22,19.37,19.0,19.36,4257,19.08215628376791,84,,das_cmdapi_live_20260708T193719Z,2026-07-08,das_tms_reconstructed_1m
SDOT,2026-07-08T19:46:00Z,2026-07-08,2026,7,19.33,19.54,19.0,19.531,2031,19.239675036927622,42,,das_cmdapi_live_20260708T193719Z,2026-07-08,das_tms_reconstructed_1m
SDOT,2026-07-08T19:47:00Z,2026-07-08,2026,7,19.504,19.84,19.3001,19.67,2984,19.582089376675608,63,,das_cmdapi_live_20260708T193719Z,2026-07-08,das_tms_reconstructed_1m
SDOT,2026-07-08T19:48:00Z,2026-07-08,2026,7,19.74,19.83,19.5,19.755,1583,19.710277574226158,46,,das_cmdapi_live_20260708T193719Z,2026-07-08,das_tms_reconstructed_1m
SDOT,2026-07-08T19:49:00Z,2026-07-08,2026,7,19.7992,20.08,19.7992,20.0,3320,19.91833030120482,75,,das_cmdapi_live_20260708T193719Z,2026-07-08,das_tms_reconstructed_1m
SDOT,2026-07-08T19:50:00Z,2026-07-08,2026,7,19.99,20.08,19.67,19.8494,3325,19.964046075187962,60,,das_cmdapi_live_20260708T193719Z,2026-07-08,das_tms_reconstructed_1m
SDOT,2026-07-08T19:51:00Z,2026-07-08,2026,7,19.675,19.99,19.5,19.875,1759,19.80367652075043,42,,das_cmdapi_live_20260708T193719Z,2026-07-08,das_tms_reconstructed_1m
SDOT,2026-07-08T19:52:00Z,2026-07-08,2026,7,19.85,20.35,19.85,20.24,5516,20.171018237853517,98,,das_cmdapi_live_20260708T193719Z,2026-07-08,das_tms_reconstructed_1m
SDOT,2026-07-08T19:53:00Z,2026-07-08,2026,7,20.24,20.35,19.7,20.3299,2874,20.17006938065414,49,,das_cmdapi_live_20260708T193719Z,2026-07-08,das_tms_reconstructed_1m
SDOT,2026-07-08T19:54:00Z,2026-07-08,2026,7,20.065,20.33,19.8001,20.26,3838,20.262825195414276,62,,das_cmdapi_live_20260708T193719Z,2026-07-08,das_tms_reconstructed_1m
SDOT,2026-07-08T19:55:00Z,2026-07-08,2026,7,20.07,20.15,19.8,19.975,882,20.06069648526077,49,,das_cmdapi_live_20260708T193719Z,2026-07-08,das_tms_reconstructed_1m
SDOT,2026-07-08T19:56:00Z,2026-07-08,2026,7,20.1,20.26,19.8001,20.22,4539,20.123244326944263,63,,das_cmdapi_live_20260708T193719Z,2026-07-08,das_tms_reconstructed_1m
SDOT,2026-07-08T19:57:00Z,2026-07-08,2026,7,20.22,20.26,19.8201,20.2,4069,20.18988070779061,56,,das_cmdapi_live_20260708T193719Z,2026-07-08,das_tms_reconstructed_1m
SDOT,2026-07-08T19:58:00Z,2026-07-08,2026,7,20.2,20.35,19.82,19.83,14927,20.050338560996853,188,,das_cmdapi_live_20260708T193719Z,2026-07-08,das_tms_reconstructed_1m
SDOT,2026-07-08T19:59:00Z,2026-07-08,2026,7,19.8,20.3,19.4,20.0,10400,19.88770961538462,123,,das_cmdapi_live_20260708T193719Z,2026-07-08,das_tms_reconstructed_1m
SDOT,2026-07-08T20:00:00Z,2026-07-08,2026,7,20.4,21.8,20.2,21.4,4457,20.972705855956917,59,,das_cmdapi_live_20260708T193719Z,2026-07-08,das_tms_reconstructed_1m
SDOT,2026-07-08T20:01:00Z,2026-07-08,2026,7,21.52,23.0,20.56,22.98,12057,22.60250884963092,258,,das_cmdapi_live_20260708T193719Z,2026-07-08,das_tms_reconstructed_1m
SDOT,2026-07-08T20:02:00Z,2026-07-08,2026,7,22.85,24.5,22.45,24.25,31513,23.658582080411257,678,,das_cmdapi_live_20260708T193719Z,2026-07-08,das_tms_reconstructed_1m
SDOT,2026-07-08T20:03:00Z,2026-07-08,2026,7,24.45,25.15,23.5,24.7199,51906,24.50576677070088,1348,,das_cmdapi_live_20260708T193719Z,2026-07-08,das_tms_reconstructed_1m
SDOT,2026-07-08T20:04:00Z,2026-07-08,2026,7,24.7739,28.88,24.0,26.9903,74525,25.984455947668568,1989,,das_cmdapi_live_20260708T193719Z,2026-07-08,das_tms_reconstructed_1m
SDOT,2026-07-08T20:05:00Z,2026-07-08,2026,7,27.0,27.98,24.23,24.63,75669,26.096530798609734,1634,,das_cmdapi_live_20260708T193719Z,2026-07-08,das_tms_reconstructed_1m
SDOT,2026-07-08T20:06:00Z,2026-07-08,2026,7,24.6373,25.8,23.5,23.72,25176,24.6365353987925,932,,das_cmdapi_live_20260708T193719Z,2026-07-08,das_tms_reconstructed_1m
SDOT,2026-07-08T20:07:00Z,2026-07-08,2026,7,23.8848,24.6,23.51,24.48,1684,24.064449228028504,78,,das_cmdapi_live_20260708T193719Z,2026-07-08,das_tms_reconstructed_1m
SKYQ,2026-07-08T19:41:00Z,2026-07-08,2026,7,3.6806,3.7,3.6805,3.69,11501,3.6928132423267543,29,,das_cmdapi_live_20260708T193719Z,2026-07-08,das_tms_reconstructed_1m
SKYQ,2026-07-08T19:42:00Z,2026-07-08,2026,7,3.69,3.6992,3.65,3.67,20840,3.668240201535508,94,,das_cmdapi_live_20260708T193719Z,2026-07-08,das_tms_reconstructed_1m
SKYQ,2026-07-08T19:43:00Z,2026-07-08,2026,7,3.653,3.68,3.65,3.66,16831,3.6601135701978498,83,,das_cmdapi_live_20260708T193719Z,2026-07-08,das_tms_reconstructed_1m
SKYQ,2026-07-08T19:44:00Z,2026-07-08,2026,7,3.66,3.7,3.65,3.6899,10572,3.6777193719258414,47,,das_cmdapi_live_20260708T193719Z,2026-07-08,das_tms_reconstructed_1m
SKYQ,2026-07-08T19:45:00Z,2026-07-08,2026,7,3.68,3.69,3.6597,3.66,19133,3.6741763184027603,92,,das_cmdapi_live_20260708T193719Z,2026-07-08,das_tms_reconstructed_1m
SKYQ,2026-07-08T19:46:00Z,2026-07-08,2026,7,3.65,3.66,3.64,3.65,13191,3.6515953832158283,78,,das_cmdapi_live_20260708T193719Z,2026-07-08,das_tms_reconstructed_1m
SKYQ,2026-07-08T19:47:00Z,2026-07-08,2026,7,3.65,3.6699,3.64,3.66195,9978,3.653265213469633,94,,das_cmdapi_live_20260708T193719Z,2026-07-08,das_tms_reconstructed_1m
SKYQ,2026-07-08T19:48:00Z,2026-07-08,2026,7,3.66,3.67,3.64,3.66,12901,3.655572707542051,72,,das_cmdapi_live_20260708T193719Z,2026-07-08,das_tms_reconstructed_1m
SKYQ,2026-07-08T19:49:00Z,2026-07-08,2026,7,3.67,3.71,3.65,3.705,26216,3.6934954722306994,141,,das_cmdapi_live_20260708T193719Z,2026-07-08,das_tms_reconstructed_1m
SKYQ,2026-07-08T19:50:00Z,2026-07-08,2026,7,3.71,3.7585,3.69,3.7,31952,3.7293114202553834,194,,das_cmdapi_live_20260708T193719Z,2026-07-08,das_tms_reconstructed_1m
SKYQ,2026-07-08T19:51:00Z,2026-07-08,2026,7,3.72,3.7322,3.6829,3.71,14247,3.704676114269671,93,,das_cmdapi_live_20260708T193719Z,2026-07-08,das_tms_reconstructed_1m
SKYQ,2026-07-08T19:52:00Z,2026-07-08,2026,7,3.7001,3.74,3.7,3.72,34524,3.72438863689028,118,,das_cmdapi_live_20260708T193719Z,2026-07-08,das_tms_reconstructed_1m
SKYQ,2026-07-08T19:53:00Z,2026-07-08,2026,7,3.72,3.83,3.694,3.8,143459,3.7809497277967923,309,,das_cmdapi_live_20260708T193719Z,2026-07-08,das_tms_reconstructed_1m
SKYQ,2026-07-08T19:54:00Z,2026-07-08,2026,7,3.81,4.0199,3.7737,3.91,299305,3.897962526519771,926,,das_cmdapi_live_20260708T193719Z,2026-07-08,das_tms_reconstructed_1m
SKYQ,2026-07-08T19:55:00Z,2026-07-08,2026,7,3.92,3.98,3.67,3.71,310129,3.834331756140187,1429,,das_cmdapi_live_20260708T193719Z,2026-07-08,das_tms_reconstructed_1m
SKYQ,2026-07-08T19:56:00Z,2026-07-08,2026,7,3.71,3.81,3.7,3.78,91733,3.747492392050843,440,,das_cmdapi_live_20260708T193719Z,2026-07-08,das_tms_reconstructed_1m
SKYQ,2026-07-08T19:57:00Z,2026-07-08,2026,7,3.7705,3.79,3.73,3.75,51112,3.7563149553920807,297,,das_cmdapi_live_20260708T193719Z,2026-07-08,das_tms_reconstructed_1m
SKYQ,2026-07-08T19:58:00Z,2026-07-08,2026,7,3.77,3.8,3.73,3.79,57042,3.770692922758669,308,,das_cmdapi_live_20260708T193719Z,2026-07-08,das_tms_reconstructed_1m
SKYQ,2026-07-08T19:59:00Z,2026-07-08,2026,7,3.795,3.82,3.7701,3.8003,96180,3.8030550790185074,482,,das_cmdapi_live_20260708T193719Z,2026-07-08,das_tms_reconstructed_1m
SKYQ,2026-07-08T20:00:00Z,2026-07-08,2026,7,3.82,3.82,3.75,3.7565,10545,3.7935193741109527,76,,das_cmdapi_live_20260708T193719Z,2026-07-08,das_tms_reconstructed_1m
SKYQ,2026-07-08T20:01:00Z,2026-07-08,2026,7,3.7565,3.79,3.75,3.77,8724,3.7604290463090324,49,,das_cmdapi_live_20260708T193719Z,2026-07-08,das_tms_reconstructed_1m
SKYQ,2026-07-08T20:02:00Z,2026-07-08,2026,7,3.7501,3.77,3.6303,3.6303,20870,3.7368598993770967,70,,das_cmdapi_live_20260708T193719Z,2026-07-08,das_tms_reconstructed_1m
SKYQ,2026-07-08T20:03:00Z,2026-07-08,2026,7,3.63,3.67,3.5603,3.6667,28959,3.62384829586657,151,,das_cmdapi_live_20260708T193719Z,2026-07-08,das_tms_reconstructed_1m
SKYQ,2026-07-08T20:04:00Z,2026-07-08,2026,7,3.65,3.82,3.65,3.73,7645,3.710867848266841,52,,das_cmdapi_live_20260708T193719Z,2026-07-08,das_tms_reconstructed_1m
SKYQ,2026-07-08T20:05:00Z,2026-07-08,2026,7,3.72,3.73,3.68,3.68,10754,3.7010522038311326,59,,das_cmdapi_live_20260708T193719Z,2026-07-08,das_tms_reconstructed_1m
SKYQ,2026-07-08T20:06:00Z,2026-07-08,2026,7,3.6985,3.73,3.6737,3.73,4329,3.6955848232848227,37,,das_cmdapi_live_20260708T193719Z,2026-07-08,das_tms_reconstructed_1m
SKYQ,2026-07-08T20:07:00Z,2026-07-08,2026,7,3.7416,3.7416,3.73,3.74,1175,3.731531404255319,10,,das_cmdapi_live_20260708T193719Z,2026-07-08,das_tms_reconstructed_1m
SRXH,2026-07-08T19:51:00Z,2026-07-08,2026,7,2.035,2.07,2.03,2.055,214911,2.0505076692212127,467,,das_cmdapi_live_20260708T193719Z,2026-07-08,das_tms_reconstructed_1m
SRXH,2026-07-08T19:52:00Z,2026-07-08,2026,7,2.0502,2.07,2.03,2.035,219926,2.0520697448232585,490,,das_cmdapi_live_20260708T193719Z,2026-07-08,das_tms_reconstructed_1m
SRXH,2026-07-08T19:53:00Z,2026-07-08,2026,7,2.035,2.06,2.03,2.06,102219,2.04103725139162,337,,das_cmdapi_live_20260708T193719Z,2026-07-08,das_tms_reconstructed_1m
SRXH,2026-07-08T19:54:00Z,2026-07-08,2026,7,2.055,2.06,2.04,2.05,150443,2.0499059783439577,287,,das_cmdapi_live_20260708T193719Z,2026-07-08,das_tms_reconstructed_1m
SRXH,2026-07-08T19:55:00Z,2026-07-08,2026,7,2.045,2.08,2.04,2.0602,293702,2.0598730240175414,601,,das_cmdapi_live_20260708T193719Z,2026-07-08,das_tms_reconstructed_1m
SRXH,2026-07-08T19:56:00Z,2026-07-08,2026,7,2.06,2.08,2.0001,2.065,369099,2.04149546544423,761,,das_cmdapi_live_20260708T193719Z,2026-07-08,das_tms_reconstructed_1m
SRXH,2026-07-08T19:57:00Z,2026-07-08,2026,7,2.06,2.07,2.04,2.0413,81675,2.048398626262626,290,,das_cmdapi_live_20260708T193719Z,2026-07-08,das_tms_reconstructed_1m
SRXH,2026-07-08T19:58:00Z,2026-07-08,2026,7,2.045,2.05,1.99,1.9901,256271,2.0040933238641907,802,,das_cmdapi_live_20260708T193719Z,2026-07-08,das_tms_reconstructed_1m
SRXH,2026-07-08T19:59:00Z,2026-07-08,2026,7,1.995,2.03,1.98,1.985,349793,2.003431407432396,775,,das_cmdapi_live_20260708T193719Z,2026-07-08,das_tms_reconstructed_1m
SRXH,2026-07-08T20:00:00Z,2026-07-08,2026,7,1.975,2.21,1.9701,2.1607,390167,2.141406852962962,1612,,das_cmdapi_live_20260708T193719Z,2026-07-08,das_tms_reconstructed_1m
SRXH,2026-07-08T20:01:00Z,2026-07-08,2026,7,2.1697,2.19,2.1,2.1697,431271,2.1508575438645305,1894,,das_cmdapi_live_20260708T193719Z,2026-07-08,das_tms_reconstructed_1m
SRXH,2026-07-08T20:02:00Z,2026-07-08,2026,7,2.165,2.17,2.03,2.0999,203580,2.118916789959721,1146,,das_cmdapi_live_20260708T193719Z,2026-07-08,das_tms_reconstructed_1m
SRXH,2026-07-08T20:03:00Z,2026-07-08,2026,7,2.09,2.12,2.04,2.07,171146,2.07965611875241,794,,das_cmdapi_live_20260708T193719Z,2026-07-08,das_tms_reconstructed_1m
SRXH,2026-07-08T20:04:00Z,2026-07-08,2026,7,2.07,2.08,2.015,2.06,100959,2.0441872066878632,581,,das_cmdapi_live_20260708T193719Z,2026-07-08,das_tms_reconstructed_1m
SRXH,2026-07-08T20:05:00Z,2026-07-08,2026,7,2.0499,2.05,1.97,2.0199,115791,2.0044213626274927,615,,das_cmdapi_live_20260708T193719Z,2026-07-08,das_tms_reconstructed_1m
SRXH,2026-07-08T20:06:00Z,2026-07-08,2026,7,2.0102,2.06,2.01,2.015,82099,2.0386019768815697,376,,das_cmdapi_live_20260708T193719Z,2026-07-08,das_tms_reconstructed_1m
SRXH,2026-07-08T20:07:00Z,2026-07-08,2026,7,2.0198,2.03,2.0102,2.02,4765,2.017641573976915,16,,das_cmdapi_live_20260708T193719Z,2026-07-08,das_tms_reconstructed_1m
TVRD,2026-07-08T19:40:00Z,2026-07-08,2026,7,5.56,5.56,5.56,5.56,3360,5.56,30,,das_cmdapi_live_20260708T193719Z,2026-07-08,das_tms_reconstructed_1m
TVRD,2026-07-08T19:45:00Z,2026-07-08,2026,7,5.6,6.0,5.45,5.56,264365,5.616914363096477,1357,,das_cmdapi_live_20260708T193719Z,2026-07-08,das_tms_reconstructed_1m
TVRD,2026-07-08T19:46:00Z,2026-07-08,2026,7,5.48,5.6,5.3001,5.38,458320,5.4591460200296735,3397,,das_cmdapi_live_20260708T193719Z,2026-07-08,das_tms_reconstructed_1m
TVRD,2026-07-08T19:47:00Z,2026-07-08,2026,7,5.35,5.41,5.27,5.349,217146,5.339524338924043,1987,,das_cmdapi_live_20260708T193719Z,2026-07-08,das_tms_reconstructed_1m
TVRD,2026-07-08T19:48:00Z,2026-07-08,2026,7,5.34,5.36,5.28,5.345,223267,5.320625118266471,1331,,das_cmdapi_live_20260708T193719Z,2026-07-08,das_tms_reconstructed_1m
TVRD,2026-07-08T19:49:00Z,2026-07-08,2026,7,5.33,5.36,4.87,4.87,579590,5.089836952224848,3269,,das_cmdapi_live_20260708T193719Z,2026-07-08,das_tms_reconstructed_1m
TVRD,2026-07-08T19:50:00Z,2026-07-08,2026,7,4.87,4.87,4.87,4.87,6086,4.87,46,,das_cmdapi_live_20260708T193719Z,2026-07-08,das_tms_reconstructed_1m
TVRD,2026-07-08T20:00:00Z,2026-07-08,2026,7,4.87,5.0995,4.87,4.95,203979,4.9929358693787105,1072,,das_cmdapi_live_20260708T193719Z,2026-07-08,das_tms_reconstructed_1m
TVRD,2026-07-08T20:01:00Z,2026-07-08,2026,7,4.9541,4.99,4.8,4.81,150750,4.880180934660033,941,,das_cmdapi_live_20260708T193719Z,2026-07-08,das_tms_reconstructed_1m
TVRD,2026-07-08T20:02:00Z,2026-07-08,2026,7,4.81,4.86,4.75,4.81,141137,4.798449580195129,1021,,das_cmdapi_live_20260708T193719Z,2026-07-08,das_tms_reconstructed_1m
TVRD,2026-07-08T20:03:00Z,2026-07-08,2026,7,4.8115,4.86,4.33,4.74,67776,4.783935303057129,654,,das_cmdapi_live_20260708T193719Z,2026-07-08,das_tms_reconstructed_1m
TVRD,2026-07-08T20:04:00Z,2026-07-08,2026,7,4.62,5.1,4.62,4.85,87313,4.830790499696494,694,,das_cmdapi_live_20260708T193719Z,2026-07-08,das_tms_reconstructed_1m
TVRD,2026-07-08T20:05:00Z,2026-07-08,2026,7,4.8232,4.85,4.7715,4.83,27794,4.817417683672736,229,,das_cmdapi_live_20260708T193719Z,2026-07-08,das_tms_reconstructed_1m
TVRD,2026-07-08T20:06:00Z,2026-07-08,2026,7,4.8469,4.8896,4.83,4.8526,23888,4.861518230910916,128,,das_cmdapi_live_20260708T193719Z,2026-07-08,das_tms_reconstructed_1m
TVRD,2026-07-08T20:07:00Z,2026-07-08,2026,7,4.86,4.88,4.85,4.85,3562,4.86139028635598,21,,das_cmdapi_live_20260708T193719Z,2026-07-08,das_tms_reconstructed_1m
VANI,2026-07-08T19:42:00Z,2026-07-08,2026,7,1.585,1.5898,1.585,1.585,1368,1.5850175438596492,13,,das_cmdapi_live_20260708T193719Z,2026-07-08,das_tms_reconstructed_1m
VANI,2026-07-08T19:43:00Z,2026-07-08,2026,7,1.585,1.59,1.5812,1.585,2623,1.5872388867708733,16,,das_cmdapi_live_20260708T193719Z,2026-07-08,das_tms_reconstructed_1m
VANI,2026-07-08T19:44:00Z,2026-07-08,2026,7,1.585,1.59,1.58,1.585,6540,1.584983226299694,48,,das_cmdapi_live_20260708T193719Z,2026-07-08,das_tms_reconstructed_1m
VANI,2026-07-08T19:45:00Z,2026-07-08,2026,7,1.59,1.6,1.59,1.5912,13431,1.5906493336311516,37,,das_cmdapi_live_20260708T193719Z,2026-07-08,das_tms_reconstructed_1m
VANI,2026-07-08T19:46:00Z,2026-07-08,2026,7,1.595,1.5987,1.595,1.5987,1590,1.5950116352201258,11,,das_cmdapi_live_20260708T193719Z,2026-07-08,das_tms_reconstructed_1m
VANI,2026-07-08T19:47:00Z,2026-07-08,2026,7,1.595,1.6,1.59,1.6,6256,1.593360773657289,17,,das_cmdapi_live_20260708T193719Z,2026-07-08,das_tms_reconstructed_1m
VANI,2026-07-08T19:48:00Z,2026-07-08,2026,7,1.6,1.61,1.5911,1.6064,40265,1.6015798460201167,84,,das_cmdapi_live_20260708T193719Z,2026-07-08,das_tms_reconstructed_1m
VANI,2026-07-08T19:49:00Z,2026-07-08,2026,7,1.6,1.61,1.6,1.61,5068,1.6055301696921862,23,,das_cmdapi_live_20260708T193719Z,2026-07-08,das_tms_reconstructed_1m
VANI,2026-07-08T19:50:00Z,2026-07-08,2026,7,1.605,1.61,1.6002,1.605,3908,1.6065469293756396,107,,das_cmdapi_live_20260708T193719Z,2026-07-08,das_tms_reconstructed_1m
VANI,2026-07-08T19:51:00Z,2026-07-08,2026,7,1.6093,1.61,1.59,1.6,7338,1.5984262196783867,89,,das_cmdapi_live_20260708T193719Z,2026-07-08,das_tms_reconstructed_1m
VANI,2026-07-08T19:52:00Z,2026-07-08,2026,7,1.6,1.605,1.5813,1.59,10341,1.5960068658737068,207,,das_cmdapi_live_20260708T193719Z,2026-07-08,das_tms_reconstructed_1m
VANI,2026-07-08T19:53:00Z,2026-07-08,2026,7,1.59,1.6,1.58,1.5978,9161,1.5919019539351598,86,,das_cmdapi_live_20260708T193719Z,2026-07-08,das_tms_reconstructed_1m
VANI,2026-07-08T19:54:00Z,2026-07-08,2026,7,1.6,1.61,1.5901,1.6,5399,1.6020362289312835,60,,das_cmdapi_live_20260708T193719Z,2026-07-08,das_tms_reconstructed_1m
VANI,2026-07-08T19:55:00Z,2026-07-08,2026,7,1.61,1.61,1.605,1.61,3499,1.6081383252357817,31,,das_cmdapi_live_20260708T193719Z,2026-07-08,das_tms_reconstructed_1m
VANI,2026-07-08T19:56:00Z,2026-07-08,2026,7,1.6098,1.615,1.5924,1.6,9186,1.6057069018070977,110,,das_cmdapi_live_20260708T193719Z,2026-07-08,das_tms_reconstructed_1m
VANI,2026-07-08T19:57:00Z,2026-07-08,2026,7,1.6,1.6,1.5901,1.6,8531,1.5961506271246044,52,,das_cmdapi_live_20260708T193719Z,2026-07-08,das_tms_reconstructed_1m
VANI,2026-07-08T19:58:00Z,2026-07-08,2026,7,1.6,1.61,1.59,1.61,11823,1.5997929459528037,121,,das_cmdapi_live_20260708T193719Z,2026-07-08,das_tms_reconstructed_1m
VANI,2026-07-08T19:59:00Z,2026-07-08,2026,7,1.61,1.615,1.59,1.61,38905,1.6072726539005269,236,,das_cmdapi_live_20260708T193719Z,2026-07-08,das_tms_reconstructed_1m
VANI,2026-07-08T20:00:00Z,2026-07-08,2026,7,1.6,1.6017,1.6,1.6,199,1.6002391959798994,5,,das_cmdapi_live_20260708T193719Z,2026-07-08,das_tms_reconstructed_1m
VANI,2026-07-08T20:02:00Z,2026-07-08,2026,7,1.61,1.61,1.61,1.61,6,1.61,1,,das_cmdapi_live_20260708T193719Z,2026-07-08,das_tms_reconstructed_1m
VANI,2026-07-08T20:03:00Z,2026-07-08,2026,7,1.6,1.6,1.6,1.6,244,1.6,2,,das_cmdapi_live_20260708T193719Z,2026-07-08,das_tms_reconstructed_1m
VANI,2026-07-08T20:04:00Z,2026-07-08,2026,7,1.6,1.6,1.6,1.6,9,1.6,9,,das_cmdapi_live_20260708T193719Z,2026-07-08,das_tms_reconstructed_1m
VANI,2026-07-08T20:05:00Z,2026-07-08,2026,7,1.6,1.6,1.6,1.6,69,1.6,2,,das_cmdapi_live_20260708T193719Z,2026-07-08,das_tms_reconstructed_1m
VANI,2026-07-08T20:07:00Z,2026-07-08,2026,7,1.5815,1.5815,1.5815,1.5815,99,1.5815,1,,das_cmdapi_live_20260708T193719Z,2026-07-08,das_tms_reconstructed_1m
VEEE,2026-07-08T19:45:00Z,2026-07-08,2026,7,4.3799,4.38,4.367,4.38,1021,4.378076787463272,17,,das_cmdapi_live_20260708T193719Z,2026-07-08,das_tms_reconstructed_1m
VEEE,2026-07-08T19:46:00Z,2026-07-08,2026,7,4.38,4.3999,4.3618,4.3804,601,4.390974708818634,14,,das_cmdapi_live_20260708T193719Z,2026-07-08,das_tms_reconstructed_1m
VEEE,2026-07-08T19:47:00Z,2026-07-08,2026,7,4.38,4.4,4.37,4.38,721,4.38256588072122,10,,das_cmdapi_live_20260708T193719Z,2026-07-08,das_tms_reconstructed_1m
VEEE,2026-07-08T19:48:00Z,2026-07-08,2026,7,4.4,4.4,4.37,4.38,1148,4.377980836236934,14,,das_cmdapi_live_20260708T193719Z,2026-07-08,das_tms_reconstructed_1m
VEEE,2026-07-08T19:49:00Z,2026-07-08,2026,7,4.38,4.46,4.38,4.46,1048,4.393844465648855,20,,das_cmdapi_live_20260708T193719Z,2026-07-08,das_tms_reconstructed_1m
VEEE,2026-07-08T19:50:00Z,2026-07-08,2026,7,4.46,4.52,4.38,4.485,619,4.453004846526657,24,,das_cmdapi_live_20260708T193719Z,2026-07-08,das_tms_reconstructed_1m
VEEE,2026-07-08T19:51:00Z,2026-07-08,2026,7,4.485,4.51,4.45,4.4901,889,4.470976602924635,42,,das_cmdapi_live_20260708T193719Z,2026-07-08,das_tms_reconstructed_1m
VEEE,2026-07-08T19:52:00Z,2026-07-08,2026,7,4.49,4.51,4.49,4.4901,733,4.494290586630287,11,,das_cmdapi_live_20260708T193719Z,2026-07-08,das_tms_reconstructed_1m
VEEE,2026-07-08T19:53:00Z,2026-07-08,2026,7,4.5,4.55,4.5,4.55,772,4.520232642487045,58,,das_cmdapi_live_20260708T193719Z,2026-07-08,das_tms_reconstructed_1m
VEEE,2026-07-08T19:54:00Z,2026-07-08,2026,7,4.54,4.6299,4.54,4.56,452,4.57358296460177,31,,das_cmdapi_live_20260708T193719Z,2026-07-08,das_tms_reconstructed_1m
VEEE,2026-07-08T19:55:00Z,2026-07-08,2026,7,4.59,4.65,4.49,4.6,3789,4.587707785695434,66,,das_cmdapi_live_20260708T193719Z,2026-07-08,das_tms_reconstructed_1m
VEEE,2026-07-08T19:56:00Z,2026-07-08,2026,7,4.61,4.65,4.565,4.62,2965,4.6102757166947725,37,,das_cmdapi_live_20260708T193719Z,2026-07-08,das_tms_reconstructed_1m
VEEE,2026-07-08T19:57:00Z,2026-07-08,2026,7,4.565,4.6,4.5625,4.6,2196,4.588661475409837,44,,das_cmdapi_live_20260708T193719Z,2026-07-08,das_tms_reconstructed_1m
VEEE,2026-07-08T19:58:00Z,2026-07-08,2026,7,4.6,4.6,4.585,4.6,3604,4.5981259433962265,72,,das_cmdapi_live_20260708T193719Z,2026-07-08,das_tms_reconstructed_1m
VEEE,2026-07-08T19:59:00Z,2026-07-08,2026,7,4.599,4.65,4.58,4.63,5796,4.610892253278123,84,,das_cmdapi_live_20260708T193719Z,2026-07-08,das_tms_reconstructed_1m
VEEE,2026-07-08T20:00:00Z,2026-07-08,2026,7,4.64,4.64,4.64,4.64,53,4.64,1,,das_cmdapi_live_20260708T193719Z,2026-07-08,das_tms_reconstructed_1m
VEEE,2026-07-08T20:01:00Z,2026-07-08,2026,7,4.5923,4.73,4.5923,4.71,267,4.594411985018728,6,,das_cmdapi_live_20260708T193719Z,2026-07-08,das_tms_reconstructed_1m
VEEE,2026-07-08T20:02:00Z,2026-07-08,2026,7,4.6999,4.6999,4.6894,4.6894,4,4.692025,2,,das_cmdapi_live_20260708T193719Z,2026-07-08,das_tms_reconstructed_1m
VEEE,2026-07-08T20:04:00Z,2026-07-08,2026,7,4.7,4.7,4.64,4.64,1024,4.69988193359375,5,,das_cmdapi_live_20260708T193719Z,2026-07-08,das_tms_reconstructed_1m
VEEE,2026-07-08T20:05:00Z,2026-07-08,2026,7,4.64,4.64,4.64,4.64,10,4.64,1,,das_cmdapi_live_20260708T193719Z,2026-07-08,das_tms_reconstructed_1m
VEEE,2026-07-08T20:06:00Z,2026-07-08,2026,7,4.63,4.65,4.61,4.64,28,4.633571428571428,9,,das_cmdapi_live_20260708T193719Z,2026-07-08,das_tms_reconstructed_1m
VEEE,2026-07-08T20:07:00Z,2026-07-08,2026,7,4.65,4.66,4.65,4.66,2,4.655,2,,das_cmdapi_live_20260708T193719Z,2026-07-08,das_tms_reconstructed_1m
VMAR,2026-07-08T19:42:00Z,2026-07-08,2026,7,1.2,1.2,1.2,1.2,605,1.2,8,,das_cmdapi_live_20260708T193719Z,2026-07-08,das_tms_reconstructed_1m
VMAR,2026-07-08T19:43:00Z,2026-07-08,2026,7,1.2,1.21,1.1901,1.21,89,1.2004988764044944,6,,das_cmdapi_live_20260708T193719Z,2026-07-08,das_tms_reconstructed_1m
VMAR,2026-07-08T19:44:00Z,2026-07-08,2026,7,1.2,1.21,1.2,1.21,91,1.2092131868131868,5,,das_cmdapi_live_20260708T193719Z,2026-07-08,das_tms_reconstructed_1m
VMAR,2026-07-08T19:45:00Z,2026-07-08,2026,7,1.2099,1.2099,1.2096,1.2096,724,1.209785635359116,4,,das_cmdapi_live_20260708T193719Z,2026-07-08,das_tms_reconstructed_1m
VMAR,2026-07-08T19:46:00Z,2026-07-08,2026,7,1.2001,1.2001,1.2,1.2,317,1.2000003154574133,3,,das_cmdapi_live_20260708T193719Z,2026-07-08,das_tms_reconstructed_1m
VMAR,2026-07-08T19:48:00Z,2026-07-08,2026,7,1.21,1.21,1.2,1.2,13,1.2076923076923074,4,,das_cmdapi_live_20260708T193719Z,2026-07-08,das_tms_reconstructed_1m
VMAR,2026-07-08T19:51:00Z,2026-07-08,2026,7,1.2001,1.21,1.2,1.2001,2373,1.2040877370417191,19,,das_cmdapi_live_20260708T193719Z,2026-07-08,das_tms_reconstructed_1m
VMAR,2026-07-08T19:52:00Z,2026-07-08,2026,7,1.2001,1.2001,1.2001,1.2001,1,1.2001,1,,das_cmdapi_live_20260708T193719Z,2026-07-08,das_tms_reconstructed_1m
VMAR,2026-07-08T19:53:00Z,2026-07-08,2026,7,1.2,1.2,1.2,1.2,60,1.2,1,,das_cmdapi_live_20260708T193719Z,2026-07-08,das_tms_reconstructed_1m
VMAR,2026-07-08T19:54:00Z,2026-07-08,2026,7,1.21,1.21,1.205,1.205,77,1.2099350649350649,2,,das_cmdapi_live_20260708T193719Z,2026-07-08,das_tms_reconstructed_1m
VMAR,2026-07-08T19:55:00Z,2026-07-08,2026,7,1.19,1.22,1.19,1.21,2193,1.2058413132694938,19,,das_cmdapi_live_20260708T193719Z,2026-07-08,das_tms_reconstructed_1m
VMAR,2026-07-08T19:56:00Z,2026-07-08,2026,7,1.2,1.21,1.2,1.2099,58,1.209810344827586,3,,das_cmdapi_live_20260708T193719Z,2026-07-08,das_tms_reconstructed_1m
VMAR,2026-07-08T19:57:00Z,2026-07-08,2026,7,1.21,1.21,1.2,1.205,3681,1.2025278456941049,24,,das_cmdapi_live_20260708T193719Z,2026-07-08,das_tms_reconstructed_1m
VMAR,2026-07-08T19:58:00Z,2026-07-08,2026,7,1.21,1.21,1.2,1.21,2588,1.2099961360123648,12,,das_cmdapi_live_20260708T193719Z,2026-07-08,das_tms_reconstructed_1m
VMAR,2026-07-08T19:59:00Z,2026-07-08,2026,7,1.21,1.28,1.2,1.265,8871,1.2407537030774434,79,,das_cmdapi_live_20260708T193719Z,2026-07-08,das_tms_reconstructed_1m
VMAR,2026-07-08T20:00:00Z,2026-07-08,2026,7,1.2799,1.2799,1.2716,1.2716,38,1.2718184210526315,2,,das_cmdapi_live_20260708T193719Z,2026-07-08,das_tms_reconstructed_1m
VMAR,2026-07-08T20:01:00Z,2026-07-08,2026,7,1.28,1.28,1.28,1.28,2,1.28,2,,das_cmdapi_live_20260708T193719Z,2026-07-08,das_tms_reconstructed_1m
VMAR,2026-07-08T20:02:00Z,2026-07-08,2026,7,1.27,1.27,1.27,1.27,5,1.27,1,,das_cmdapi_live_20260708T193719Z,2026-07-08,das_tms_reconstructed_1m
VMAR,2026-07-08T20:03:00Z,2026-07-08,2026,7,1.25,1.25,1.24,1.24,404,1.2401732673267325,6,,das_cmdapi_live_20260708T193719Z,2026-07-08,das_tms_reconstructed_1m
VMAR,2026-07-08T20:04:00Z,2026-07-08,2026,7,1.24,1.28,1.24,1.2409,908,1.2409730176211455,18,,das_cmdapi_live_20260708T193719Z,2026-07-08,das_tms_reconstructed_1m
VMAR,2026-07-08T20:05:00Z,2026-07-08,2026,7,1.2414,1.2414,1.24,1.24,5,1.24028,5,,das_cmdapi_live_20260708T193719Z,2026-07-08,das_tms_reconstructed_1m
VMAR,2026-07-08T20:06:00Z,2026-07-08,2026,7,1.24,1.26,1.23,1.25,536,1.2446082089552237,10,,das_cmdapi_live_20260708T193719Z,2026-07-08,das_tms_reconstructed_1m
VTAK,2026-07-08T19:50:00Z,2026-07-08,2026,7,1.395,1.4,1.39,1.395,35761,1.3958300522916023,86,,das_cmdapi_live_20260708T193719Z,2026-07-08,das_tms_reconstructed_1m
VTAK,2026-07-08T19:51:00Z,2026-07-08,2026,7,1.4,1.4,1.38,1.39,92242,1.3899043537650961,366,,das_cmdapi_live_20260708T193719Z,2026-07-08,das_tms_reconstructed_1m
VTAK,2026-07-08T19:52:00Z,2026-07-08,2026,7,1.385,1.39,1.38,1.385,47769,1.3874036488098977,265,,das_cmdapi_live_20260708T193719Z,2026-07-08,das_tms_reconstructed_1m
VTAK,2026-07-08T19:53:00Z,2026-07-08,2026,7,1.385,1.41,1.3801,1.41,224190,1.3978592747223337,428,,das_cmdapi_live_20260708T193719Z,2026-07-08,das_tms_reconstructed_1m
VTAK,2026-07-08T19:54:00Z,2026-07-08,2026,7,1.41,1.41,1.35,1.3605,159487,1.3793628352154095,596,,das_cmdapi_live_20260708T193719Z,2026-07-08,das_tms_reconstructed_1m
VTAK,2026-07-08T19:55:00Z,2026-07-08,2026,7,1.3603,1.38,1.36,1.38,77140,1.3716998431423386,374,,das_cmdapi_live_20260708T193719Z,2026-07-08,das_tms_reconstructed_1m
VTAK,2026-07-08T19:56:00Z,2026-07-08,2026,7,1.38,1.39,1.36,1.365,79039,1.3791505218942546,425,,das_cmdapi_live_20260708T193719Z,2026-07-08,das_tms_reconstructed_1m
VTAK,2026-07-08T19:57:00Z,2026-07-08,2026,7,1.365,1.4,1.36,1.39,111249,1.3851902812609551,489,,das_cmdapi_live_20260708T193719Z,2026-07-08,das_tms_reconstructed_1m
VTAK,2026-07-08T19:58:00Z,2026-07-08,2026,7,1.3899,1.4,1.38,1.3801,126548,1.3886131304327214,408,,das_cmdapi_live_20260708T193719Z,2026-07-08,das_tms_reconstructed_1m
VTAK,2026-07-08T19:59:00Z,2026-07-08,2026,7,1.3825,1.39,1.33,1.34,342211,1.3491895015063804,736,,das_cmdapi_live_20260708T193719Z,2026-07-08,das_tms_reconstructed_1m
VTAK,2026-07-08T20:00:00Z,2026-07-08,2026,7,1.37,1.37,1.33,1.3316,80310,1.356840255260864,206,,das_cmdapi_live_20260708T193719Z,2026-07-08,das_tms_reconstructed_1m
VTAK,2026-07-08T20:01:00Z,2026-07-08,2026,7,1.33,1.34,1.31,1.3101,28798,1.321403837072019,191,,das_cmdapi_live_20260708T193719Z,2026-07-08,das_tms_reconstructed_1m
VTAK,2026-07-08T20:02:00Z,2026-07-08,2026,7,1.315,1.32,1.26,1.27,133423,1.2756114283144584,387,,das_cmdapi_live_20260708T193719Z,2026-07-08,das_tms_reconstructed_1m
VTAK,2026-07-08T20:03:00Z,2026-07-08,2026,7,1.2696,1.28,1.26,1.28,78493,1.2695274151835196,252,,das_cmdapi_live_20260708T193719Z,2026-07-08,das_tms_reconstructed_1m
VTAK,2026-07-08T20:04:00Z,2026-07-08,2026,7,1.27,1.37,1.26,1.26,27966,1.270465043266824,124,,das_cmdapi_live_20260708T193719Z,2026-07-08,das_tms_reconstructed_1m
VTAK,2026-07-08T20:05:00Z,2026-07-08,2026,7,1.27,1.27,1.26,1.2656,41108,1.2649691276637152,103,,das_cmdapi_live_20260708T193719Z,2026-07-08,das_tms_reconstructed_1m
VTAK,2026-07-08T20:06:00Z,2026-07-08,2026,7,1.2603,1.28,1.25,1.26,76592,1.2650046832567368,253,,das_cmdapi_live_20260708T193719Z,2026-07-08,das_tms_reconstructed_1m
VTAK,2026-07-08T20:07:00Z,2026-07-08,2026,7,1.2543,1.26,1.25,1.2537,858,1.250289393939394,6,,das_cmdapi_live_20260708T193719Z,2026-07-08,das_tms_reconstructed_1m
ZCMD,2026-07-08T19:42:00Z,2026-07-08,2026,7,2.72,2.72,2.705,2.705,267,2.7197003745318353,7,,das_cmdapi_live_20260708T193719Z,2026-07-08,das_tms_reconstructed_1m
ZCMD,2026-07-08T19:43:00Z,2026-07-08,2026,7,2.72,2.73,2.7008,2.73,2202,2.7200826521344235,45,,das_cmdapi_live_20260708T193719Z,2026-07-08,das_tms_reconstructed_1m
ZCMD,2026-07-08T19:44:00Z,2026-07-08,2026,7,2.73,2.73,2.71,2.71,7943,2.7159216165176883,48,,das_cmdapi_live_20260708T193719Z,2026-07-08,das_tms_reconstructed_1m
ZCMD,2026-07-08T19:45:00Z,2026-07-08,2026,7,2.7126,2.7126,2.66,2.68,2775,2.6801978738738743,23,,das_cmdapi_live_20260708T193719Z,2026-07-08,das_tms_reconstructed_1m
ZCMD,2026-07-08T19:46:00Z,2026-07-08,2026,7,2.68,2.68,2.6,2.61,8668,2.6226711005999075,72,,das_cmdapi_live_20260708T193719Z,2026-07-08,das_tms_reconstructed_1m
ZCMD,2026-07-08T19:47:00Z,2026-07-08,2026,7,2.61,2.61,2.51,2.5518,23388,2.5565491619634,112,,das_cmdapi_live_20260708T193719Z,2026-07-08,das_tms_reconstructed_1m
ZCMD,2026-07-08T19:48:00Z,2026-07-08,2026,7,2.61,2.61,2.55,2.5705,4595,2.589120217627856,19,,das_cmdapi_live_20260708T193719Z,2026-07-08,das_tms_reconstructed_1m
ZCMD,2026-07-08T19:49:00Z,2026-07-08,2026,7,2.58,2.61,2.52,2.582,4374,2.563877572016461,38,,das_cmdapi_live_20260708T193719Z,2026-07-08,das_tms_reconstructed_1m
ZCMD,2026-07-08T19:50:00Z,2026-07-08,2026,7,2.5319,2.59,2.52,2.555,8901,2.5430455005055608,22,,das_cmdapi_live_20260708T193719Z,2026-07-08,das_tms_reconstructed_1m
ZCMD,2026-07-08T19:51:00Z,2026-07-08,2026,7,2.58,2.59,2.53,2.585,3869,2.569671930731455,40,,das_cmdapi_live_20260708T193719Z,2026-07-08,das_tms_reconstructed_1m
ZCMD,2026-07-08T19:52:00Z,2026-07-08,2026,7,2.58,2.58,2.47,2.49,17411,2.543749284934811,82,,das_cmdapi_live_20260708T193719Z,2026-07-08,das_tms_reconstructed_1m
ZCMD,2026-07-08T19:53:00Z,2026-07-08,2026,7,2.48,2.5,2.47,2.49,10951,2.487426719021094,67,,das_cmdapi_live_20260708T193719Z,2026-07-08,das_tms_reconstructed_1m
ZCMD,2026-07-08T19:54:00Z,2026-07-08,2026,7,2.49,2.5096,2.49,2.5096,2789,2.49947558264611,23,,das_cmdapi_live_20260708T193719Z,2026-07-08,das_tms_reconstructed_1m
ZCMD,2026-07-08T19:55:00Z,2026-07-08,2026,7,2.51,2.59,2.51,2.565,5111,2.528219135198591,21,,das_cmdapi_live_20260708T193719Z,2026-07-08,das_tms_reconstructed_1m
ZCMD,2026-07-08T19:56:00Z,2026-07-08,2026,7,2.555,2.59,2.521,2.56,1323,2.5581118669690097,14,,das_cmdapi_live_20260708T193719Z,2026-07-08,das_tms_reconstructed_1m
ZCMD,2026-07-08T19:57:00Z,2026-07-08,2026,7,2.59,2.59,2.511,2.527,4393,2.549525085363077,17,,das_cmdapi_live_20260708T193719Z,2026-07-08,das_tms_reconstructed_1m
ZCMD,2026-07-08T19:58:00Z,2026-07-08,2026,7,2.59,2.59,2.5,2.501,7273,2.5152219991750306,39,,das_cmdapi_live_20260708T193719Z,2026-07-08,das_tms_reconstructed_1m
ZCMD,2026-07-08T19:59:00Z,2026-07-08,2026,7,2.59,2.59,2.5,2.51,2630,2.525909543726236,22,,das_cmdapi_live_20260708T193719Z,2026-07-08,das_tms_reconstructed_1m
ZCMD,2026-07-08T20:00:00Z,2026-07-08,2026,7,2.5,2.58,2.5,2.5251,27484,2.501955854315238,14,,das_cmdapi_live_20260708T193719Z,2026-07-08,das_tms_reconstructed_1m
ZCMD,2026-07-08T20:01:00Z,2026-07-08,2026,7,2.57,2.57,2.48,2.5,680,2.5167875,11,,das_cmdapi_live_20260708T193719Z,2026-07-08,das_tms_reconstructed_1m
ZCMD,2026-07-08T20:02:00Z,2026-07-08,2026,7,2.5081,2.55,2.5,2.5082,684,2.5040793859649124,13,,das_cmdapi_live_20260708T193719Z,2026-07-08,das_tms_reconstructed_1m
ZCMD,2026-07-08T20:03:00Z,2026-07-08,2026,7,2.5,2.54,2.5,2.5059,445,2.5080483146067416,13,,das_cmdapi_live_20260708T193719Z,2026-07-08,das_tms_reconstructed_1m
ZCMD,2026-07-08T20:04:00Z,2026-07-08,2026,7,2.53,2.55,2.5,2.525,628,2.5451433121019105,8,,das_cmdapi_live_20260708T193719Z,2026-07-08,das_tms_reconstructed_1m
ZCMD,2026-07-08T20:05:00Z,2026-07-08,2026,7,2.5,2.54,2.5,2.5,4461,2.5123725846222817,24,,das_cmdapi_live_20260708T193719Z,2026-07-08,das_tms_reconstructed_1m
ZCMD,2026-07-08T20:06:00Z,2026-07-08,2026,7,2.54,2.54,2.5,2.5,2188,2.5001357404021936,8,,das_cmdapi_live_20260708T193719Z,2026-07-08,das_tms_reconstructed_1m
