run_id,market_date,ticker,symbol,event_type,filter_status,session,observed_at_utc,price_usd,volume_shares,market_cap_usd,market_cap_asof_date,market_cap_source,failure_reasons,toplist_seen,capture_status,lv1_bid,lv1_ask,lv1_last,lv1_volume,quote_raw_line
das_cmdapi_live_20260708T193719Z,2026-07-08,SOXS,SOXS,screener_evaluated,FAIL,regular_market,2026-07-08T19:37:47+00:00,4.5201,797308572,,,unavailable_in_market_cap_reference,market_cap_unavailable,True,,4.52,4.53,4.5201,797308572,$Quote SOXS A:4.53 Asz:25 B:4.52 Bsz:23 V:797308572 L:4.5201 Hi:4.99 Lo:4.46 op:4.98 ycl:4.8 tcl:0 PE:A VWAP:4.772 tradesAllDay:472156 RVOL:143 T:15:37:45
das_cmdapi_live_20260708T193719Z,2026-07-08,EDBL,EDBL,screener_evaluated,FAIL,regular_market,2026-07-08T19:37:50+00:00,0.1194,459424758,32362.496000000003,2026-03-06,C:\TSIS_Data\01_TSIS_DATA_FOUNDATION\runs\backtest\market_cap_last_observed_cutoff\20260320_market_cap_last_observed_cutoff\market_cap_cutoff_lt_1b_active_inactive.csv,price_outside_range,True,,0.1194,0.1194,0.1194,459424758,$Quote EDBL A:0.1194 Asz:395 B:0.1194 Bsz:1 V:459424758 L:0.1194 Hi:0.151 Lo:0.1038 op:0.1312 ycl:0.0877 tcl:0 PE:Q VWAP:0.13877 tradesAllDay:350449 RVOL:2453 T:15:37:30
das_cmdapi_live_20260708T193719Z,2026-07-08,AAL,AAL,screener_evaluated,FAIL,regular_market,2026-07-08T19:37:52+00:00,16.575,159689036,,,unavailable_in_market_cap_reference,market_cap_unavailable,True,,16.57,16.58,16.575,159689036,$Quote AAL A:16.58 Asz:173 B:16.57 Bsz:119 V:159689036 L:16.575 Hi:16.91 Lo:16.11 op:16.835 ycl:17.2 tcl:0 PE:Q VWAP:16.452 tradesAllDay:189328 RVOL:123 T:15:37:50
das_cmdapi_live_20260708T193719Z,2026-07-08,ONFO,ONFO,screener_evaluated,FAIL,regular_market,2026-07-08T19:37:54+00:00,0.237,135220085,2661329.3200000003,2026-03-06,C:\TSIS_Data\01_TSIS_DATA_FOUNDATION\runs\backtest\market_cap_last_observed_cutoff\20260320_market_cap_last_observed_cutoff\market_cap_cutoff_lt_1b_active_inactive.csv,price_outside_range,True,,0.2374,0.2393,0.237,135220085,$Quote ONFO A:0.2393 Asz:1 B:0.2374 Bsz:19 V:135220085 L:0.237 Hi:0.5869 Lo:0.2222 op:0.5369 ycl:0.394 tcl:0 PE:Q VWAP:0.51648 tradesAllDay:291725 RVOL:39504 T:15:37:53
das_cmdapi_live_20260708T193719Z,2026-07-08,NVDA,NVDA,screener_evaluated,FAIL,regular_market,2026-07-08T19:37:57+00:00,205.065,109458223,,,unavailable_in_market_cap_reference,market_cap_unavailable|price_outside_range,True,,205.06,205.07,205.065,109458223,$Quote NVDA A:205.07 Asz:29 B:205.06 Bsz:2 V:109458223 L:205.065 Hi:205.16 Lo:195.1 op:195.18 ycl:196.93 tcl:0 PE:Q VWAP:200.04 tradesAllDay:1453418 RVOL:88 T:15:37:55
das_cmdapi_live_20260708T193719Z,2026-07-08,OPEN,OPEN,screener_evaluated,FAIL,regular_market,2026-07-08T19:37:59+00:00,4.805,92337381,,,unavailable_in_market_cap_reference,market_cap_unavailable,True,,4.8,4.81,4.805,92337381,$Quote OPEN A:4.81 Asz:306 B:4.8 Bsz:92 V:92337381 L:4.805 Hi:4.82 Lo:4.535 op:4.715 ycl:4.79 tcl:0 PE:Q VWAP:4.6858 tradesAllDay:101778 RVOL:175 T:15:37:57
das_cmdapi_live_20260708T193719Z,2026-07-08,RIVN,RIVN,screener_evaluated,FAIL,regular_market,2026-07-08T19:38:02+00:00,16.745,89787334,,,unavailable_in_market_cap_reference,market_cap_unavailable,True,,16.73,16.74,16.745,89787334,$Quote RIVN A:16.74 Asz:14 B:16.73 Bsz:46 V:89787334 L:16.745 Hi:16.75 Lo:15.4307 op:15.67 ycl:16.49 tcl:0 PE:Q VWAP:16.092 tradesAllDay:326449 RVOL:296 T:15:38:00
das_cmdapi_live_20260708T193719Z,2026-07-08,INTC,INTC,screener_evaluated,FAIL,regular_market,2026-07-08T19:38:04+00:00,107.89,83674772,,,unavailable_in_market_cap_reference,market_cap_unavailable|price_outside_range,True,,107.88,107.91,107.89,83674772,$Quote INTC A:107.91 Asz:7 B:107.88 Bsz:3 V:83674772 L:107.89 Hi:110.3 Lo:104.41 op:108.31 ycl:110.39 tcl:0 PE:Q VWAP:107.28 tradesAllDay:889676 RVOL:76 T:15:38:03
das_cmdapi_live_20260708T193719Z,2026-07-08,SOFI,SOFI,screener_evaluated,FAIL,regular_market,2026-07-08T19:38:07+00:00,17.645,78178478,,,unavailable_in_market_cap_reference,market_cap_unavailable,True,,17.64,17.65,17.645,78178478,$Quote SOFI A:17.65 Asz:123 B:17.64 Bsz:14 V:78178478 L:17.645 Hi:17.645 Lo:17.08 op:17.34 ycl:17.75 tcl:0 PE:Q VWAP:17.381 tradesAllDay:178394 RVOL:110 T:15:38:05
das_cmdapi_live_20260708T193719Z,2026-07-08,BIYA,BIYA,screener_evaluated,FAIL,regular_market,2026-07-08T19:38:09+00:00,0.5399,74518546,,,unavailable_in_market_cap_reference,market_cap_unavailable,True,,0.5375,0.5535,0.5399,74518546,$Quote BIYA A:0.5535 Asz:12 B:0.5375 Bsz:6 V:74518546 L:0.5399 Hi:0.6354 Lo:0.2988 op:0.2994 ycl:0.413 tcl:0 PE:Q VWAP:0.5272 tradesAllDay:156064 RVOL:309 T:15:38:04
das_cmdapi_live_20260708T193719Z,2026-07-08,NVD,NVD,screener_evaluated,FAIL,regular_market,2026-07-08T19:38:11+00:00,4.93,73188154,,,unavailable_in_market_cap_reference,market_cap_unavailable,True,,4.93,4.94,4.93,73188154,$Quote NVD A:4.94 Asz:1866 B:4.93 Bsz:2527 V:73188154 L:4.93 Hi:5.47 Lo:4.9213 op:5.47 ycl:5.38 tcl:0 PE:Q VWAP:5.2113 tradesAllDay:22075 RVOL:137 T:15:38:10
das_cmdapi_live_20260708T193719Z,2026-07-08,CPOP,CPOP,screener_evaluated,FAIL,regular_market,2026-07-08T19:38:14+00:00,0.07,71644526,817700.3400000001,2026-03-06,C:\TSIS_Data\01_TSIS_DATA_FOUNDATION\runs\backtest\market_cap_last_observed_cutoff\20260320_market_cap_last_observed_cutoff\market_cap_cutoff_lt_1b_active_inactive.csv,price_outside_range,True,,0.0699,0.07,0.07,71644526,$Quote CPOP A:0.07 Asz:56 B:0.0699 Bsz:2 V:71644526 L:0.07 Hi:0.072 Lo:0.055 op:0.063 ycl:0.1019 tcl:0 PE:Q VWAP:0.062986 tradesAllDay:46339 RVOL:128 T:15:38:11
das_cmdapi_live_20260708T193719Z,2026-07-08,TQQQ,TQQQ,screener_evaluated,FAIL,regular_market,2026-07-08T19:38:16+00:00,72.45,60939943,,,unavailable_in_market_cap_reference,market_cap_unavailable|price_outside_range,True,,72.45,72.46,72.45,60939943,$Quote TQQQ A:72.46 Asz:31 B:72.45 Bsz:2 V:60939943 L:72.45 Hi:72.68 Lo:69.57 op:70.795 ycl:72.23 tcl:0 PE:Q VWAP:71.178 tradesAllDay:408338 RVOL:95 T:15:38:14
das_cmdapi_live_20260708T193719Z,2026-07-08,SQQQ,SQQQ,screener_evaluated,FAIL,regular_market,2026-07-08T19:38:19+00:00,40.255,58269044,,,unavailable_in_market_cap_reference,market_cap_unavailable|price_outside_range,True,,40.25,40.26,40.255,58269044,$Quote SQQQ A:40.26 Asz:133 B:40.25 Bsz:102 V:58269044 L:40.255 Hi:41.855 Lo:40.1199 op:41.18 ycl:40.38 tcl:0 PE:Q VWAP:40.928 tradesAllDay:205330 RVOL:99 T:15:38:17
das_cmdapi_live_20260708T193719Z,2026-07-08,SKYQ,SKYQ,screener_evaluated,PASS,regular_market,2026-07-08T19:38:21+00:00,3.71,55770341,6564386.76,2026-03-06,C:\TSIS_Data\01_TSIS_DATA_FOUNDATION\runs\backtest\market_cap_last_observed_cutoff\20260320_market_cap_last_observed_cutoff\market_cap_cutoff_lt_1b_active_inactive.csv,,True,,3.69,3.74,3.71,55770341,$Quote SKYQ A:3.74 Asz:7 B:3.69 Bsz:3 V:55770341 L:3.71 Hi:4.39 Lo:3.14 op:3.475 ycl:3 tcl:0 PE:Q VWAP:3.8823 tradesAllDay:300253 RVOL:266 T:15:38:16
das_cmdapi_live_20260708T193719Z,2026-07-08,ONDS,ONDS,screener_evaluated,FAIL,regular_market,2026-07-08T19:38:23+00:00,7.53,52445426,,,unavailable_in_market_cap_reference,market_cap_unavailable,True,,7.52,7.53,7.53,52445426,$Quote ONDS A:7.53 Asz:87 B:7.52 Bsz:173 V:52445426 L:7.53 Hi:7.61 Lo:7.22 op:7.31 ycl:7.35 tcl:0 PE:Q VWAP:7.4281 tradesAllDay:112956 RVOL:96 T:15:38:21
das_cmdapi_live_20260708T193719Z,2026-07-08,VIVK,VIVK,screener_evaluated,FAIL,regular_market,2026-07-08T19:38:26+00:00,0.3264,49820253,1190370.1136999999,2025-12-24,C:\TSIS_Data\01_TSIS_DATA_FOUNDATION\runs\backtest\market_cap_last_observed_cutoff\20260320_market_cap_last_observed_cutoff\market_cap_cutoff_lt_1b_active_inactive.csv,price_outside_range,True,,0.3235,0.3284,0.3264,49820253,$Quote VIVK A:0.3284 Asz:1 B:0.3235 Bsz:25 V:49820253 L:0.3264 Hi:0.3978 Lo:0.306 op:0.336 ycl:0.315 tcl:0 PE:Q VWAP:0.36637 tradesAllDay:83656 RVOL:815 T:15:38:05
das_cmdapi_live_20260708T193719Z,2026-07-08,SPCX,SPCX,screener_evaluated,FAIL,regular_market,2026-07-08T19:38:28+00:00,145.495,49012194,,,unavailable_in_market_cap_reference,market_cap_unavailable|price_outside_range,True,,145.45,145.53,145.495,49012194,$Quote SPCX A:145.53 Asz:1 B:145.45 Bsz:17 V:49012194 L:145.495 Hi:152.93 Lo:145.2 op:152.47 ycl:149.47 tcl:0 PE:Q VWAP:148.79 tradesAllDay:910434 RVOL:34 T:15:38:27
das_cmdapi_live_20260708T193719Z,2026-07-08,EOSER,EOSER,screener_evaluated,FAIL,regular_market,2026-07-08T19:38:31+00:00,0.049,48159859,,,unavailable_in_market_cap_reference,market_cap_unavailable|price_outside_range,True,,0.0481,0.0499,0.049,48159859,$Quote EOSER A:0.0499 Asz:70 B:0.0481 Bsz:100 V:48159859 L:0.049 Hi:0.1008 Lo:0.0471 op:0.088 ycl:0.077 tcl:0 PE:Q VWAP:0.078367 tradesAllDay:58441 RVOL:293 T:15:38:18
das_cmdapi_live_20260708T193719Z,2026-07-08,YHC,YHC,screener_evaluated,FAIL,regular_market,2026-07-08T19:38:33+00:00,0.0358,47759245,2939381.67,2026-03-06,C:\TSIS_Data\01_TSIS_DATA_FOUNDATION\runs\backtest\market_cap_last_observed_cutoff\20260320_market_cap_last_observed_cutoff\market_cap_cutoff_lt_1b_active_inactive.csv,price_outside_range,True,,0.0357,0.0358,0.0358,47759245,$Quote YHC A:0.0358 Asz:10 B:0.0357 Bsz:188 V:47759245 L:0.0358 Hi:0.0362 Lo:0.0339 op:0.0353 ycl:0.04 tcl:0 PE:Q VWAP:0.035245 tradesAllDay:18438 RVOL:77 T:15:38:24
das_cmdapi_live_20260708T193719Z,2026-07-08,CAN,CAN,screener_evaluated,FAIL,regular_market,2026-07-08T19:38:36+00:00,0.3286,45701245,,,unavailable_in_market_cap_reference,market_cap_unavailable|price_outside_range,True,,0.3276,0.3286,0.3286,45701245,$Quote CAN A:0.3286 Asz:2 B:0.3276 Bsz:10 V:45701245 L:0.3286 Hi:0.345 Lo:0.265 op:0.2698 ycl:0.267 tcl:0 PE:Q VWAP:0.32118 tradesAllDay:70117 RVOL:587 T:15:38:31
das_cmdapi_live_20260708T193719Z,2026-07-08,CEPL,CEPL,screener_evaluated,FAIL,regular_market,2026-07-08T19:38:38+00:00,11.42,288828,,,unavailable_in_market_cap_reference,market_cap_unavailable|volume_below_min,True,,11.4,11.5,11.42,288828,$Quote CEPL A:11.5 Asz:75 B:11.4 Bsz:1 V:288828 L:11.42 Hi:11.5 Lo:9.69 op:9.69 ycl:0 tcl:0 PE:Q VWAP:10.522 tradesAllDay:3359 RVOL:0 T:15:38:34
das_cmdapi_live_20260708T193719Z,2026-07-08,NVVE,NVVE,screener_evaluated,PASS,regular_market,2026-07-08T19:38:40+00:00,8.9613,36604415,15027.14925,2026-03-06,C:\TSIS_Data\01_TSIS_DATA_FOUNDATION\runs\backtest\market_cap_last_observed_cutoff\20260320_market_cap_last_observed_cutoff\market_cap_cutoff_lt_1b_active_inactive.csv,,True,,8.94,9.0,8.9613,36604415,$Quote NVVE A:9 Asz:2 B:8.94 Bsz:3 V:36604415 L:8.9613 Hi:11.9794 Lo:4.935 op:5.19 ycl:5.19 tcl:0 PE:Q VWAP:9.2756 tradesAllDay:440058 RVOL:50000 T:15:38:33
das_cmdapi_live_20260708T193719Z,2026-07-08,TVRD,TVRD,screener_evaluated,PASS,regular_market,2026-07-08T19:38:43+00:00,5.0711,34268059,20511977.38,2026-03-06,C:\TSIS_Data\01_TSIS_DATA_FOUNDATION\runs\backtest\market_cap_last_observed_cutoff\20260320_market_cap_last_observed_cutoff\market_cap_cutoff_lt_1b_active_inactive.csv,,True,,5.07,5.09,5.0711,34268059,$Quote TVRD A:5.09 Asz:1 B:5.07 Bsz:3 V:34268059 L:5.0711 Hi:5.13 Lo:3.02 op:3.25 ycl:3.1 tcl:0 PE:Q VWAP:4.3667 tradesAllDay:200566 RVOL:932 T:15:38:41
das_cmdapi_live_20260708T193719Z,2026-07-08,IOTR,IOTR,screener_evaluated,FAIL,regular_market,2026-07-08T19:38:45+00:00,3.54,23943665,,,unavailable_in_market_cap_reference,market_cap_unavailable,True,,3.54,3.55,3.54,23943665,$Quote IOTR A:3.55 Asz:16 B:3.54 Bsz:1 V:23943665 L:3.54 Hi:3.8 Lo:3.09 op:3.55 ycl:2.52 tcl:0 PE:Q VWAP:3.7445 tradesAllDay:259026 RVOL:8351 T:15:38:39
das_cmdapi_live_20260708T193719Z,2026-07-08,FRTT,FRTT,screener_evaluated,FAIL,regular_market,2026-07-08T19:38:48+00:00,1.24,11264528,,,unavailable_in_market_cap_reference,market_cap_unavailable,True,,1.24,1.25,1.24,11264528,$Quote FRTT A:1.25 Asz:6 B:1.24 Bsz:83 V:11264528 L:1.24 Hi:1.43 Lo:0.82 op:0.8776 ycl:0.904 tcl:0 PE:Q VWAP:1.2626 tradesAllDay:38944 RVOL:281 T:15:38:45
das_cmdapi_live_20260708T193719Z,2026-07-08,ELTX,ELTX,screener_evaluated,FAIL,regular_market,2026-07-08T19:38:50+00:00,3.525,3950726,194133495.88000003,2026-03-06,C:\TSIS_Data\01_TSIS_DATA_FOUNDATION\runs\backtest\market_cap_last_observed_cutoff\20260320_market_cap_last_observed_cutoff\market_cap_cutoff_lt_1b_active_inactive.csv,market_cap_above_limit,True,,3.52,3.53,3.525,3950726,$Quote ELTX A:3.53 Asz:3 B:3.52 Bsz:1 V:3950726 L:3.525 Hi:3.67 Lo:2.87 op:2.91 ycl:2.8 tcl:0 PE:Q VWAP:3.427 tradesAllDay:22275 RVOL:95 T:15:38:40
das_cmdapi_live_20260708T193719Z,2026-07-08,PENG,PENG,screener_evaluated,FAIL,regular_market,2026-07-08T19:38:53+00:00,78.88,12204616,,,unavailable_in_market_cap_reference,market_cap_unavailable|price_outside_range,True,,78.88,78.97,78.88,12204616,$Quote PENG A:78.97 Asz:13 B:78.88 Bsz:1 V:12204616 L:78.88 Hi:80 Lo:63.7601 op:67.85 ycl:62.71 tcl:0 PE:Q VWAP:74.545 tradesAllDay:143282 RVOL:433 T:15:38:49
das_cmdapi_live_20260708T193719Z,2026-07-08,BABU,BABU,screener_evaluated,FAIL,regular_market,2026-07-08T19:38:55+00:00,9.64,796169,,,unavailable_in_market_cap_reference,market_cap_unavailable,True,,9.64,9.65,9.64,796169,$Quote BABU A:9.65 Asz:45 B:9.64 Bsz:92 V:796169 L:9.64 Hi:9.68 Lo:9.04 op:9.3 ycl:7.815 tcl:0 PE:Q VWAP:9.488 tradesAllDay:2963 RVOL:825 T:15:38:50
das_cmdapi_live_20260708T193719Z,2026-07-08,LHAI,LHAI,screener_evaluated,PASS,regular_market,2026-07-08T19:38:57+00:00,1.555,26124312,21147210.0,2026-03-06,C:\TSIS_Data\01_TSIS_DATA_FOUNDATION\runs\backtest\market_cap_last_observed_cutoff\20260320_market_cap_last_observed_cutoff\market_cap_cutoff_lt_1b_active_inactive.csv,,True,,1.55,1.56,1.555,26124312,$Quote LHAI A:1.56 Asz:6 B:1.55 Bsz:11 V:26124312 L:1.555 Hi:1.68 Lo:1.36 op:1.395 ycl:1.29 tcl:0 PE:Q VWAP:1.5286 tradesAllDay:97230 RVOL:151 T:15:38:55
das_cmdapi_live_20260708T193719Z,2026-07-08,BABX,BABX,screener_evaluated,FAIL,regular_market,2026-07-08T19:39:00+00:00,17.77,2757822,,,unavailable_in_market_cap_reference,market_cap_unavailable,True,,17.77,17.78,17.77,2757822,$Quote BABX A:17.78 Asz:29 B:17.77 Bsz:3 V:2757822 L:17.77 Hi:17.86 Lo:16.6401 op:17.19 ycl:14.44 tcl:0 PE:Q VWAP:17.406 tradesAllDay:14195 RVOL:360 T:15:38:58
das_cmdapi_live_20260708T193719Z,2026-07-08,ZCMD,ZCMD,screener_evaluated,PASS,regular_market,2026-07-08T19:39:02+00:00,2.73,3343065,1991428.416,2025-10-22,C:\TSIS_Data\01_TSIS_DATA_FOUNDATION\runs\backtest\market_cap_last_observed_cutoff\20260320_market_cap_last_observed_cutoff\market_cap_cutoff_lt_1b_active_inactive.csv,,True,,2.71,2.73,2.73,3343065,$Quote ZCMD A:2.73 Asz:5 B:2.71 Bsz:1 V:3343065 L:2.73 Hi:2.97 Lo:2.01 op:2.015 ycl:2.2 tcl:0 PE:Q VWAP:2.5379 tradesAllDay:27431 RVOL:74 T:15:38:54
das_cmdapi_live_20260708T193719Z,2026-07-08,ZTG,ZTG,screener_evaluated,FAIL,regular_market,2026-07-08T19:39:05+00:00,2.78,380196,,,unavailable_in_market_cap_reference,market_cap_unavailable,True,,2.69,2.89,2.78,380196,$Quote ZTG A:2.89 Asz:2 B:2.69 Bsz:2 V:380196 L:2.78 Hi:2.89 Lo:2.1 op:2.23 ycl:2.28 tcl:0 PE:Q VWAP:2.4703 tradesAllDay:2567 RVOL:319 T:15:38:32
das_cmdapi_live_20260708T193719Z,2026-07-08,NBIL,NBIL,screener_evaluated,FAIL,regular_market,2026-07-08T19:39:07+00:00,32.35,3088095,,,unavailable_in_market_cap_reference,market_cap_unavailable|price_outside_range,True,,32.27,32.36,32.35,3088095,$Quote NBIL A:32.36 Asz:12 B:32.27 Bsz:9 V:3088095 L:32.35 Hi:32.38 Lo:26.435 op:26.54 ycl:26.92 tcl:0 PE:Q VWAP:29.057 tradesAllDay:17150 RVOL:207 T:15:39:02
das_cmdapi_live_20260708T193719Z,2026-07-08,NBIG,NBIG,screener_evaluated,FAIL,regular_market,2026-07-08T19:39:09+00:00,22.475,1751429,,,unavailable_in_market_cap_reference,market_cap_unavailable|price_outside_range,True,,22.42,22.53,22.475,1751429,$Quote NBIG A:22.53 Asz:20 B:22.42 Bsz:22 V:1751429 L:22.475 Hi:22.54 Lo:18.25 op:18.44 ycl:18.72 tcl:0 PE:Q VWAP:20.322 tradesAllDay:11014 RVOL:160 T:15:39:07
das_cmdapi_live_20260708T193719Z,2026-07-08,SILO,SILO,screener_evaluated,FAIL,regular_market,2026-07-08T19:39:12+00:00,6.72,243143,1138907.9143,2026-03-06,C:\TSIS_Data\01_TSIS_DATA_FOUNDATION\runs\backtest\market_cap_last_observed_cutoff\20260320_market_cap_last_observed_cutoff\market_cap_cutoff_lt_1b_active_inactive.csv,volume_below_min,True,,6.65,6.75,6.72,243143,$Quote SILO A:6.75 Asz:1 B:6.65 Bsz:6 V:243143 L:6.72 Hi:6.91 Lo:5.77 op:5.77 ycl:5.66 tcl:0 PE:Q VWAP:6.334 tradesAllDay:3336 RVOL:74 T:15:38:37
das_cmdapi_live_20260708T193719Z,2026-07-08,TC,TC,screener_evaluated,FAIL,regular_market,2026-07-08T19:39:14+00:00,2.42,5171389,,,unavailable_in_market_cap_reference,market_cap_unavailable,True,,2.4,2.44,2.42,5171389,$Quote TC A:2.44 Asz:8 B:2.4 Bsz:17 V:5171389 L:2.42 Hi:2.92 Lo:2.21 op:2.52 ycl:2.05 tcl:0 PE:Q VWAP:2.5453 tradesAllDay:36400 RVOL:137 T:15:34:57
das_cmdapi_live_20260708T193719Z,2026-07-08,VANI,VANI,screener_evaluated,PASS,regular_market,2026-07-08T19:39:16+00:00,1.585,2010556,63604417.49999999,2026-03-06,C:\TSIS_Data\01_TSIS_DATA_FOUNDATION\runs\backtest\market_cap_last_observed_cutoff\20260320_market_cap_last_observed_cutoff\market_cap_cutoff_lt_1b_active_inactive.csv,,True,,1.58,1.59,1.585,2010556,$Quote VANI A:1.59 Asz:57 B:1.58 Bsz:8 V:2010556 L:1.585 Hi:1.59 Lo:1.33 op:1.36 ycl:1.35 tcl:0 PE:Q VWAP:1.5093 tradesAllDay:7051 RVOL:276 T:15:38:58
das_cmdapi_live_20260708T193719Z,2026-07-08,TCRX,TCRX,screener_evaluated,FAIL,regular_market,2026-07-08T19:39:19+00:00,1.2531,2283132,125429267.04,2026-03-06,C:\TSIS_Data\01_TSIS_DATA_FOUNDATION\runs\backtest\market_cap_last_observed_cutoff\20260320_market_cap_last_observed_cutoff\market_cap_cutoff_lt_1b_active_inactive.csv,market_cap_above_limit,True,,1.25,1.26,1.2531,2283132,$Quote TCRX A:1.26 Asz:32 B:1.25 Bsz:17 V:2283132 L:1.2531 Hi:1.28 Lo:1.03 op:1.08 ycl:1.07 tcl:0 PE:Q VWAP:1.1523 tradesAllDay:5185 RVOL:366 T:15:38:49
das_cmdapi_live_20260708T193719Z,2026-07-08,ANEL,ANEL,screener_evaluated,FAIL,regular_market,2026-07-08T19:39:21+00:00,23.4,469273,,,unavailable_in_market_cap_reference,market_cap_unavailable|price_outside_range,True,,23.4,23.44,23.4,469273,$Quote ANEL A:23.44 Asz:7 B:23.4 Bsz:2 V:469273 L:23.4 Hi:23.4 Lo:20.27 op:20.27 ycl:20.17 tcl:0 PE:Q VWAP:22.37 tradesAllDay:3041 RVOL:443 T:15:39:20
das_cmdapi_live_20260708T193719Z,2026-07-08,SDOT,SDOT,screener_evaluated,PASS,regular_market,2026-07-08T19:39:24+00:00,19.35,3097864,982222.64,2026-03-06,C:\TSIS_Data\01_TSIS_DATA_FOUNDATION\runs\backtest\market_cap_last_observed_cutoff\20260320_market_cap_last_observed_cutoff\market_cap_cutoff_lt_1b_active_inactive.csv,,True,,19.25,20.0,19.35,3097864,$Quote SDOT A:20 Asz:3 B:19.25 Bsz:1 V:3097864 L:19.35 Hi:38 Lo:11 op:33.02 ycl:40 tcl:0 PE:Q VWAP:19.893 tradesAllDay:56866 RVOL:78 T:15:38:40
das_cmdapi_live_20260708T193719Z,2026-07-08,CMMB,CMMB,screener_evaluated,FAIL,regular_market,2026-07-08T19:39:26+00:00,1.86,2051770,,,unavailable_in_market_cap_reference,market_cap_unavailable,True,,1.85,1.86,1.86,2051770,$Quote CMMB A:1.86 Asz:360 B:1.85 Bsz:3 V:2051770 L:1.86 Hi:2.42 Lo:1.76 op:2.3 ycl:2.77 tcl:0 PE:Q VWAP:2.3654 tradesAllDay:8798 RVOL:1626 T:15:36:34
das_cmdapi_live_20260708T193719Z,2026-07-08,INLF,INLF,screener_evaluated,PASS,regular_market,2026-07-08T19:39:29+00:00,3.915,426138,5967301.0033,2026-03-06,C:\TSIS_Data\01_TSIS_DATA_FOUNDATION\runs\backtest\market_cap_last_observed_cutoff\20260320_market_cap_last_observed_cutoff\market_cap_cutoff_lt_1b_active_inactive.csv,,True,,3.84,3.99,3.915,426138,$Quote INLF A:3.99 Asz:4 B:3.84 Bsz:1 V:426138 L:3.915 Hi:4.98 Lo:3.826 op:4.85 ycl:5.35 tcl:0 PE:Q VWAP:4.3089 tradesAllDay:7822 RVOL:27 T:15:38:40
das_cmdapi_live_20260708T193719Z,2026-07-08,CLRO,CLRO,screener_evaluated,PASS,regular_market,2026-07-08T19:39:31+00:00,9.93,5767588,7277879.699999999,2026-03-06,C:\TSIS_Data\01_TSIS_DATA_FOUNDATION\runs\backtest\market_cap_last_observed_cutoff\20260320_market_cap_last_observed_cutoff\market_cap_cutoff_lt_1b_active_inactive.csv,,True,,9.95,10.0,9.93,5767588,$Quote CLRO A:10 Asz:3 B:9.95 Bsz:1 V:5767588 L:9.93 Hi:14.59 Lo:9.5 op:11.87 ycl:13.84 tcl:0 PE:Q VWAP:12.054 tradesAllDay:74228 RVOL:68 T:15:39:30
das_cmdapi_live_20260708T193719Z,2026-07-08,TDTH,TDTH,screener_evaluated,FAIL,regular_market,2026-07-08T19:39:34+00:00,1.92,1509377,,,unavailable_in_market_cap_reference,market_cap_unavailable,True,,1.87,1.9,1.92,1509377,$Quote TDTH A:1.9 Asz:25 B:1.87 Bsz:10 V:1509377 L:1.92 Hi:2.12 Lo:1.78 op:2.1 ycl:2.56 tcl:0 PE:Q VWAP:1.9684 tradesAllDay:9871 RVOL:50 T:15:39:14
das_cmdapi_live_20260708T193719Z,2026-07-08,PLBL,PLBL,screener_evaluated,FAIL,regular_market,2026-07-08T19:39:36+00:00,7.6234,371368,,,unavailable_in_market_cap_reference,market_cap_unavailable,True,,7.56,7.81,7.6234,371368,$Quote PLBL A:7.81 Asz:1 B:7.56 Bsz:3 V:371368 L:7.6234 Hi:10 Lo:7.05 op:9.82 ycl:10.01 tcl:0 PE:Q VWAP:8.6569 tradesAllDay:7061 RVOL:127 T:15:37:50
das_cmdapi_live_20260708T193719Z,2026-07-08,BTAI,BTAI,screener_evaluated,PASS,regular_market,2026-07-08T19:39:38+00:00,0.8132,4744346,10880960.0,2026-03-06,C:\TSIS_Data\01_TSIS_DATA_FOUNDATION\runs\backtest\market_cap_last_observed_cutoff\20260320_market_cap_last_observed_cutoff\market_cap_cutoff_lt_1b_active_inactive.csv,,True,,0.8003,0.8018,0.8132,4744346,$Quote BTAI A:0.8018 Asz:2 B:0.8003 Bsz:21 V:4744346 L:0.8132 Hi:1.05 Lo:0.7949 op:1.05 ycl:1.04 tcl:0 PE:Q VWAP:0.86535 tradesAllDay:9956 RVOL:578 T:15:39:32
das_cmdapi_live_20260708T193719Z,2026-07-08,VEEE,VEEE,screener_evaluated,PASS,regular_market,2026-07-08T19:39:41+00:00,4.45,1728170,781344.037,2026-03-06,C:\TSIS_Data\01_TSIS_DATA_FOUNDATION\runs\backtest\market_cap_last_observed_cutoff\20260320_market_cap_last_observed_cutoff\market_cap_cutoff_lt_1b_active_inactive.csv,,True,,4.41,4.49,4.45,1728170,$Quote VEEE A:4.49 Asz:1 B:4.41 Bsz:1 V:1728170 L:4.45 Hi:6 Lo:4.22 op:5.86 ycl:5.63 tcl:0 PE:Q VWAP:5.8141 tradesAllDay:26130 RVOL:1698 T:15:38:27
das_cmdapi_live_20260708T193719Z,2026-07-08,ZSQR,ZSQR,screener_evaluated,FAIL,regular_market,2026-07-08T19:39:43+00:00,7.01,499148,,,unavailable_in_market_cap_reference,market_cap_unavailable,True,,6.97,7.03,7.01,499148,$Quote ZSQR A:7.03 Asz:4 B:6.97 Bsz:2 V:499148 L:7.01 Hi:8.5248 Lo:6.95 op:8.51 ycl:8.49 tcl:0 PE:Q VWAP:7.836 tradesAllDay:5158 RVOL:70 T:15:38:37
das_cmdapi_live_20260708T193719Z,2026-07-08,LUCY,LUCY,screener_evaluated,PASS,regular_market,2026-07-08T19:39:46+00:00,1.085,42158521,5210914.98,2026-03-06,C:\TSIS_Data\01_TSIS_DATA_FOUNDATION\runs\backtest\market_cap_last_observed_cutoff\20260320_market_cap_last_observed_cutoff\market_cap_cutoff_lt_1b_active_inactive.csv,,True,,1.08,1.09,1.085,42158521,$Quote LUCY A:1.09 Asz:190 B:1.08 Bsz:4 V:42158521 L:1.085 Hi:1.72 Lo:1 op:1.72 ycl:1.27 tcl:0 PE:Q VWAP:1.4993 tradesAllDay:122160 RVOL:439 T:15:39:44
das_cmdapi_live_20260708T193719Z,2026-07-08,CD,CD,screener_evaluated,FAIL,regular_market,2026-07-08T19:39:48+00:00,3.69,217255,,,unavailable_in_market_cap_reference,market_cap_unavailable|volume_below_min,True,,3.67,3.8,3.69,217255,$Quote CD A:3.8 Asz:5 B:3.67 Bsz:4 V:217255 L:3.69 Hi:4.57 Lo:3.6 op:4.26 ycl:4.33 tcl:0 PE:Q VWAP:4.017 tradesAllDay:3473 RVOL:55 T:15:39:46
das_cmdapi_live_20260708T193719Z,2026-07-08,JEM,JEM,screener_evaluated,PASS,regular_market,2026-07-08T19:39:51+00:00,1.1317,3906178,1751582.7168,2026-03-06,C:\TSIS_Data\01_TSIS_DATA_FOUNDATION\runs\backtest\market_cap_last_observed_cutoff\20260320_market_cap_last_observed_cutoff\market_cap_cutoff_lt_1b_active_inactive.csv,,True,,1.13,1.14,1.1317,3906178,$Quote JEM A:1.14 Asz:45 B:1.13 Bsz:10 V:3906178 L:1.1317 Hi:1.27 Lo:1 op:1.18 ycl:1.35 tcl:0 PE:Q VWAP:1.1146 tradesAllDay:21107 RVOL:34 T:15:39:44
das_cmdapi_live_20260708T193719Z,2026-07-08,ECOR,ECOR,screener_evaluated,FAIL,regular_market,2026-07-08T19:39:53+00:00,6.705,274385,55437050.0,2026-03-06,C:\TSIS_Data\01_TSIS_DATA_FOUNDATION\runs\backtest\market_cap_last_observed_cutoff\20260320_market_cap_last_observed_cutoff\market_cap_cutoff_lt_1b_active_inactive.csv,volume_below_min,True,,6.66,6.75,6.705,274385,$Quote ECOR A:6.75 Asz:3 B:6.66 Bsz:1 V:274385 L:6.705 Hi:7.925 Lo:6.3 op:7.69 ycl:7.91 tcl:0 PE:Q VWAP:6.8149 tradesAllDay:4500 RVOL:325 T:15:39:47
das_cmdapi_live_20260708T193719Z,2026-07-08,BEG,BEG,screener_evaluated,FAIL,regular_market,2026-07-08T19:39:55+00:00,55.55,443424,,,unavailable_in_market_cap_reference,market_cap_unavailable|price_outside_range,True,,55.46,55.81,55.55,443424,$Quote BEG A:55.81 Asz:4 B:55.46 Bsz:19 V:443424 L:55.55 Hi:64.9599 Lo:48.6155 op:61.4 ycl:64.93 tcl:0 PE:Q VWAP:55.465 tradesAllDay:7323 RVOL:371 T:15:39:51
das_cmdapi_live_20260708T193719Z,2026-07-08,JLHL,JLHL,screener_evaluated,FAIL,regular_market,2026-07-08T19:39:58+00:00,3.7,443583,116818421.07000001,2026-03-06,C:\TSIS_Data\01_TSIS_DATA_FOUNDATION\runs\backtest\market_cap_last_observed_cutoff\20260320_market_cap_last_observed_cutoff\market_cap_cutoff_lt_1b_active_inactive.csv,market_cap_above_limit,True,,3.7,3.9,3.7,443583,$Quote JLHL A:3.9 Asz:4 B:3.7 Bsz:298 V:443583 L:3.7 Hi:4.17 Lo:3.6 op:4 ycl:4.32 tcl:0 PE:Q VWAP:3.8623 tradesAllDay:3948 RVOL:95 T:15:39:51
das_cmdapi_live_20260708T193719Z,2026-07-08,ALHC,ALHC,screener_evaluated,FAIL,regular_market,2026-07-08T19:40:00+00:00,20.06,11447745,,,unavailable_in_market_cap_reference,market_cap_unavailable|price_outside_range,True,,20.05,20.07,20.06,11447745,$Quote ALHC A:20.07 Asz:5 B:20.05 Bsz:14 V:11447745 L:20.06 Hi:24.36 Lo:19.5 op:23.93 ycl:24.05 tcl:0 PE:Q VWAP:21.632 tradesAllDay:106065 RVOL:244 T:15:39:58
das_cmdapi_live_20260708T193719Z,2026-07-08,BBLG,BBLG,screener_evaluated,PASS,regular_market,2026-07-08T19:40:02+00:00,1.265,338021,323788.8,2026-03-06,C:\TSIS_Data\01_TSIS_DATA_FOUNDATION\runs\backtest\market_cap_last_observed_cutoff\20260320_market_cap_last_observed_cutoff\market_cap_cutoff_lt_1b_active_inactive.csv,,True,,1.26,1.27,1.265,338021,$Quote BBLG A:1.27 Asz:3 B:1.26 Bsz:1 V:338021 L:1.265 Hi:1.35 Lo:1.25 op:1.35 ycl:1.47 tcl:0 PE:Q VWAP:1.3934 tradesAllDay:3319 RVOL:286 T:15:27:54
das_cmdapi_live_20260708T193719Z,2026-07-08,BJDX,BJDX,screener_evaluated,PASS,regular_market,2026-07-08T19:40:05+00:00,1.2901,2579666,617501.05125,2026-03-06,C:\TSIS_Data\01_TSIS_DATA_FOUNDATION\runs\backtest\market_cap_last_observed_cutoff\20260320_market_cap_last_observed_cutoff\market_cap_cutoff_lt_1b_active_inactive.csv,,True,,1.27,1.31,1.2901,2579666,$Quote BJDX A:1.31 Asz:62 B:1.27 Bsz:2 V:2579666 L:1.2901 Hi:1.48 Lo:1.2 op:1.48 ycl:1.45 tcl:0 PE:Q VWAP:1.3707 tradesAllDay:16276 RVOL:45 T:15:39:19
das_cmdapi_live_20260708T193719Z,2026-07-08,VMAR,VMAR,screener_evaluated,PASS,regular_market,2026-07-08T19:40:07+00:00,1.2,2617309,330645.7457266667,2024-10-02,C:\TSIS_Data\01_TSIS_DATA_FOUNDATION\runs\backtest\market_cap_last_observed_cutoff\20260320_market_cap_last_observed_cutoff\market_cap_cutoff_lt_1b_active_inactive.csv,,True,,1.19,1.21,1.2,2617309,$Quote VMAR A:1.21 Asz:1 B:1.19 Bsz:1 V:2617309 L:1.2 Hi:1.45 Lo:1.11 op:1.45 ycl:1.41 tcl:0 PE:Q VWAP:1.4669 tradesAllDay:20085 RVOL:249 T:15:34:35
das_cmdapi_live_20260708T193719Z,2026-07-08,BETR,BETR,screener_evaluated,FAIL,regular_market,2026-07-08T19:40:09+00:00,24.0,502201,433661785.56,2026-03-06,C:\TSIS_Data\01_TSIS_DATA_FOUNDATION\runs\backtest\market_cap_last_observed_cutoff\20260320_market_cap_last_observed_cutoff\market_cap_cutoff_lt_1b_active_inactive.csv,market_cap_above_limit|price_outside_range,True,,24.0,24.19,24.0,502201,$Quote BETR A:24.19 Asz:1 B:24 Bsz:4 V:502201 L:24 Hi:28.06 Lo:23.625 op:27.58 ycl:27.87 tcl:0 PE:Q VWAP:24.768 tradesAllDay:9758 RVOL:175 T:15:40:05
das_cmdapi_live_20260708T193719Z,2026-07-08,TZA,TZA,screener_evaluated,FAIL,regular_market,2026-07-08T19:40:12+00:00,4.095,328363041,,,unavailable_in_market_cap_reference,market_cap_unavailable,True,,4.09,4.1,4.095,328363041,$Quote TZA A:4.1 Asz:98 B:4.09 Bsz:97 V:328363041 L:4.095 Hi:4.19 Lo:4.01 op:4.05 ycl:3.97 tcl:0 PE:A VWAP:4.1045 tradesAllDay:59901 RVOL:128 T:15:40:09
das_cmdapi_live_20260708T193719Z,2026-07-08,BITO,BITO,screener_evaluated,FAIL,regular_market,2026-07-08T19:40:14+00:00,8.435,266216095,,,unavailable_in_market_cap_reference,market_cap_unavailable,True,,8.43,8.44,8.435,266216095,$Quote BITO A:8.44 Asz:14 B:8.43 Bsz:54 V:266216095 L:8.435 Hi:8.46 Lo:8.33 op:8.38 ycl:8.65 tcl:0 PE:A VWAP:8.3961 tradesAllDay:101223 RVOL:119 T:15:40:12
das_cmdapi_live_20260708T193719Z,2026-07-08,VTAK,VTAK,screener_evaluated,PASS,regular_market,2026-07-08T19:40:17+00:00,1.3397,186857942,152212.31999999998,2026-03-06,C:\TSIS_Data\01_TSIS_DATA_FOUNDATION\runs\backtest\market_cap_last_observed_cutoff\20260320_market_cap_last_observed_cutoff\market_cap_cutoff_lt_1b_active_inactive.csv,,True,,1.33,1.34,1.3397,186857942,$Quote VTAK A:1.34 Asz:192 B:1.33 Bsz:114 V:186857942 L:1.3397 Hi:1.74 Lo:1.2 op:1.21 ycl:0.7127 tcl:0 PE:A VWAP:1.3573 tradesAllDay:540499 RVOL:1912 T:15:40:15
das_cmdapi_live_20260708T193719Z,2026-07-08,SNDQ,SNDQ,screener_evaluated,FAIL,regular_market,2026-07-08T19:40:19+00:00,3.2504,169186719,,,unavailable_in_market_cap_reference,market_cap_unavailable,True,,3.25,3.26,3.2504,169186719,$Quote SNDQ A:3.26 Asz:5 B:3.25 Bsz:2 V:169186719 L:3.2504 Hi:3.59 Lo:3.08 op:3.58 ycl:3.46 tcl:0 PE:A VWAP:3.4284 tradesAllDay:139307 RVOL:242 T:15:40:17
das_cmdapi_live_20260708T193719Z,2026-07-08,BATL,BATL,screener_evaluated,FAIL,regular_market,2026-07-08T19:40:21+00:00,1.595,133644029,367978520.0,2026-03-06,C:\TSIS_Data\01_TSIS_DATA_FOUNDATION\runs\backtest\market_cap_last_observed_cutoff\20260320_market_cap_last_observed_cutoff\market_cap_cutoff_lt_1b_active_inactive.csv,market_cap_above_limit,True,,1.59,1.6,1.595,133644029,$Quote BATL A:1.6 Asz:1 B:1.59 Bsz:0 V:133644029 L:1.595 Hi:2.42 Lo:1.43 op:2.33 ycl:1.78 tcl:0 PE:A VWAP:2.0177 tradesAllDay:416985 RVOL:741 T:15:40:16
das_cmdapi_live_20260708T193719Z,2026-07-08,AMC,AMC,screener_evaluated,FAIL,regular_market,2026-07-08T19:40:24+00:00,1.895,72349664,541132605.0,2026-03-06,C:\TSIS_Data\01_TSIS_DATA_FOUNDATION\runs\backtest\market_cap_last_observed_cutoff\20260320_market_cap_last_observed_cutoff\market_cap_cutoff_lt_1b_active_inactive.csv,market_cap_above_limit,True,,1.89,1.9,1.895,72349664,$Quote AMC A:1.9 Asz:1 B:1.89 Bsz:3 V:72349664 L:1.895 Hi:1.96 Lo:1.6 op:1.68 ycl:1.72 tcl:0 PE:N VWAP:1.8188 tradesAllDay:256380 RVOL:152 T:15:40:00
das_cmdapi_live_20260708T193719Z,2026-07-08,MSTU,MSTU,screener_evaluated,FAIL,regular_market,2026-07-08T19:40:26+00:00,1.885,65330966,,,unavailable_in_market_cap_reference,market_cap_unavailable,True,,1.88,1.89,1.885,65330966,$Quote MSTU A:1.89 Asz:3522 B:1.88 Bsz:1765 V:65330966 L:1.885 Hi:1.9 Lo:1.77 op:1.84 ycl:2 tcl:0 PE:A VWAP:1.8391 tradesAllDay:39143 RVOL:104 T:15:40:24
das_cmdapi_live_20260708T193719Z,2026-07-08,SNXX,SNXX,screener_evaluated,FAIL,regular_market,2026-07-08T19:40:29+00:00,21.56,63505069,,,unavailable_in_market_cap_reference,market_cap_unavailable|price_outside_range,True,,21.54,21.58,21.56,63505069,$Quote SNXX A:21.58 Asz:0 B:21.54 Bsz:0 V:63505069 L:21.56 Hi:22.515 Lo:19.45 op:19.63 ycl:20.36 tcl:0 PE:A VWAP:20.679 tradesAllDay:338946 RVOL:168 T:15:40:27
das_cmdapi_live_20260708T193719Z,2026-07-08,DRAM,DRAM,screener_evaluated,FAIL,regular_market,2026-07-08T19:40:31+00:00,61.515,61678845,330642.31124999997,2017-06-23,C:\TSIS_Data\01_TSIS_DATA_FOUNDATION\runs\backtest\market_cap_last_observed_cutoff\20260320_market_cap_last_observed_cutoff\market_cap_cutoff_lt_1b_active_inactive.csv,price_outside_range,True,,61.51,61.52,61.515,61678845,$Quote DRAM A:61.52 Asz:21 B:61.51 Bsz:11 V:61678845 L:61.515 Hi:61.61 Lo:58.395 op:58.395 ycl:60.59 tcl:0 PE:A VWAP:59.928 tradesAllDay:463647 RVOL:122 T:15:40:29
das_cmdapi_live_20260708T193719Z,2026-07-08,SOXL,SOXL,screener_evaluated,FAIL,regular_market,2026-07-08T19:40:33+00:00,173.88,56628761,,,unavailable_in_market_cap_reference,market_cap_unavailable|price_outside_range,True,,173.79,173.97,173.88,56628761,$Quote SOXL A:173.97 Asz:13 B:173.79 Bsz:1 V:56628761 L:173.88 Hi:176.75 Lo:158.87 op:159.21 ycl:165.28 tcl:0 PE:A VWAP:167.07 tradesAllDay:1105227 RVOL:115 T:15:40:32
das_cmdapi_live_20260708T193719Z,2026-07-08,NU,NU,screener_evaluated,FAIL,regular_market,2026-07-08T19:40:36+00:00,13.355,53936107,,,unavailable_in_market_cap_reference,market_cap_unavailable,True,,13.35,13.36,13.355,53936107,$Quote NU A:13.36 Asz:3 B:13.35 Bsz:1 V:53936107 L:13.355 Hi:13.54 Lo:13.295 op:13.38 ycl:13.61 tcl:0 PE:N VWAP:13.403 tradesAllDay:121742 RVOL:120 T:15:40:30
das_cmdapi_live_20260708T193719Z,2026-07-08,PATH,PATH,screener_evaluated,FAIL,regular_market,2026-07-08T19:40:38+00:00,11.48,53356340,,,unavailable_in_market_cap_reference,market_cap_unavailable,True,,11.47,11.48,11.48,53356340,$Quote PATH A:11.48 Asz:64 B:11.47 Bsz:53 V:53356340 L:11.48 Hi:11.55 Lo:11.25 op:11.38 ycl:11.65 tcl:0 PE:N VWAP:11.415 tradesAllDay:80058 RVOL:113 T:15:40:36
das_cmdapi_live_20260708T193719Z,2026-07-08,NOK,NOK,screener_evaluated,FAIL,regular_market,2026-07-08T19:40:40+00:00,11.855,49937088,,,unavailable_in_market_cap_reference,market_cap_unavailable,True,,11.85,11.86,11.855,49937088,$Quote NOK A:11.86 Asz:1 B:11.85 Bsz:2 V:49937088 L:11.855 Hi:11.865 Lo:11.58 op:11.665 ycl:11.85 tcl:0 PE:N VWAP:11.713 tradesAllDay:114790 RVOL:62 T:15:40:38
das_cmdapi_live_20260708T193719Z,2026-07-08,QXO,QXO,screener_evaluated,FAIL,regular_market,2026-07-08T19:40:43+00:00,14.615,47680666,,,unavailable_in_market_cap_reference,market_cap_unavailable,True,,14.61,14.62,14.615,47680666,$Quote QXO A:14.62 Asz:35 B:14.61 Bsz:26 V:47680666 L:14.615 Hi:15.05 Lo:13.82 op:15.05 ycl:15.25 tcl:0 PE:N VWAP:14.278 tradesAllDay:201046 RVOL:222 T:15:40:40
das_cmdapi_live_20260708T193719Z,2026-07-08,T,T,screener_evaluated,FAIL,regular_market,2026-07-08T19:40:45+00:00,21.115,44689142,,,unavailable_in_market_cap_reference,market_cap_unavailable|price_outside_range,True,,21.11,21.12,21.115,44689142,$Quote T A:21.12 Asz:72 B:21.11 Bsz:297 V:44689142 L:21.115 Hi:21.425 Lo:20.81 op:20.97 ycl:21.09 tcl:0 PE:N VWAP:21.192 tradesAllDay:141890 RVOL:70 T:15:40:43
das_cmdapi_live_20260708T193719Z,2026-07-08,SRXH,SRXH,screener_evaluated,PASS,regular_market,2026-07-08T19:40:48+00:00,2.2414,45574609,4048441.8,2026-03-06,C:\TSIS_Data\01_TSIS_DATA_FOUNDATION\runs\backtest\market_cap_last_observed_cutoff\20260320_market_cap_last_observed_cutoff\market_cap_cutoff_lt_1b_active_inactive.csv,,True,,2.24,2.25,2.2414,45574609,$Quote SRXH A:2.25 Asz:54 B:2.24 Bsz:13 V:45574609 L:2.2414 Hi:2.5 Lo:0.96005 op:1.18 ycl:1.35 tcl:0 PE:A VWAP:1.8579 tradesAllDay:121249 RVOL:43 T:15:40:46
das_cmdapi_live_20260708T193719Z,2026-07-08,SPDN,SPDN,screener_evaluated,FAIL,regular_market,2026-07-08T19:40:50+00:00,8.7,41381194,,,unavailable_in_market_cap_reference,market_cap_unavailable,True,,8.7,8.71,8.7,41381194,$Quote SPDN A:8.71 Asz:54 B:8.7 Bsz:70 V:41381194 L:8.7 Hi:8.7699 Lo:8.69 op:8.72 ycl:8.68 tcl:0 PE:A VWAP:8.7279 tradesAllDay:7336 RVOL:92 T:15:40:45
das_cmdapi_live_20260708T193719Z,2026-07-08,DRIP,DRIP,screener_evaluated,FAIL,regular_market,2026-07-08T19:40:52+00:00,4.86,40599554,,,unavailable_in_market_cap_reference,market_cap_unavailable,True,,4.85,4.86,4.86,40599554,$Quote DRIP A:4.86 Asz:43 B:4.85 Bsz:32 V:40599554 L:4.86 Hi:5.05 Lo:4.75 op:4.93 ycl:5.13 tcl:0 PE:A VWAP:4.878 tradesAllDay:12325 RVOL:123 T:15:40:50
das_cmdapi_live_20260708T193719Z,2026-07-08,BMNU,BMNU,screener_evaluated,FAIL,regular_market,2026-07-08T19:40:55+00:00,0.803601,39876593,,,unavailable_in_market_cap_reference,market_cap_unavailable,True,,0.8029,0.8043,0.803601,39876593,$Quote BMNU A:0.8043 Asz:39 B:0.8029 Bsz:8 V:39876593 L:0.803601 Hi:0.8052 Lo:0.728 op:0.7599 ycl:0.8105 tcl:0 PE:A VWAP:0.76701 tradesAllDay:20490 RVOL:55 T:15:40:52
das_cmdapi_live_20260708T193719Z,2026-07-08,SNTQ,SNTQ,screener_evaluated,FAIL,regular_market,2026-07-08T19:40:57+00:00,25.02,396449,,,unavailable_in_market_cap_reference,market_cap_unavailable|price_outside_range,True,,24.96,25.03,25.02,396449,$Quote SNTQ A:25.03 Asz:0 B:24.96 Bsz:0 V:396449 L:25.02 Hi:25.08 Lo:24.8095 op:25.04 ycl:0 tcl:0 PE:A VWAP:25.028 tradesAllDay:753 RVOL:0 T:15:40:44
das_cmdapi_live_20260708T193719Z,2026-07-08,WULX,WULX,screener_evaluated,FAIL,regular_market,2026-07-08T19:41:00+00:00,36.95,481625,,,unavailable_in_market_cap_reference,market_cap_unavailable|price_outside_range,True,,36.86,37.04,36.95,481625,$Quote WULX A:37.04 Asz:7 B:36.86 Bsz:2 V:481625 L:36.95 Hi:37.9899 Lo:31.78 op:32.73 ycl:29.97 tcl:0 PE:A VWAP:34.314 tradesAllDay:4595 RVOL:360 T:15:40:47
das_cmdapi_live_20260708T193719Z,2026-07-08,WYFL,WYFL,screener_evaluated,FAIL,regular_market,2026-07-08T19:41:02+00:00,26.575,212489,,,unavailable_in_market_cap_reference,market_cap_unavailable|price_outside_range|volume_below_min,True,,26.38,26.73,26.575,212489,$Quote WYFL A:26.73 Asz:48 B:26.38 Bsz:48 V:212489 L:26.575 Hi:26.74 Lo:20 op:20 ycl:21.95 tcl:0 PE:A VWAP:24.904 tradesAllDay:1057 RVOL:251 T:15:40:37
das_cmdapi_live_20260708T193719Z,2026-07-08,OPTU,OPTU,screener_evaluated,FAIL,regular_market,2026-07-08T19:41:05+00:00,1.415,15016025,696995180.0,2026-03-06,C:\TSIS_Data\01_TSIS_DATA_FOUNDATION\runs\backtest\market_cap_last_observed_cutoff\20260320_market_cap_last_observed_cutoff\market_cap_cutoff_lt_1b_active_inactive.csv,market_cap_above_limit,True,,1.41,1.42,1.415,15016025,$Quote OPTU A:1.42 Asz:239 B:1.41 Bsz:43 V:15016025 L:1.415 Hi:1.48 Lo:1.06 op:1.1 ycl:1.18 tcl:0 PE:N VWAP:1.3407 tradesAllDay:32135 RVOL:113 T:15:40:51
das_cmdapi_live_20260708T193719Z,2026-07-08,NEBX,NEBX,screener_evaluated,FAIL,regular_market,2026-07-08T19:41:07+00:00,33.33,2410155,,,unavailable_in_market_cap_reference,market_cap_unavailable|price_outside_range,True,,33.25,33.34,33.33,2410155,$Quote NEBX A:33.34 Asz:2 B:33.25 Bsz:6 V:2410155 L:33.33 Hi:33.385 Lo:26.99 op:26.99 ycl:27.67 tcl:0 PE:A VWAP:30.131 tradesAllDay:16508 RVOL:150 T:15:41:04
das_cmdapi_live_20260708T193719Z,2026-07-08,SDEV,SDEV,screener_evaluated,FAIL,regular_market,2026-07-08T19:41:10+00:00,1.47,573794,,,unavailable_in_market_cap_reference,market_cap_unavailable,True,,1.43,1.47,1.47,573794,$Quote SDEV A:1.47 Asz:1 B:1.43 Bsz:2 V:573794 L:1.47 Hi:1.53 Lo:1.16 op:1.27 ycl:1.25 tcl:0 PE:A VWAP:1.419 tradesAllDay:3858 RVOL:33 T:15:38:10
das_cmdapi_live_20260708T193719Z,2026-07-08,IRE,IRE,screener_evaluated,FAIL,regular_market,2026-07-08T19:41:12+00:00,13.91,7132183,,,unavailable_in_market_cap_reference,market_cap_unavailable,True,,13.89,13.92,13.91,7132183,$Quote IRE A:13.92 Asz:0 B:13.89 Bsz:0 V:7132183 L:13.91 Hi:14 Lo:12.45 op:12.7 ycl:12.2 tcl:0 PE:A VWAP:13.028 tradesAllDay:35226 RVOL:158 T:15:41:04
das_cmdapi_live_20260708T193719Z,2026-07-08,IREX,IREX,screener_evaluated,FAIL,regular_market,2026-07-08T19:41:14+00:00,19.37,879402,,,unavailable_in_market_cap_reference,market_cap_unavailable,True,,19.35,19.39,19.37,879402,$Quote IREX A:19.39 Asz:1 B:19.35 Bsz:18 V:879402 L:19.37 Hi:19.5 Lo:17.36 op:17.83 ycl:17 tcl:0 PE:A VWAP:18.238 tradesAllDay:5636 RVOL:133 T:15:41:09
das_cmdapi_live_20260708T193719Z,2026-07-08,CRWU,CRWU,screener_evaluated,FAIL,regular_market,2026-07-08T19:41:17+00:00,4.7,3110174,,,unavailable_in_market_cap_reference,market_cap_unavailable,True,,4.69,4.7,4.7,3110174,$Quote CRWU A:4.7 Asz:1 B:4.69 Bsz:1 V:3110174 L:4.7 Hi:4.7 Lo:4.07 op:4.08 ycl:4.14 tcl:0 PE:A VWAP:4.3501 tradesAllDay:8826 RVOL:102 T:15:41:15
das_cmdapi_live_20260708T193719Z,2026-07-08,CWVX,CWVX,screener_evaluated,FAIL,regular_market,2026-07-08T19:41:19+00:00,20.35,780931,,,unavailable_in_market_cap_reference,market_cap_unavailable|price_outside_range,True,,20.31,20.37,20.35,780931,$Quote CWVX A:20.37 Asz:0 B:20.31 Bsz:0 V:780931 L:20.35 Hi:20.38 Lo:17.54 op:17.54 ycl:17.95 tcl:0 PE:A VWAP:18.936 tradesAllDay:6020 RVOL:80 T:15:41:14
das_cmdapi_live_20260708T193719Z,2026-07-08,BZH,BZH,screener_evaluated,FAIL,regular_market,2026-07-08T19:41:21+00:00,31.04,1371221,642490880.0,2026-03-06,C:\TSIS_Data\01_TSIS_DATA_FOUNDATION\runs\backtest\market_cap_last_observed_cutoff\20260320_market_cap_last_observed_cutoff\market_cap_cutoff_lt_1b_active_inactive.csv,market_cap_above_limit|price_outside_range,True,,30.97,31.04,31.04,1371221,$Quote BZH A:31.04 Asz:3 B:30.97 Bsz:1 V:1371221 L:31.04 Hi:31.93 Lo:30.8 op:31.3 ycl:27.42 tcl:0 PE:N VWAP:31.33 tradesAllDay:16429 RVOL:410 T:15:40:30
das_cmdapi_live_20260708T193719Z,2026-07-08,BEZ,BEZ,screener_evaluated,FAIL,regular_market,2026-07-08T19:41:24+00:00,15.05,2556594,,,unavailable_in_market_cap_reference,market_cap_unavailable,True,,15.04,15.1,15.05,2556594,$Quote BEZ A:15.1 Asz:0 B:15.04 Bsz:0 V:2556594 L:15.05 Hi:16.47 Lo:13.32 op:13.85 ycl:13.24 tcl:0 PE:A VWAP:15.241 tradesAllDay:13861 RVOL:342 T:15:41:05
das_cmdapi_live_20260708T193719Z,2026-07-08,BABA,BABA,screener_evaluated,FAIL,regular_market,2026-07-08T19:41:27+00:00,109.45,33784721,,,unavailable_in_market_cap_reference,market_cap_unavailable|price_outside_range,True,,109.44,109.46,109.45,33784721,$Quote BABA A:109.46 Asz:3 B:109.44 Bsz:7 V:33784721 L:109.45 Hi:109.82 Lo:105.65 op:107.6 ycl:98.14 tcl:0 PE:N VWAP:108.3 tradesAllDay:343692 RVOL:296 T:15:41:24
das_cmdapi_live_20260708T193719Z,2026-07-08,CVM,CVM,screener_evaluated,FAIL,regular_market,2026-07-08T19:41:29+00:00,1.39,285730,31582011.66,2026-03-06,C:\TSIS_Data\01_TSIS_DATA_FOUNDATION\runs\backtest\market_cap_last_observed_cutoff\20260320_market_cap_last_observed_cutoff\market_cap_cutoff_lt_1b_active_inactive.csv,volume_below_min,True,,1.39,1.4,1.39,285730,$Quote CVM A:1.4 Asz:1 B:1.39 Bsz:1 V:285730 L:1.39 Hi:1.44 Lo:1.25 op:1.29 ycl:1.28 tcl:0 PE:A VWAP:1.3347 tradesAllDay:1229 RVOL:69 T:15:41:26
das_cmdapi_live_20260708T193719Z,2026-07-08,PARR,PARR,screener_evaluated,FAIL,regular_market,2026-07-08T19:41:31+00:00,68.225,1015397,,,unavailable_in_market_cap_reference,market_cap_unavailable|price_outside_range,True,,68.17,68.28,68.225,1015397,$Quote PARR A:68.28 Asz:1 B:68.17 Bsz:8 V:1015397 L:68.225 Hi:68.295 Lo:63.92 op:63.92 ycl:61.46 tcl:0 PE:N VWAP:66.887 tradesAllDay:20316 RVOL:135 T:15:41:16
das_cmdapi_live_20260708T193719Z,2026-07-08,EAF,EAF,screener_evaluated,FAIL,regular_market,2026-07-08T19:41:33+00:00,5.905,265795,150220589.75,2026-03-06,C:\TSIS_Data\01_TSIS_DATA_FOUNDATION\runs\backtest\market_cap_last_observed_cutoff\20260320_market_cap_last_observed_cutoff\market_cap_cutoff_lt_1b_active_inactive.csv,market_cap_above_limit|volume_below_min,True,,5.89,5.92,5.905,265795,$Quote EAF A:5.92 Asz:2 B:5.89 Bsz:2 V:265795 L:5.905 Hi:5.945 Lo:5.1 op:5.31 ycl:5.38 tcl:0 PE:N VWAP:5.6238 tradesAllDay:3988 RVOL:75 T:15:41:13
das_cmdapi_live_20260708T193719Z,2026-07-08,CIFU,CIFU,screener_evaluated,FAIL,regular_market,2026-07-08T19:41:36+00:00,24.98,366552,,,unavailable_in_market_cap_reference,market_cap_unavailable|price_outside_range,True,,24.92,25.04,24.98,366552,$Quote CIFU A:25.04 Asz:2 B:24.92 Bsz:37 V:366552 L:24.98 Hi:24.98 Lo:21.79 op:21.79 ycl:22.57 tcl:0 PE:A VWAP:24.049 tradesAllDay:2712 RVOL:311 T:15:41:33
das_cmdapi_live_20260708T193719Z,2026-07-08,NBIZ,NBIZ,screener_evaluated,FAIL,regular_market,2026-07-08T19:41:38+00:00,9.67,5008667,,,unavailable_in_market_cap_reference,market_cap_unavailable,True,,9.65,9.68,9.67,5008667,$Quote NBIZ A:9.68 Asz:25 B:9.65 Bsz:20 V:5008667 L:9.67 Hi:12.375 Lo:9.6 op:12.3 ycl:12.06 tcl:0 PE:A VWAP:10.912 tradesAllDay:17833 RVOL:133 T:15:41:34
das_cmdapi_live_20260708T193719Z,2026-07-08,OFRM,OFRM,screener_evaluated,FAIL,regular_market,2026-07-08T19:41:41+00:00,18.0401,717324,,,unavailable_in_market_cap_reference,market_cap_unavailable,True,,18.04,18.08,18.0401,717324,$Quote OFRM A:18.08 Asz:0 B:18.04 Bsz:0 V:717324 L:18.0401 Hi:21.77 Lo:18.04 op:21.61 ycl:21.62 tcl:0 PE:N VWAP:19.458 tradesAllDay:13319 RVOL:118 T:15:41:36
das_cmdapi_live_20260708T193719Z,2026-07-08,SIF,SIF,screener_evaluated,FAIL,regular_market,2026-07-08T19:41:43+00:00,21.52,346230,77203200.0,2026-03-06,C:\TSIS_Data\01_TSIS_DATA_FOUNDATION\runs\backtest\market_cap_last_observed_cutoff\20260320_market_cap_last_observed_cutoff\market_cap_cutoff_lt_1b_active_inactive.csv,price_outside_range,True,,21.43,21.68,21.52,346230,$Quote SIF A:21.68 Asz:3 B:21.43 Bsz:10 V:346230 L:21.52 Hi:25.99 Lo:21.43 op:25.56 ycl:25.71 tcl:0 PE:A VWAP:23.126 tradesAllDay:3392 RVOL:341 T:15:41:30
das_cmdapi_live_20260708T193719Z,2026-07-08,IREZ,IREZ,screener_evaluated,FAIL,regular_market,2026-07-08T19:41:46+00:00,8.11,4805345,,,unavailable_in_market_cap_reference,market_cap_unavailable,True,,8.11,8.12,8.11,4805345,$Quote IREZ A:8.12 Asz:0 B:8.11 Bsz:0 V:4805345 L:8.11 Hi:9.26 Lo:8.06 op:9.04 ycl:9.47 tcl:0 PE:A VWAP:8.7932 tradesAllDay:20338 RVOL:86 T:15:41:44
das_cmdapi_live_20260708T193719Z,2026-07-08,SKYQ,SKYQ,capture_started,PASS,regular_market,2026-07-08T19:41:56+00:00,3.71,55770341,6564386.76,2026-03-06,C:\TSIS_Data\01_TSIS_DATA_FOUNDATION\runs\backtest\market_cap_last_observed_cutoff\20260320_market_cap_last_observed_cutoff\market_cap_cutoff_lt_1b_active_inactive.csv,,True,started,3.69,3.74,3.71,55770341,$Quote SKYQ A:3.74 Asz:7 B:3.69 Bsz:3 V:55770341 L:3.71 Hi:4.39 Lo:3.14 op:3.475 ycl:3 tcl:0 PE:Q VWAP:3.8823 tradesAllDay:300253 RVOL:266 T:15:38:16
das_cmdapi_live_20260708T193719Z,2026-07-08,SKYQ,SKYQ,capture_subscribed,PASS,regular_market,2026-07-08T19:42:18+00:00,3.71,55770341,6564386.76,2026-03-06,C:\TSIS_Data\01_TSIS_DATA_FOUNDATION\runs\backtest\market_cap_last_observed_cutoff\20260320_market_cap_last_observed_cutoff\market_cap_cutoff_lt_1b_active_inactive.csv,,True,streaming,3.69,3.74,3.71,55770341,$Quote SKYQ A:3.74 Asz:7 B:3.69 Bsz:3 V:55770341 L:3.71 Hi:4.39 Lo:3.14 op:3.475 ycl:3 tcl:0 PE:Q VWAP:3.8823 tradesAllDay:300253 RVOL:266 T:15:38:16
das_cmdapi_live_20260708T193719Z,2026-07-08,NVVE,NVVE,capture_started,PASS,regular_market,2026-07-08T19:42:18+00:00,8.9613,36604415,15027.14925,2026-03-06,C:\TSIS_Data\01_TSIS_DATA_FOUNDATION\runs\backtest\market_cap_last_observed_cutoff\20260320_market_cap_last_observed_cutoff\market_cap_cutoff_lt_1b_active_inactive.csv,,True,started,8.94,9.0,8.9613,36604415,$Quote NVVE A:9 Asz:2 B:8.94 Bsz:3 V:36604415 L:8.9613 Hi:11.9794 Lo:4.935 op:5.19 ycl:5.19 tcl:0 PE:Q VWAP:9.2756 tradesAllDay:440058 RVOL:50000 T:15:38:33
das_cmdapi_live_20260708T193719Z,2026-07-08,NVVE,NVVE,capture_subscribed,PASS,regular_market,2026-07-08T19:42:42+00:00,8.9613,36604415,15027.14925,2026-03-06,C:\TSIS_Data\01_TSIS_DATA_FOUNDATION\runs\backtest\market_cap_last_observed_cutoff\20260320_market_cap_last_observed_cutoff\market_cap_cutoff_lt_1b_active_inactive.csv,,True,streaming,8.94,9.0,8.9613,36604415,$Quote NVVE A:9 Asz:2 B:8.94 Bsz:3 V:36604415 L:8.9613 Hi:11.9794 Lo:4.935 op:5.19 ycl:5.19 tcl:0 PE:Q VWAP:9.2756 tradesAllDay:440058 RVOL:50000 T:15:38:33
das_cmdapi_live_20260708T193719Z,2026-07-08,TVRD,TVRD,capture_started,PASS,regular_market,2026-07-08T19:42:42+00:00,5.0711,34268059,20511977.38,2026-03-06,C:\TSIS_Data\01_TSIS_DATA_FOUNDATION\runs\backtest\market_cap_last_observed_cutoff\20260320_market_cap_last_observed_cutoff\market_cap_cutoff_lt_1b_active_inactive.csv,,True,started,5.07,5.09,5.0711,34268059,$Quote TVRD A:5.09 Asz:1 B:5.07 Bsz:3 V:34268059 L:5.0711 Hi:5.13 Lo:3.02 op:3.25 ycl:3.1 tcl:0 PE:Q VWAP:4.3667 tradesAllDay:200566 RVOL:932 T:15:38:41
das_cmdapi_live_20260708T193719Z,2026-07-08,TVRD,TVRD,capture_subscribed,PASS,regular_market,2026-07-08T19:43:07+00:00,5.0711,34268059,20511977.38,2026-03-06,C:\TSIS_Data\01_TSIS_DATA_FOUNDATION\runs\backtest\market_cap_last_observed_cutoff\20260320_market_cap_last_observed_cutoff\market_cap_cutoff_lt_1b_active_inactive.csv,,True,streaming,5.07,5.09,5.0711,34268059,$Quote TVRD A:5.09 Asz:1 B:5.07 Bsz:3 V:34268059 L:5.0711 Hi:5.13 Lo:3.02 op:3.25 ycl:3.1 tcl:0 PE:Q VWAP:4.3667 tradesAllDay:200566 RVOL:932 T:15:38:41
das_cmdapi_live_20260708T193719Z,2026-07-08,LHAI,LHAI,capture_started,PASS,regular_market,2026-07-08T19:43:07+00:00,1.555,26124312,21147210.0,2026-03-06,C:\TSIS_Data\01_TSIS_DATA_FOUNDATION\runs\backtest\market_cap_last_observed_cutoff\20260320_market_cap_last_observed_cutoff\market_cap_cutoff_lt_1b_active_inactive.csv,,True,started,1.55,1.56,1.555,26124312,$Quote LHAI A:1.56 Asz:6 B:1.55 Bsz:11 V:26124312 L:1.555 Hi:1.68 Lo:1.36 op:1.395 ycl:1.29 tcl:0 PE:Q VWAP:1.5286 tradesAllDay:97230 RVOL:151 T:15:38:55
das_cmdapi_live_20260708T193719Z,2026-07-08,LHAI,LHAI,capture_subscribed,PASS,regular_market,2026-07-08T19:43:33+00:00,1.555,26124312,21147210.0,2026-03-06,C:\TSIS_Data\01_TSIS_DATA_FOUNDATION\runs\backtest\market_cap_last_observed_cutoff\20260320_market_cap_last_observed_cutoff\market_cap_cutoff_lt_1b_active_inactive.csv,,True,streaming,1.55,1.56,1.555,26124312,$Quote LHAI A:1.56 Asz:6 B:1.55 Bsz:11 V:26124312 L:1.555 Hi:1.68 Lo:1.36 op:1.395 ycl:1.29 tcl:0 PE:Q VWAP:1.5286 tradesAllDay:97230 RVOL:151 T:15:38:55
das_cmdapi_live_20260708T193719Z,2026-07-08,ZCMD,ZCMD,capture_started,PASS,regular_market,2026-07-08T19:43:33+00:00,2.73,3343065,1991428.416,2025-10-22,C:\TSIS_Data\01_TSIS_DATA_FOUNDATION\runs\backtest\market_cap_last_observed_cutoff\20260320_market_cap_last_observed_cutoff\market_cap_cutoff_lt_1b_active_inactive.csv,,True,started,2.71,2.73,2.73,3343065,$Quote ZCMD A:2.73 Asz:5 B:2.71 Bsz:1 V:3343065 L:2.73 Hi:2.97 Lo:2.01 op:2.015 ycl:2.2 tcl:0 PE:Q VWAP:2.5379 tradesAllDay:27431 RVOL:74 T:15:38:54
das_cmdapi_live_20260708T193719Z,2026-07-08,ZCMD,ZCMD,capture_subscribed,PASS,regular_market,2026-07-08T19:43:59+00:00,2.73,3343065,1991428.416,2025-10-22,C:\TSIS_Data\01_TSIS_DATA_FOUNDATION\runs\backtest\market_cap_last_observed_cutoff\20260320_market_cap_last_observed_cutoff\market_cap_cutoff_lt_1b_active_inactive.csv,,True,streaming,2.71,2.73,2.73,3343065,$Quote ZCMD A:2.73 Asz:5 B:2.71 Bsz:1 V:3343065 L:2.73 Hi:2.97 Lo:2.01 op:2.015 ycl:2.2 tcl:0 PE:Q VWAP:2.5379 tradesAllDay:27431 RVOL:74 T:15:38:54
das_cmdapi_live_20260708T193719Z,2026-07-08,VANI,VANI,capture_started,PASS,regular_market,2026-07-08T19:43:59+00:00,1.585,2010556,63604417.49999999,2026-03-06,C:\TSIS_Data\01_TSIS_DATA_FOUNDATION\runs\backtest\market_cap_last_observed_cutoff\20260320_market_cap_last_observed_cutoff\market_cap_cutoff_lt_1b_active_inactive.csv,,True,started,1.58,1.59,1.585,2010556,$Quote VANI A:1.59 Asz:57 B:1.58 Bsz:8 V:2010556 L:1.585 Hi:1.59 Lo:1.33 op:1.36 ycl:1.35 tcl:0 PE:Q VWAP:1.5093 tradesAllDay:7051 RVOL:276 T:15:38:58
das_cmdapi_live_20260708T193719Z,2026-07-08,VANI,VANI,capture_subscribed,PASS,regular_market,2026-07-08T19:44:24+00:00,1.585,2010556,63604417.49999999,2026-03-06,C:\TSIS_Data\01_TSIS_DATA_FOUNDATION\runs\backtest\market_cap_last_observed_cutoff\20260320_market_cap_last_observed_cutoff\market_cap_cutoff_lt_1b_active_inactive.csv,,True,streaming,1.58,1.59,1.585,2010556,$Quote VANI A:1.59 Asz:57 B:1.58 Bsz:8 V:2010556 L:1.585 Hi:1.59 Lo:1.33 op:1.36 ycl:1.35 tcl:0 PE:Q VWAP:1.5093 tradesAllDay:7051 RVOL:276 T:15:38:58
das_cmdapi_live_20260708T193719Z,2026-07-08,SDOT,SDOT,capture_started,PASS,regular_market,2026-07-08T19:44:24+00:00,19.35,3097864,982222.64,2026-03-06,C:\TSIS_Data\01_TSIS_DATA_FOUNDATION\runs\backtest\market_cap_last_observed_cutoff\20260320_market_cap_last_observed_cutoff\market_cap_cutoff_lt_1b_active_inactive.csv,,True,started,19.25,20.0,19.35,3097864,$Quote SDOT A:20 Asz:3 B:19.25 Bsz:1 V:3097864 L:19.35 Hi:38 Lo:11 op:33.02 ycl:40 tcl:0 PE:Q VWAP:19.893 tradesAllDay:56866 RVOL:78 T:15:38:40
das_cmdapi_live_20260708T193719Z,2026-07-08,SDOT,SDOT,capture_subscribed,PASS,regular_market,2026-07-08T19:44:52+00:00,19.35,3097864,982222.64,2026-03-06,C:\TSIS_Data\01_TSIS_DATA_FOUNDATION\runs\backtest\market_cap_last_observed_cutoff\20260320_market_cap_last_observed_cutoff\market_cap_cutoff_lt_1b_active_inactive.csv,,True,streaming,19.25,20.0,19.35,3097864,$Quote SDOT A:20 Asz:3 B:19.25 Bsz:1 V:3097864 L:19.35 Hi:38 Lo:11 op:33.02 ycl:40 tcl:0 PE:Q VWAP:19.893 tradesAllDay:56866 RVOL:78 T:15:38:40
das_cmdapi_live_20260708T193719Z,2026-07-08,INLF,INLF,capture_started,PASS,regular_market,2026-07-08T19:44:52+00:00,3.915,426138,5967301.0033,2026-03-06,C:\TSIS_Data\01_TSIS_DATA_FOUNDATION\runs\backtest\market_cap_last_observed_cutoff\20260320_market_cap_last_observed_cutoff\market_cap_cutoff_lt_1b_active_inactive.csv,,True,started,3.84,3.99,3.915,426138,$Quote INLF A:3.99 Asz:4 B:3.84 Bsz:1 V:426138 L:3.915 Hi:4.98 Lo:3.826 op:4.85 ycl:5.35 tcl:0 PE:Q VWAP:4.3089 tradesAllDay:7822 RVOL:27 T:15:38:40
das_cmdapi_live_20260708T193719Z,2026-07-08,INLF,INLF,capture_subscribed,PASS,regular_market,2026-07-08T19:45:19+00:00,3.915,426138,5967301.0033,2026-03-06,C:\TSIS_Data\01_TSIS_DATA_FOUNDATION\runs\backtest\market_cap_last_observed_cutoff\20260320_market_cap_last_observed_cutoff\market_cap_cutoff_lt_1b_active_inactive.csv,,True,streaming,3.84,3.99,3.915,426138,$Quote INLF A:3.99 Asz:4 B:3.84 Bsz:1 V:426138 L:3.915 Hi:4.98 Lo:3.826 op:4.85 ycl:5.35 tcl:0 PE:Q VWAP:4.3089 tradesAllDay:7822 RVOL:27 T:15:38:40
das_cmdapi_live_20260708T193719Z,2026-07-08,CLRO,CLRO,capture_started,PASS,regular_market,2026-07-08T19:45:19+00:00,9.93,5767588,7277879.699999999,2026-03-06,C:\TSIS_Data\01_TSIS_DATA_FOUNDATION\runs\backtest\market_cap_last_observed_cutoff\20260320_market_cap_last_observed_cutoff\market_cap_cutoff_lt_1b_active_inactive.csv,,True,started,9.95,10.0,9.93,5767588,$Quote CLRO A:10 Asz:3 B:9.95 Bsz:1 V:5767588 L:9.93 Hi:14.59 Lo:9.5 op:11.87 ycl:13.84 tcl:0 PE:Q VWAP:12.054 tradesAllDay:74228 RVOL:68 T:15:39:30
das_cmdapi_live_20260708T193719Z,2026-07-08,CLRO,CLRO,capture_subscribed,PASS,regular_market,2026-07-08T19:45:44+00:00,9.93,5767588,7277879.699999999,2026-03-06,C:\TSIS_Data\01_TSIS_DATA_FOUNDATION\runs\backtest\market_cap_last_observed_cutoff\20260320_market_cap_last_observed_cutoff\market_cap_cutoff_lt_1b_active_inactive.csv,,True,streaming,9.95,10.0,9.93,5767588,$Quote CLRO A:10 Asz:3 B:9.95 Bsz:1 V:5767588 L:9.93 Hi:14.59 Lo:9.5 op:11.87 ycl:13.84 tcl:0 PE:Q VWAP:12.054 tradesAllDay:74228 RVOL:68 T:15:39:30
das_cmdapi_live_20260708T193719Z,2026-07-08,BTAI,BTAI,capture_started,PASS,regular_market,2026-07-08T19:45:44+00:00,0.8132,4744346,10880960.0,2026-03-06,C:\TSIS_Data\01_TSIS_DATA_FOUNDATION\runs\backtest\market_cap_last_observed_cutoff\20260320_market_cap_last_observed_cutoff\market_cap_cutoff_lt_1b_active_inactive.csv,,True,started,0.8003,0.8018,0.8132,4744346,$Quote BTAI A:0.8018 Asz:2 B:0.8003 Bsz:21 V:4744346 L:0.8132 Hi:1.05 Lo:0.7949 op:1.05 ycl:1.04 tcl:0 PE:Q VWAP:0.86535 tradesAllDay:9956 RVOL:578 T:15:39:32
das_cmdapi_live_20260708T193719Z,2026-07-08,BTAI,BTAI,capture_subscribed,PASS,regular_market,2026-07-08T19:46:32+00:00,0.8132,4744346,10880960.0,2026-03-06,C:\TSIS_Data\01_TSIS_DATA_FOUNDATION\runs\backtest\market_cap_last_observed_cutoff\20260320_market_cap_last_observed_cutoff\market_cap_cutoff_lt_1b_active_inactive.csv,,True,streaming,0.8003,0.8018,0.8132,4744346,$Quote BTAI A:0.8018 Asz:2 B:0.8003 Bsz:21 V:4744346 L:0.8132 Hi:1.05 Lo:0.7949 op:1.05 ycl:1.04 tcl:0 PE:Q VWAP:0.86535 tradesAllDay:9956 RVOL:578 T:15:39:32
das_cmdapi_live_20260708T193719Z,2026-07-08,VEEE,VEEE,capture_started,PASS,regular_market,2026-07-08T19:46:32+00:00,4.45,1728170,781344.037,2026-03-06,C:\TSIS_Data\01_TSIS_DATA_FOUNDATION\runs\backtest\market_cap_last_observed_cutoff\20260320_market_cap_last_observed_cutoff\market_cap_cutoff_lt_1b_active_inactive.csv,,True,started,4.41,4.49,4.45,1728170,$Quote VEEE A:4.49 Asz:1 B:4.41 Bsz:1 V:1728170 L:4.45 Hi:6 Lo:4.22 op:5.86 ycl:5.63 tcl:0 PE:Q VWAP:5.8141 tradesAllDay:26130 RVOL:1698 T:15:38:27
das_cmdapi_live_20260708T193719Z,2026-07-08,VEEE,VEEE,capture_subscribed,PASS,regular_market,2026-07-08T19:47:16+00:00,4.45,1728170,781344.037,2026-03-06,C:\TSIS_Data\01_TSIS_DATA_FOUNDATION\runs\backtest\market_cap_last_observed_cutoff\20260320_market_cap_last_observed_cutoff\market_cap_cutoff_lt_1b_active_inactive.csv,,True,streaming,4.41,4.49,4.45,1728170,$Quote VEEE A:4.49 Asz:1 B:4.41 Bsz:1 V:1728170 L:4.45 Hi:6 Lo:4.22 op:5.86 ycl:5.63 tcl:0 PE:Q VWAP:5.8141 tradesAllDay:26130 RVOL:1698 T:15:38:27
das_cmdapi_live_20260708T193719Z,2026-07-08,LUCY,LUCY,capture_started,PASS,regular_market,2026-07-08T19:47:16+00:00,1.085,42158521,5210914.98,2026-03-06,C:\TSIS_Data\01_TSIS_DATA_FOUNDATION\runs\backtest\market_cap_last_observed_cutoff\20260320_market_cap_last_observed_cutoff\market_cap_cutoff_lt_1b_active_inactive.csv,,True,started,1.08,1.09,1.085,42158521,$Quote LUCY A:1.09 Asz:190 B:1.08 Bsz:4 V:42158521 L:1.085 Hi:1.72 Lo:1 op:1.72 ycl:1.27 tcl:0 PE:Q VWAP:1.4993 tradesAllDay:122160 RVOL:439 T:15:39:44
das_cmdapi_live_20260708T193719Z,2026-07-08,LUCY,LUCY,capture_subscribed,PASS,regular_market,2026-07-08T19:47:53+00:00,1.085,42158521,5210914.98,2026-03-06,C:\TSIS_Data\01_TSIS_DATA_FOUNDATION\runs\backtest\market_cap_last_observed_cutoff\20260320_market_cap_last_observed_cutoff\market_cap_cutoff_lt_1b_active_inactive.csv,,True,streaming,1.08,1.09,1.085,42158521,$Quote LUCY A:1.09 Asz:190 B:1.08 Bsz:4 V:42158521 L:1.085 Hi:1.72 Lo:1 op:1.72 ycl:1.27 tcl:0 PE:Q VWAP:1.4993 tradesAllDay:122160 RVOL:439 T:15:39:44
das_cmdapi_live_20260708T193719Z,2026-07-08,JEM,JEM,capture_started,PASS,regular_market,2026-07-08T19:47:53+00:00,1.1317,3906178,1751582.7168,2026-03-06,C:\TSIS_Data\01_TSIS_DATA_FOUNDATION\runs\backtest\market_cap_last_observed_cutoff\20260320_market_cap_last_observed_cutoff\market_cap_cutoff_lt_1b_active_inactive.csv,,True,started,1.13,1.14,1.1317,3906178,$Quote JEM A:1.14 Asz:45 B:1.13 Bsz:10 V:3906178 L:1.1317 Hi:1.27 Lo:1 op:1.18 ycl:1.35 tcl:0 PE:Q VWAP:1.1146 tradesAllDay:21107 RVOL:34 T:15:39:44
das_cmdapi_live_20260708T193719Z,2026-07-08,JEM,JEM,capture_subscribed,PASS,regular_market,2026-07-08T19:48:31+00:00,1.1317,3906178,1751582.7168,2026-03-06,C:\TSIS_Data\01_TSIS_DATA_FOUNDATION\runs\backtest\market_cap_last_observed_cutoff\20260320_market_cap_last_observed_cutoff\market_cap_cutoff_lt_1b_active_inactive.csv,,True,streaming,1.13,1.14,1.1317,3906178,$Quote JEM A:1.14 Asz:45 B:1.13 Bsz:10 V:3906178 L:1.1317 Hi:1.27 Lo:1 op:1.18 ycl:1.35 tcl:0 PE:Q VWAP:1.1146 tradesAllDay:21107 RVOL:34 T:15:39:44
das_cmdapi_live_20260708T193719Z,2026-07-08,BBLG,BBLG,capture_started,PASS,regular_market,2026-07-08T19:48:31+00:00,1.265,338021,323788.8,2026-03-06,C:\TSIS_Data\01_TSIS_DATA_FOUNDATION\runs\backtest\market_cap_last_observed_cutoff\20260320_market_cap_last_observed_cutoff\market_cap_cutoff_lt_1b_active_inactive.csv,,True,started,1.26,1.27,1.265,338021,$Quote BBLG A:1.27 Asz:3 B:1.26 Bsz:1 V:338021 L:1.265 Hi:1.35 Lo:1.25 op:1.35 ycl:1.47 tcl:0 PE:Q VWAP:1.3934 tradesAllDay:3319 RVOL:286 T:15:27:54
das_cmdapi_live_20260708T193719Z,2026-07-08,BBLG,BBLG,capture_subscribed,PASS,regular_market,2026-07-08T19:49:07+00:00,1.265,338021,323788.8,2026-03-06,C:\TSIS_Data\01_TSIS_DATA_FOUNDATION\runs\backtest\market_cap_last_observed_cutoff\20260320_market_cap_last_observed_cutoff\market_cap_cutoff_lt_1b_active_inactive.csv,,True,streaming,1.26,1.27,1.265,338021,$Quote BBLG A:1.27 Asz:3 B:1.26 Bsz:1 V:338021 L:1.265 Hi:1.35 Lo:1.25 op:1.35 ycl:1.47 tcl:0 PE:Q VWAP:1.3934 tradesAllDay:3319 RVOL:286 T:15:27:54
das_cmdapi_live_20260708T193719Z,2026-07-08,BJDX,BJDX,capture_started,PASS,regular_market,2026-07-08T19:49:07+00:00,1.2901,2579666,617501.05125,2026-03-06,C:\TSIS_Data\01_TSIS_DATA_FOUNDATION\runs\backtest\market_cap_last_observed_cutoff\20260320_market_cap_last_observed_cutoff\market_cap_cutoff_lt_1b_active_inactive.csv,,True,started,1.27,1.31,1.2901,2579666,$Quote BJDX A:1.31 Asz:62 B:1.27 Bsz:2 V:2579666 L:1.2901 Hi:1.48 Lo:1.2 op:1.48 ycl:1.45 tcl:0 PE:Q VWAP:1.3707 tradesAllDay:16276 RVOL:45 T:15:39:19
das_cmdapi_live_20260708T193719Z,2026-07-08,BJDX,BJDX,capture_subscribed,PASS,regular_market,2026-07-08T19:49:53+00:00,1.2901,2579666,617501.05125,2026-03-06,C:\TSIS_Data\01_TSIS_DATA_FOUNDATION\runs\backtest\market_cap_last_observed_cutoff\20260320_market_cap_last_observed_cutoff\market_cap_cutoff_lt_1b_active_inactive.csv,,True,streaming,1.27,1.31,1.2901,2579666,$Quote BJDX A:1.31 Asz:62 B:1.27 Bsz:2 V:2579666 L:1.2901 Hi:1.48 Lo:1.2 op:1.48 ycl:1.45 tcl:0 PE:Q VWAP:1.3707 tradesAllDay:16276 RVOL:45 T:15:39:19
das_cmdapi_live_20260708T193719Z,2026-07-08,VMAR,VMAR,capture_started,PASS,regular_market,2026-07-08T19:49:53+00:00,1.2,2617309,330645.7457266667,2024-10-02,C:\TSIS_Data\01_TSIS_DATA_FOUNDATION\runs\backtest\market_cap_last_observed_cutoff\20260320_market_cap_last_observed_cutoff\market_cap_cutoff_lt_1b_active_inactive.csv,,True,started,1.19,1.21,1.2,2617309,$Quote VMAR A:1.21 Asz:1 B:1.19 Bsz:1 V:2617309 L:1.2 Hi:1.45 Lo:1.11 op:1.45 ycl:1.41 tcl:0 PE:Q VWAP:1.4669 tradesAllDay:20085 RVOL:249 T:15:34:35
das_cmdapi_live_20260708T193719Z,2026-07-08,VMAR,VMAR,capture_subscribed,PASS,regular_market,2026-07-08T19:50:30+00:00,1.2,2617309,330645.7457266667,2024-10-02,C:\TSIS_Data\01_TSIS_DATA_FOUNDATION\runs\backtest\market_cap_last_observed_cutoff\20260320_market_cap_last_observed_cutoff\market_cap_cutoff_lt_1b_active_inactive.csv,,True,streaming,1.19,1.21,1.2,2617309,$Quote VMAR A:1.21 Asz:1 B:1.19 Bsz:1 V:2617309 L:1.2 Hi:1.45 Lo:1.11 op:1.45 ycl:1.41 tcl:0 PE:Q VWAP:1.4669 tradesAllDay:20085 RVOL:249 T:15:34:35
das_cmdapi_live_20260708T193719Z,2026-07-08,VTAK,VTAK,capture_started,PASS,regular_market,2026-07-08T19:50:30+00:00,1.3397,186857942,152212.31999999998,2026-03-06,C:\TSIS_Data\01_TSIS_DATA_FOUNDATION\runs\backtest\market_cap_last_observed_cutoff\20260320_market_cap_last_observed_cutoff\market_cap_cutoff_lt_1b_active_inactive.csv,,True,started,1.33,1.34,1.3397,186857942,$Quote VTAK A:1.34 Asz:192 B:1.33 Bsz:114 V:186857942 L:1.3397 Hi:1.74 Lo:1.2 op:1.21 ycl:0.7127 tcl:0 PE:A VWAP:1.3573 tradesAllDay:540499 RVOL:1912 T:15:40:15
das_cmdapi_live_20260708T193719Z,2026-07-08,VTAK,VTAK,capture_subscribed,PASS,regular_market,2026-07-08T19:51:02+00:00,1.3397,186857942,152212.31999999998,2026-03-06,C:\TSIS_Data\01_TSIS_DATA_FOUNDATION\runs\backtest\market_cap_last_observed_cutoff\20260320_market_cap_last_observed_cutoff\market_cap_cutoff_lt_1b_active_inactive.csv,,True,streaming,1.33,1.34,1.3397,186857942,$Quote VTAK A:1.34 Asz:192 B:1.33 Bsz:114 V:186857942 L:1.3397 Hi:1.74 Lo:1.2 op:1.21 ycl:0.7127 tcl:0 PE:A VWAP:1.3573 tradesAllDay:540499 RVOL:1912 T:15:40:15
das_cmdapi_live_20260708T193719Z,2026-07-08,SRXH,SRXH,capture_started,PASS,regular_market,2026-07-08T19:51:02+00:00,2.2414,45574609,4048441.8,2026-03-06,C:\TSIS_Data\01_TSIS_DATA_FOUNDATION\runs\backtest\market_cap_last_observed_cutoff\20260320_market_cap_last_observed_cutoff\market_cap_cutoff_lt_1b_active_inactive.csv,,True,started,2.24,2.25,2.2414,45574609,$Quote SRXH A:2.25 Asz:54 B:2.24 Bsz:13 V:45574609 L:2.2414 Hi:2.5 Lo:0.96005 op:1.18 ycl:1.35 tcl:0 PE:A VWAP:1.8579 tradesAllDay:121249 RVOL:43 T:15:40:46
das_cmdapi_live_20260708T193719Z,2026-07-08,SRXH,SRXH,capture_subscribed,PASS,regular_market,2026-07-08T19:51:35+00:00,2.2414,45574609,4048441.8,2026-03-06,C:\TSIS_Data\01_TSIS_DATA_FOUNDATION\runs\backtest\market_cap_last_observed_cutoff\20260320_market_cap_last_observed_cutoff\market_cap_cutoff_lt_1b_active_inactive.csv,,True,streaming,2.24,2.25,2.2414,45574609,$Quote SRXH A:2.25 Asz:54 B:2.24 Bsz:13 V:45574609 L:2.2414 Hi:2.5 Lo:0.96005 op:1.18 ycl:1.35 tcl:0 PE:A VWAP:1.8579 tradesAllDay:121249 RVOL:43 T:15:40:46
