date,ticker,side,entry_time,exit_time,entry_price,exit_price,shares,pnl,commissions
2023-04-12,LSDI,long,07:22:13,07:32:01,0.5175,0.4777,580,-23.09,0.0165
2023-04-12,ATHE,long,07:37:46,07:46:51,7.1075,7.2069,120,11.93,0.0036
2023-04-12,ATHE,long,07:50:46,07:54:02,7.07,7.0577,30,-0.37,0.0006
2023-04-12,SSNT,long,08:02:48,08:03:03,10.16,11.27,10,11.1,0.0003
2023-04-12,SSNT,long,08:06:58,08:19:42,9.91,8.1691,50,-87.04,0.0012
2023-04-12,SSNT,short,08:52:57,09:30:12,7.9685,7.9443,46,1.11,0.0011
2023-04-12,ATHE,short,09:07:50,09:19:15,5.22,4.7937,30,12.79,0.0006
2023-04-12,SSNT,long,09:31:14,09:32:04,7.845,7.52,20,-6.5,0.0005
2023-04-12,SSNT,short,09:32:04,09:32:10,7.52,7.56,10,-0.4,0.0003
2023-04-12,SSNT,long,09:32:10,10:35:03,8.791,9.0734,295,83.3,0.0085
2023-04-12,ATHE,short,09:33:25,09:35:21,4.96,4.695,10,2.65,0.0002
2023-04-12,VIEW,short,09:37:07,11:34:19,1.6743,1.6208,717,38.38,0.0201
2023-04-12,SSNT,long,10:41:53,11:35:16,10.8128,10.7819,187,-5.77,0.0047
2023-04-12,MINM,short,12:13:08,12:25:30,4.38,3.8708,40,20.37,0.001
2023-04-12,MINM,long,12:25:30,12:26:01,3.5167,3.41,15,-1.6,0.0004
2023-04-12,SSNT,long,12:39:34,12:58:28,10.0592,9.8069,131,-33.05,0.004
2023-04-12,VIEW,long,12:59:39,13:19:53,2.2228,2.3746,145,22.01,0.0039
2023-04-12,ATHE,short,13:19:42,13:22:58,4.54,4.6333,60,-5.6,0.0015
2023-04-12,ATHE,short,13:23:01,15:54:36,4.5528,4.3548,250,49.51,0.0068
2023-04-12,SSNT,long,13:44:47,14:02:58,10.6212,10.1407,170,-81.68,0.0045
2023-04-12,SSNT,long,14:17:09,14:40:23,10.295,10.3397,60,2.68,0.0016
2023-04-12,SSNT,short,15:21:08,15:22:11,11.61,11.745,30,-4.05,0.0009
2023-04-12,SSNT,long,15:22:11,15:42:45,11.57,10.9974,105,-60.12,0.003
2023-04-12,SSNT,long,15:53:03,16:00:09,11.42,12.1108,40,27.63,0.0011
2023-04-12,SSNT,short,16:00:09,16:00:30,13.0,12.68,3,0.96,0.0
2023-05-12,NRSN,short,08:04:14,08:06:29,1.7833,1.7434,180,7.18,0.0051
2023-05-12,ALLR,short,08:41:58,13:28:11,0.9923,0.8905,270,27.49,0.007
2023-05-12,SSNT,short,09:54:17,10:56:26,10.0367,9.7022,90,30.1,0.0027
2023-05-12,CYTO,short,13:45:31,14:55:47,0.4001,0.3724,300,8.31,0.0078
2023-05-12,CHSN,long,14:06:06,14:08:50,5.34,5.0645,40,-11.02,0.0011
2023-06-12,ZVSA,long,07:29:04,07:37:26,4.0125,3.8749,240,-33.02,0.0064
2023-06-12,MLGO,short,08:09:35,08:50:29,4.374,4.4778,400,-41.54,0.0108
2023-06-12,MLGO,long,08:50:33,09:26:41,4.5175,4.484,440,-14.76,0.0122
2023-06-12,SERA,long,08:52:19,08:53:49,3.395,3.38,80,-1.2,0.0023
2023-06-12,SERA,long,09:10:07,09:16:43,3.95,4.2331,90,25.48,0.0022
2023-06-12,SERA,long,09:22:11,09:39:37,5.1322,5.2701,270,37.23,0.0076
2023-06-12,SERA,short,09:45:06,09:46:59,5.14,5.011,40,5.16,0.0011
2023-06-12,SERA,short,09:47:54,10:03:21,5.4521,5.3447,67,7.2,0.0017
2023-06-12,LGHL,long,09:54:01,09:56:12,1.42,1.2999,170,-20.41,0.0048
2023-06-12,MLGO,short,10:01:47,10:18:26,4.3491,4.2996,259,12.81,0.0077
2023-06-12,SERA,long,10:12:40,10:17:22,6.805,7.3377,60,31.96,0.0014
2023-06-12,SERA,long,10:19:53,10:27:10,8.7367,8.9767,60,14.4,0.0011
2023-06-12,SERA,long,10:30:24,10:50:59,8.1622,8.301,90,12.49,0.0021
2023-06-12,MLGO,long,10:42:14,10:43:01,5.3433,5.3632,180,3.58,0.0051
2023-06-12,SERA,short,11:18:02,11:18:09,7.7006,7.8294,40,-5.15,0.0012
2023-06-12,SERA,long,11:18:42,11:19:59,8.0,8.0529,40,2.12,0.0011
2023-06-12,MLGO,long,11:46:14,11:47:12,6.04,6.2503,60,12.62,0.0017
2023-06-12,MLGO,long,11:51:06,11:56:50,6.4123,6.4006,160,-1.87,0.0041
2023-06-12,SERA,long,12:02:08,13:27:19,6.9113,7.0315,103,12.39,0.0027
2023-06-12,MLGO,short,12:52:44,13:15:12,6.3132,6.2743,150,5.84,0.0045
2023-06-12,MLGO,long,14:18:24,14:20:17,6.99,7.1937,120,24.44,0.0028
2023-06-12,MLGO,short,14:20:17,14:20:30,8.06,7.91,1,0.15,0.0
2023-06-12,MLGO,long,14:22:17,14:33:15,7.8,7.9555,220,34.22,0.0062
2023-06-12,MLGO,long,14:35:26,14:54:52,8.4799,8.4405,230,-9.06,0.0061
2023-06-12,MLGO,short,14:54:52,14:54:54,8.12,8.0794,8,0.32,0.0002
2023-07-12,SVFD,long,08:23:36,08:37:28,4.0062,4.049,240,10.26,0.007
2023-07-12,SVFD,long,08:49:41,09:34:18,4.3969,4.4092,420,5.18,0.0117
2023-07-12,MLGO,short,09:40:59,11:01:24,15.42,12.766,30,79.62,0.0007
2023-07-12,SVFD,long,09:43:12,09:44:18,5.92,6.3587,30,13.16,0.0007
2023-07-12,SVFD,long,09:44:51,09:53:07,6.0171,6.123,140,14.83,0.0037
2023-07-12,SVFD,long,09:55:05,10:09:55,6.0388,6.1685,80,10.38,0.0022
2023-07-12,ALT,long,10:02:08,10:07:19,8.0115,8.0422,130,3.99,0.0042
2023-07-12,ZVSA,short,10:12:05,10:35:16,1.66,1.4238,40,9.45,0.0011
2023-07-12,ALT,long,10:33:08,10:45:14,8.1016,8.1237,100,2.21,0.0026
2023-07-12,SVFD,long,10:58:45,11:05:31,5.4869,5.3955,200,-18.29,0.006
2023-07-12,ALT,short,11:13:17,11:46:55,7.864,7.6365,100,22.75,0.0026
2023-07-12,SLDB,long,12:37:12,12:38:49,5.28,5.3575,40,3.1,0.001
2023-07-12,MLGO,long,13:23:16,13:25:02,3.6,3.6145,20,0.29,0.0005
2023-07-12,SLDB,long,14:43:55,14:48:11,5.91,5.9571,80,3.77,0.0021
2023-08-12,MLGO,short,07:30:40,15:38:06,2.6346,2.4627,288,49.5,0.0087
2023-08-12,SOAR,long,07:48:39,07:49:41,8.71,9.06,30,10.5,0.0009
2023-08-12,INTS,long,08:38:31,08:41:43,12.5667,12.7617,30,5.85,0.001
2023-08-12,ALT,short,09:31:40,10:03:28,6.9481,6.9605,310,-3.87,0.0089
2023-08-12,INTS,long,09:33:40,09:40:29,9.7033,10.1439,60,26.43,0.0013
2023-08-12,INTS,long,09:41:21,09:43:04,9.71,10.0052,10,2.95,0.0003
2023-08-12,INTS,long,09:43:49,09:51:58,9.665,9.8467,60,10.9,0.0016
2023-08-12,INTS,long,10:07:01,10:33:41,10.2811,10.4712,135,25.66,0.0031
2023-08-12,ALT,short,11:06:53,11:37:25,7.208,7.2286,150,-3.09,0.0043
2023-08-12,INTS,short,11:31:49,12:10:55,7.955,7.8742,60,4.85,0.0015
2023-08-12,INTS,long,12:10:55,12:11:10,7.63,7.81,56,10.08,0.0016
2023-08-12,BLUE,short,14:06:34,14:26:50,3.27,3.1462,100,12.38,0.0028
2023-08-12,INTS,short,14:09:59,14:23:24,8.35,8.0017,30,10.45,0.0009
2023-11-12,KTTA,long,08:45:20,09:39:19,0.8047,0.8177,1360,17.74,0.0384
2023-11-12,JTAI,short,09:40:17,09:41:39,2.1533,2.21,180,-10.2,0.0049
2023-11-12,JTAI,short,09:41:46,10:08:54,2.2431,2.1763,280,18.7,0.0075
2023-11-12,KTTA,short,09:58:42,10:57:49,0.7593,0.7307,550,15.71,0.0146
2023-11-12,NXTP,long,10:15:01,10:18:51,0.8742,0.8211,780,-41.49,0.0218
2023-11-12,JTAI,long,10:20:32,10:33:19,2.64,2.6932,180,9.57,0.0048
2023-11-12,JTAI,short,10:46:02,10:46:06,3.16,3.18,60,-1.2,0.0016
2023-11-12,JTAI,long,10:46:22,11:30:44,3.022,3.0169,1764,-8.9,0.0502
2023-11-12,JTAI,long,11:31:10,11:42:36,2.9174,2.7507,470,-78.39,0.0133
2023-11-12,NXTP,long,11:43:40,12:24:33,1.0022,1.0434,1380,56.85,0.0391
2023-11-12,JTAI,long,12:36:48,13:03:42,2.7088,2.6655,320,-13.83,0.0093
2023-11-12,NXTP,long,12:58:17,12:59:31,1.16,1.16,120,0.0,0.0033
2023-11-12,NXTP,long,12:59:43,13:23:00,1.0274,0.9374,410,-36.92,0.0115
2023-11-12,JTAI,long,13:07:00,13:15:01,2.775,2.7342,120,-4.89,0.0033
2023-11-12,JTAI,long,13:28:16,15:12:32,3.208,3.283,1049,78.74,0.0302
2023-11-12,JTAI,long,15:14:04,16:05:00,3.3493,3.3378,410,-4.72,0.0118
2023-12-12,CCCC,long,07:26:40,07:35:58,1.82,1.8805,180,10.89,0.0051
2023-12-12,CCCC,long,07:47:58,08:11:32,1.9664,1.9473,545,-10.41,0.0155
2023-12-12,ADTX,long,08:41:45,08:56:07,6.8122,6.9506,360,49.82,0.0094
2023-12-12,ADTX,long,08:57:48,09:01:10,6.08,6.2355,40,6.22,0.0009
2023-12-12,ADTX,long,09:18:19,09:21:44,6.38,6.731,10,3.51,0.0001
2023-12-12,CADL,long,09:33:06,09:35:03,1.22,1.315,40,3.8,0.001
2023-12-12,CCCC,long,09:33:37,09:35:48,1.84,1.84,40,0.0,0.0011
2023-12-12,ADTX,long,09:40:37,09:40:39,8.28,8.8,30,15.6,0.0007
2023-12-12,ADTX,long,09:40:46,09:53:01,8.4985,8.7274,246,56.33,0.0066
2023-12-12,ALT,short,09:55:23,10:23:37,5.3731,5.4227,145,-7.19,0.0041
2023-12-12,CCCC,long,09:57:29,10:00:06,2.07,2.0822,85,1.04,0.0024
2023-12-12,CCCC,long,10:00:43,10:05:32,1.98,1.9965,255,4.2,0.0074
2023-12-12,CCCC,long,10:17:47,10:37:25,1.98,2.0991,85,10.12,0.0022
2023-12-12,ADTX,short,10:26:21,11:18:10,7.11,6.6517,40,18.33,0.0004
2023-12-12,CCCC,long,11:09:42,11:11:24,2.09,2.1074,85,1.48,0.0026
2023-12-12,ADTX,short,12:08:49,12:25:30,6.89,6.7563,60,8.02,0.0014
2023-12-12,CCCC,long,13:26:38,13:33:24,2.3542,2.3688,215,3.15,0.0063
2023-12-12,CCCC,long,14:33:51,14:38:57,2.53,2.5667,85,3.12,0.0023
2023-12-12,CCCC,long,15:25:54,15:26:11,2.44,2.4847,85,3.8,0.0025
2023-12-12,CCCC,long,15:41:15,15:43:26,2.37,2.37,27,0.0,0.0008
2024-02-01,TSLA,short,06:52:14,06:59:21,245.95,246.14,1,-0.19,0.0
2024-02-01,LBPH,long,08:06:38,08:07:38,15.36,16.8285,20,29.37,0.0004
2024-02-01,LBPH,long,08:08:03,08:10:33,16.43,17.425,10,9.95,0.0001
2024-02-01,SNGX,short,08:46:07,09:16:37,1.0342,1.0295,685,3.18,0.0192
2024-02-01,LBPH,long,09:12:30,09:15:01,16.575,17.319,20,14.88,0.0002
2024-02-01,LBPH,long,09:31:26,09:38:16,18.46,18.9993,30,16.18,0.0008
2024-02-01,SNGX,short,09:33:34,10:33:40,1.135,1.0734,360,22.19,0.0098
2024-02-01,LBPH,long,09:39:45,09:42:38,18.354,17.3625,50,-49.57,0.0013
2024-02-01,LBPH,long,09:43:03,09:56:55,18.0,17.7978,40,-8.09,0.0013
2024-02-01,POL,long,10:01:47,10:22:08,9.8094,10.1797,165,61.1,0.0041
2024-02-01,POL,long,10:22:34,10:38:09,11.2347,11.1818,125,-6.61,0.0031
2024-02-01,LBPH,long,11:03:14,11:18:51,16.925,16.9557,30,0.92,0.0008
2024-02-01,LBPH,long,11:26:13,11:28:59,17.81,17.538,30,-8.16,0.0008
2024-02-01,LBPH,long,11:59:48,12:09:02,18.1112,18.0596,120,-6.2,0.0036
2024-02-01,LBPH,long,12:15:12,12:32:04,18.5367,18.0222,45,-23.15,0.0013
2024-02-01,LBPH,long,12:54:23,13:16:28,19.1115,19.1012,130,-1.34,0.0034
2024-02-01,POL,short,13:09:20,13:32:38,9.6167,9.117,30,14.99,0.0008
2024-02-01,LBPH,long,13:42:55,13:57:11,19.4979,19.6796,70,12.72,0.0018
2024-02-01,LBPH,long,13:58:51,14:04:31,21.47,21.6998,60,13.79,0.0016
2024-02-01,LBPH,long,14:16:11,14:29:25,22.71,23.1443,30,13.03,0.0006
2024-02-01,LBPH,long,14:35:04,15:02:29,23.2587,23.3455,149,12.94,0.004
2024-02-01,LBPH,long,15:32:25,15:42:31,23.62,23.5183,90,-9.15,0.0024
2024-03-01,NEXI,long,07:23:36,07:25:54,4.25,4.4107,100,16.07,0.0024
2024-03-01,ABVC,long,07:30:33,07:35:41,2.3054,2.4516,195,28.52,0.0048
2024-03-01,NEXI,long,08:17:37,08:23:04,5.0269,5.0837,265,15.05,0.0077
2024-03-01,NEXI,long,08:55:30,09:28:03,6.7914,6.9575,105,17.44,0.0023
2024-03-01,NEXI,long,09:30:12,09:32:03,7.0,7.3587,60,21.52,0.0013
2024-03-01,NEXI,long,09:35:09,09:41:21,6.6249,6.5806,240,-10.61,0.0065
2024-03-01,FWBI,short,09:39:23,10:51:45,5.93,5.2852,40,25.79,0.0006
2024-03-01,ABVC,long,09:44:09,09:52:54,2.0391,2.0181,290,-6.11,0.0083
2024-03-01,SASI,long,09:48:05,09:52:16,5.2033,5.2712,180,12.22,0.0051
2024-03-01,SASI,long,09:53:14,09:54:04,5.27,5.1515,120,-14.22,0.0034
2024-03-01,SIDU,long,09:56:23,10:06:34,10.5915,10.9371,58,20.04,0.0013
2024-03-01,SIDU,long,10:06:59,10:15:27,10.9518,11.0353,55,4.59,0.0013
2024-03-01,NEXI,long,10:15:00,10:22:05,8.432,8.6338,205,41.38,0.0053
2024-03-01,NEXI,long,10:22:58,10:43:12,8.0431,7.9833,245,-14.65,0.0067
2024-03-01,SIDU,long,10:40:20,10:40:38,11.7994,12.1975,20,7.96,0.0006
2024-03-01,SIDU,long,10:41:24,10:42:04,11.43,11.815,10,3.85,0.0003
2024-03-01,SNTG,short,10:52:22,11:02:39,4.321,4.0759,51,12.5,0.0013
2024-03-01,NEXI,long,11:06:03,11:21:13,7.85,7.7717,120,-9.4,0.0032
2024-03-01,ABVC,long,11:07:58,11:18:25,2.1823,2.1939,405,4.66,0.011
2024-03-01,NEXI,long,11:38:36,11:49:52,8.1033,8.2392,120,16.3,0.0029
2024-03-01,NEXI,long,11:54:38,11:55:13,8.02,8.147,80,10.16,0.0021
2024-03-01,NEXI,long,12:02:02,12:04:53,7.73,7.7655,60,2.13,0.0017
2024-03-01,AISP,long,12:22:10,12:33:30,2.6392,2.6188,295,-6.0,0.0085
2024-03-01,NEXI,long,12:52:57,13:02:47,9.3374,9.0307,120,-36.8,0.0028
2024-03-01,CGC,long,13:30:52,13:33:36,4.9,4.9659,180,11.87,0.005
2024-03-01,ABVC,long,14:13:21,14:15:32,2.1498,2.0856,215,-13.8,0.0061
2024-03-01,ABVC,long,14:26:41,14:42:00,2.13,2.1492,130,2.5,0.0035
2024-04-01,JFBR,long,06:25:57,06:38:48,5.4649,5.2697,154,-30.07,0.0043
2024-04-01,OMGA,long,06:59:17,07:11:23,4.9733,5.1091,255,34.63,0.0063
2024-04-01,OMGA,long,07:37:19,08:11:06,5.9269,5.9373,589,6.12,0.0167
2024-04-01,MINM,long,09:03:26,09:16:08,5.0079,5.0084,501,0.27,0.0146
2024-04-01,MINM,long,09:31:03,09:36:53,4.8933,4.9622,180,12.4,0.0054
2024-04-01,MINM,long,09:45:12,09:46:17,5.2333,4.7788,180,-81.82,0.005
2024-04-01,JFBR,short,09:57:13,10:32:33,4.9313,4.7342,296,58.33,0.0081
2024-04-01,MINM,long,10:07:05,10:09:06,4.92,4.9729,170,9.0,0.0049
2024-04-01,OMGA,long,10:24:45,10:29:32,5.8143,5.8054,350,-3.1,0.01
2024-04-01,JFBR,long,10:32:33,10:34:07,4.13,4.15,2,0.04,0.0001
2024-04-01,JFBR,short,10:34:07,10:58:53,4.21,4.0857,30,3.73,0.0007
2024-04-01,OMGA,long,10:34:20,10:34:35,5.64,5.6488,85,0.75,0.0024
2024-04-01,OMGA,long,10:46:28,10:52:13,5.949,6.0202,200,14.23,0.006
2024-04-01,OMGA,long,10:52:23,10:55:38,5.67,5.6794,170,1.6,0.0048
2024-04-01,MINM,long,11:05:35,11:13:58,4.595,4.4976,340,-33.1,0.0095
2024-04-01,OMGA,long,11:46:21,11:46:48,5.83,5.85,130,2.6,0.0036
2024-04-01,OMGA,long,11:48:00,12:00:49,5.8899,5.9303,440,17.77,0.013
2024-04-01,OMGA,long,12:14:25,12:16:22,5.6629,5.621,245,-10.24,0.0068
2024-04-01,SFWL,long,13:54:23,13:59:40,3.3757,3.2434,70,-9.26,0.002
2024-05-01,IMUX,long,06:40:20,06:49:11,2.016,2.0384,690,15.43,0.0198
2024-05-01,SGD,long,07:02:09,07:19:24,2.1849,2.1989,380,5.34,0.0108
2024-05-01,AIMD,long,07:19:33,07:27:17,4.2457,4.2901,210,9.32,0.006
2024-05-01,BNZI,long,09:24:51,09:36:22,2.8682,2.8859,410,7.24,0.0118
2024-05-01,SGD,short,09:34:11,11:16:36,2.1732,2.113,400,24.11,0.0113
2024-05-01,BNZI,long,09:37:52,09:41:44,3.1071,3.1578,290,14.7,0.0085
2024-05-01,BNZI,long,09:48:51,09:49:49,2.9,2.9101,85,0.86,0.0024
2024-05-01,NEXI,short,09:59:29,10:35:48,7.9367,7.5107,60,25.56,0.0011
2024-05-01,BNZI,long,10:25:19,10:27:21,3.0,3.0178,120,2.14,0.0033
2024-05-01,BNZI,long,10:28:22,10:29:06,3.2,3.2643,120,7.72,0.0034
2024-05-01,BNZI,long,10:29:35,11:15:01,3.0686,3.0745,815,4.84,0.0225
2024-08-01,ACON,long,08:03:29,08:03:38,5.61,5.7003,10,0.9,0.0002
2024-08-01,ACON,long,08:03:54,08:07:37,5.6833,5.8797,30,5.89,0.0005
2024-08-01,ACON,long,08:09:46,08:15:26,6.1224,5.9411,125,-22.67,0.0032
2024-08-01,ACON,long,08:57:30,09:04:45,6.3067,6.4276,105,12.7,0.0025
2024-08-01,ACON,long,09:07:48,09:17:14,6.308,6.3943,80,6.9,0.0018
2024-08-01,ACON,long,09:30:12,09:34:03,6.3582,6.3288,85,-2.5,0.0023
2024-08-01,ACON,long,09:35:16,09:35:39,5.91,5.78,70,-9.1,0.002
2024-08-01,SPEC,long,09:43:05,09:47:57,3.0181,2.989,320,-9.32,0.0091
2024-08-01,ACON,long,09:46:32,09:48:32,5.2294,5.2087,70,-1.45,0.0019
2024-08-01,SPEC,long,09:50:24,09:51:37,3.06,3.1236,100,6.36,0.0029
2024-08-01,SPEC,long,09:53:36,09:56:29,3.0329,2.9771,350,-19.5,0.01
2024-08-01,SLDB,long,09:57:39,09:58:58,8.6471,8.0718,280,-161.06,0.0079
2024-08-01,SLDB,long,09:59:23,10:01:20,8.08,8.2369,70,10.98,0.0019
2024-08-01,SLDB,long,10:03:56,10:09:58,8.155,7.7117,120,-53.2,0.0032
2024-08-01,NEXI,short,10:09:43,10:15:33,8.6452,9.0443,170,-67.84,0.0047
2024-08-01,CLRB,short,10:16:45,12:00:52,3.4669,3.4031,160,10.2,0.0041
2024-08-01,NKTX,long,10:37:57,10:44:29,8.9233,9.2555,120,39.86,0.0027
2024-08-01,NKTX,long,10:44:51,10:54:13,9.3184,9.2258,340,-31.49,0.0086
2024-08-01,NKTX,short,10:58:56,12:20:18,8.6158,8.4892,120,15.2,0.0022
2024-08-01,NKTX,long,12:21:22,12:31:45,8.9064,9.0178,110,12.26,0.0025
2024-08-01,NKTX,long,13:11:26,13:32:39,9.2033,9.2639,135,8.18,0.0033
2024-08-01,NKTX,long,14:30:13,14:49:10,9.63,9.991,70,25.27,0.0017
2024-08-01,NKTX,long,14:49:23,15:03:08,10.4341,10.4162,220,-3.93,0.0058
2024-08-01,NKTX,long,15:10:51,15:23:59,10.3709,10.3012,285,-19.86,0.0077
2024-08-01,NKTX,long,15:29:47,16:03:56,10.6428,10.6451,285,0.66,0.0074
2024-09-01,MCRB,long,07:43:28,07:57:07,2.0167,2.0074,450,-4.15,0.0126
2024-09-01,SNTG,long,08:07:09,08:26:50,4.22,4.2075,280,-3.5,0.0081
2024-09-01,MCRB,long,08:27:07,09:11:22,2.1277,2.1053,880,-19.68,0.0249
2024-09-01,SNTG,long,08:33:49,08:37:30,4.24,4.3493,150,16.4,0.004
2024-09-01,SNTG,long,09:30:43,09:36:15,4.2249,4.1726,485,-25.41,0.0137
2024-09-01,NKTX,long,09:38:29,09:41:50,11.2433,11.0333,300,-63.0,0.0085
2024-09-01,NKTX,long,09:53:38,09:56:31,11.205,11.1487,200,-11.25,0.0057
2024-09-01,NEXI,long,09:55:24,10:02:10,13.675,14.7628,60,65.27,0.001
2024-09-01,CUTR,long,09:59:25,10:03:23,4.3514,4.4099,350,20.45,0.0097
2024-09-01,CUTR,long,10:05:36,10:18:01,4.3392,4.3365,400,-1.11,0.0112
2024-09-01,NEXI,long,10:11:02,10:30:56,12.1167,12.3224,45,9.26,0.0011
2024-09-01,NKTX,long,10:29:43,10:31:43,11.33,11.1218,140,-29.15,0.004
2024-09-01,NKTX,long,10:33:09,10:36:23,11.02,11.0887,70,4.81,0.002
2024-09-01,NEXI,long,10:34:07,10:45:20,13.665,14.2195,20,11.09,0.0002
2024-09-01,NKTX,short,10:39:41,13:45:54,10.6091,10.4441,143,23.6,0.0029
2024-09-01,CUTR,long,10:54:06,11:03:50,4.6692,4.7203,240,12.27,0.0066
2024-09-01,NEXI,long,12:17:36,12:22:12,14.765,14.7817,30,0.5,0.0008
2024-09-01,ZCAR,long,12:45:10,12:51:05,6.18,6.2332,50,2.66,0.0011
2024-09-01,ZCAR,long,13:04:44,13:26:59,6.51,6.575,50,3.25,0.0011
2024-09-01,NEXI,long,15:27:40,15:40:49,14.0897,13.9143,140,-24.56,0.0039
2024-09-01,ZCAR,long,15:57:19,16:02:55,6.5433,6.6187,170,12.82,0.0045
2024-10-01,NVNI,long,07:00:36,07:07:27,3.4896,3.5495,381,22.81,0.0106
2024-10-01,CMND,long,07:42:52,08:01:48,2.9617,2.8964,410,-26.76,0.0112
2024-10-01,NVNI,long,08:09:21,08:14:09,3.355,3.4036,200,9.73,0.0055
2024-10-01,CMND,long,08:26:23,08:28:44,3.03,3.0525,100,2.25,0.0029
2024-10-01,CMND,long,08:47:11,09:26:20,3.4099,3.4774,340,22.95,0.0087
2024-10-01,LAES,short,08:48:33,09:05:56,2.0534,2.004,220,10.87,0.0062
2024-10-01,CMND,long,09:30:09,09:32:58,3.2996,3.2619,490,-18.48,0.0139
2024-10-01,LAES,short,09:32:54,09:33:13,1.98,1.92,1,0.06,0.0
2024-10-01,CMND,long,09:36:06,09:38:03,3.06,3.128,100,6.8,0.0028
2024-10-01,NVNI,short,09:36:53,09:40:45,3.04,2.8071,70,16.3,0.0018
2024-10-01,NEXI,short,09:42:45,11:15:42,13.5834,13.2139,74,27.34,0.0018
2024-10-01,SANA,long,10:07:24,10:08:11,7.7894,7.8053,50,0.79,0.0013
2024-10-01,LAES,short,10:07:56,10:14:10,1.8388,1.8833,170,-7.55,0.0047
2024-10-01,SANA,long,10:19:05,10:24:11,8.3014,8.2533,190,-9.14,0.0052
2024-10-01,LAES,short,10:21:30,11:22:58,1.9881,2.0709,270,-22.35,0.0075
2024-10-01,SANA,short,10:24:53,10:41:02,8.0414,7.7838,140,36.07,0.0031
2024-10-01,OMGA,short,10:25:12,10:57:52,4.78,4.6871,70,6.5,0.0017
2024-10-01,ROMA,long,11:05:19,11:07:46,4.55,4.6077,35,2.02,0.0009
2024-10-01,LAES,long,11:24:10,11:39:05,2.1738,2.1828,320,2.9,0.0085
2024-10-01,LAES,short,11:39:24,12:02:29,2.1137,2.1545,205,-8.38,0.0058
2024-10-01,SANA,short,12:09:04,12:30:38,7.847,7.642,50,10.25,0.0009
2024-10-01,SANA,short,12:40:50,13:22:03,7.5279,7.4266,95,9.62,0.0021
2024-11-01,MLEC,short,07:00:35,07:17:34,3.1713,3.1306,230,9.36,0.0065
2024-11-01,SPEC,long,08:08:26,08:13:54,3.5455,3.638,290,26.82,0.0075
2024-11-01,SPEC,long,08:22:05,08:27:15,3.7946,3.8196,240,6.0,0.0063
2024-11-01,SPEC,long,09:26:39,09:31:40,3.31,3.3944,210,17.72,0.0058
2024-11-01,LAES,long,09:36:43,09:43:10,2.325,2.3711,200,9.22,0.0053
2024-11-01,LAES,short,09:48:14,09:52:34,2.3121,2.3795,190,-12.8,0.0054
2024-11-01,ROMA,long,09:52:19,09:59:57,5.0633,5.1101,150,7.02,0.0036
2024-11-01,MLEC,short,10:00:39,10:55:21,2.6822,2.5893,45,4.18,0.0009
2024-11-01,ROMA,long,10:01:34,10:12:34,5.6367,5.6583,60,1.3,0.0015
2024-11-01,LAES,long,10:05:22,10:12:36,2.3578,2.3971,45,1.77,0.0012
2024-11-01,SPEC,short,10:09:09,10:26:29,3.02,2.889,50,6.55,0.0011
2024-11-01,ROMA,long,10:20:49,10:21:02,6.4194,6.4705,50,2.55,0.0014
2024-11-01,SANA,short,10:31:00,10:53:38,6.5008,6.3661,65,8.75,0.0015
2024-11-01,ROMA,long,10:32:27,10:33:26,5.71,5.8,35,3.15,0.001
2024-11-01,LAES,long,11:05:39,11:23:21,2.7931,2.7945,555,0.8,0.0152
2024-11-01,LAES,long,11:35:43,11:44:14,2.652,2.5922,250,-14.96,0.0072
2024-11-01,LAES,short,11:44:31,12:08:20,2.5944,2.661,181,-12.06,0.0049
2024-11-01,MLEC,short,12:00:49,12:23:00,2.9467,2.8204,105,13.26,0.0028
2024-11-01,LAES,long,12:32:22,12:38:29,2.72,2.7533,150,5.0,0.0042
2024-11-01,SANA,short,12:46:07,13:32:40,6.8,6.7115,100,8.85,0.0026
2024-11-01,LAES,long,13:19:31,13:26:03,2.9,2.9623,100,6.23,0.0027
2024-11-01,LAES,long,13:29:07,13:35:32,3.0043,2.9466,350,-20.19,0.0099
2024-11-01,LAES,short,13:35:41,13:37:59,2.9154,3.0544,200,-27.79,0.0056
2024-11-01,LAES,long,13:38:06,15:59:14,3.1792,3.1942,3545,53.19,0.0979
2024-12-01,MDAI,long,07:50:25,07:55:21,3.1281,3.1664,240,9.19,0.0066
2024-12-01,LAES,short,08:52:48,09:40:14,2.3743,2.257,150,17.61,0.0041
2024-12-01,AUVI,long,09:08:35,09:15:21,3.026,2.982,100,-4.4,0.0027
2024-12-01,AUVI,long,09:34:11,09:36:14,2.7967,2.8589,210,13.07,0.0056
2024-12-01,AUVI,long,09:36:35,09:39:53,2.925,2.8883,200,-7.33,0.0058
2024-12-01,AERT,short,09:38:44,09:53:33,3.1,2.8844,50,10.78,0.0011
2024-12-01,LAES,short,09:40:43,10:36:41,2.23,2.0309,100,19.91,0.0025
2024-12-01,AUVI,long,09:40:52,09:43:48,2.885,2.8937,200,1.73,0.0058
2024-12-01,MDAI,short,09:41:57,09:45:36,3.3779,3.6063,190,-43.41,0.0053
2024-12-01,MDAI,long,09:46:20,09:48:19,3.421,3.1625,200,-51.7,0.0058
2024-12-01,AUVI,long,09:50:56,11:39:51,2.957,2.9857,1920,55.12,0.0539
2024-12-01,MDAI,short,10:10:45,10:15:11,3.17,2.99,50,9.0,0.0013
2024-12-01,SYT,long,12:59:17,13:07:32,8.5,7.659,50,-42.05,0.0015
2024-12-01,BCEL,long,13:24:58,13:34:04,0.4116,0.4067,1112,-5.52,0.0312
2024-12-01,MDAI,short,13:38:04,13:51:53,2.8253,2.873,200,-9.54,0.0056
2024-12-01,AUVI,long,14:24:45,16:08:20,3.6519,3.676,3070,73.87,0.0853
2024-12-01,AUVI,long,16:09:21,16:12:49,4.19,4.3146,35,4.36,0.001
2024-01-02,AUVI,long,07:06:23,07:09:45,3.1985,3.1547,550,-24.13,0.0157
2024-01-02,MINM,long,07:44:22,08:11:20,4.627,4.6738,365,17.1,0.01
2024-01-02,BLBX,long,08:03:10,08:06:34,4.7415,4.6588,310,-25.63,0.0086
2024-01-02,NRBO,long,08:12:11,08:15:17,5.19,5.2151,150,3.76,0.0041
2024-01-02,LQR,long,08:37:31,08:41:01,3.0911,2.8621,270,-61.84,0.0076
2024-01-02,MINM,long,08:43:57,09:37:43,5.9368,6.0984,702,113.42,0.0162
2024-01-02,RVSN,short,09:18:58,15:18:09,14.6787,13.4586,35,42.7,0.0006
2024-01-02,NRBO,short,09:32:32,10:01:26,4.8888,4.8155,570,41.77,0.0157
2024-01-02,MINM,long,09:37:58,09:48:04,6.9701,6.8177,290,-44.19,0.008
2024-01-02,MINM,long,09:48:56,09:51:20,6.0621,6.0989,170,6.26,0.0046
2024-01-02,MINM,short,09:54:19,10:44:12,6.3869,6.1477,132,31.57,0.0032
2024-01-02,NRBO,long,10:02:13,10:10:03,4.6439,4.8186,56,9.78,0.0012
2024-01-02,NRBO,long,10:15:59,10:56:13,5.4678,5.5704,280,28.74,0.0062
2024-01-02,MINM,short,10:44:31,10:53:09,6.0,5.8953,45,4.71,0.0011
2024-01-02,MINM,long,11:02:25,11:18:51,6.0739,6.093,140,2.67,0.0039
2024-01-02,KPRX,long,11:30:10,11:32:49,0.8951,0.9237,300,8.6,0.0086
2024-01-02,KPRX,long,11:36:03,11:42:59,0.9004,0.911,630,6.68,0.0176
2024-01-02,MINM,short,11:58:30,12:14:00,5.9257,5.866,70,4.18,0.002
2024-01-02,KPRX,long,13:43:51,13:45:16,0.8917,0.9173,230,5.88,0.0064
2024-01-02,NRBO,long,14:12:40,14:16:17,5.6754,5.689,260,3.54,0.0071
2024-02-02,MINM,long,08:11:43,08:20:11,7.0075,7.0375,326,9.76,0.0092
2024-02-02,GRI,short,08:14:59,08:54:48,2.38,1.8153,40,22.59,0.0011
2024-02-02,MINM,long,08:27:08,08:47:15,7.2587,7.3731,265,30.31,0.0075
2024-02-02,MINM,long,08:47:55,09:28:30,7.5448,7.5576,395,5.05,0.0107
2024-02-02,INBS,long,09:28:03,09:39:10,4.299,4.4762,416,73.71,0.0112
2024-02-02,MINM,short,09:36:45,09:41:42,6.9967,6.7911,45,9.25,0.0011
2024-02-02,INBS,long,09:42:53,09:45:10,4.135,4.1909,100,5.59,0.0028
2024-02-02,INBS,long,09:48:13,11:16:05,4.6123,4.6734,1127,68.86,0.0287
2024-02-02,MINM,long,09:51:23,09:53:42,6.8678,6.9044,45,1.65,0.0012
2024-02-02,MINM,short,10:29:47,11:24:11,6.2378,6.0115,45,10.18,0.0012
2024-02-02,INBS,long,11:20:03,12:40:31,4.8538,4.8868,553,18.23,0.0154
2024-02-02,INBS,long,13:08:53,15:46:27,5.7733,5.7849,1288,14.92,0.0339
2024-02-02,INBS,long,15:47:34,15:58:06,6.0567,5.908,150,-22.3,0.0041
2024-05-02,BRTX,long,07:34:10,07:45:54,4.2352,4.1936,335,-13.94,0.0094
2024-05-02,BRTX,short,07:59:47,09:49:10,3.6379,3.4307,195,40.42,0.0052
2024-05-02,CHEA,long,08:09:32,08:12:28,13.558,14.3624,25,20.11,0.0003
2024-05-02,CHEA,long,08:12:59,08:30:30,13.2156,13.4115,78,15.28,0.0014
2024-05-02,CDIO,long,08:43:27,08:50:13,2.5688,2.5107,400,-23.2,0.0112
2024-05-02,RVSN,short,09:23:19,15:29:45,15.2902,15.5656,169,-46.54,0.0027
2024-05-02,INBS,short,09:27:27,10:19:12,3.8551,3.7234,140,18.44,0.0039
2024-05-02,MINM,short,09:34:15,10:12:22,6.3,5.9098,85,33.17,0.0024
2024-05-02,DWAC,short,10:05:31,10:30:30,44.635,44.4965,40,5.54,0.0007
2024-05-02,BRTX,short,10:20:58,11:44:50,3.0827,3.0558,110,2.96,0.0032
2024-05-02,GRRR,long,10:54:00,13:33:01,0.9816,1.0051,3715,87.11,0.104
2024-06-02,AGFY,long,08:07:13,08:53:55,0.9776,0.968,1865,-17.85,0.0526
2024-06-02,TENX,long,09:05:46,09:07:16,20.83,21.6954,15,12.98,0.0002
2024-06-02,TENX,long,09:11:15,09:25:25,20.6957,20.8641,63,10.61,0.001
2024-06-02,TENX,long,09:30:50,09:40:52,18.7261,18.7058,65,-1.31,0.0012
2024-06-02,HSDT,short,09:35:14,10:31:11,9.3623,8.8471,48,24.73,0.0006
2024-06-02,AGFY,short,09:38:40,11:12:38,0.9953,0.9389,633,35.67,0.0175
2024-06-02,NVIV,long,11:48:43,11:54:01,0.8713,0.8903,760,14.48,0.0215
2024-06-02,NVIV,long,11:57:43,12:00:47,0.7788,0.812,150,4.98,0.0042
2024-06-02,NVIV,long,12:07:18,12:23:33,0.9163,0.9221,1290,7.39,0.0361
2024-06-02,NVIV,long,12:24:05,12:24:53,0.8952,0.9107,300,4.63,0.0085
2024-06-02,NVIV,long,12:26:19,12:43:27,0.9077,0.9025,2000,-10.38,0.0564
2024-06-02,AEY,long,12:36:02,12:43:09,0.9854,0.9858,450,0.19,0.0128
2024-06-02,NVIV,long,12:44:49,12:55:01,0.795,0.8003,300,1.6,0.0085
2024-06-02,NVIV,long,13:19:24,13:20:48,0.7625,0.7867,230,5.56,0.0064
2024-07-02,HOLO,long,06:09:42,06:15:17,2.2796,2.2567,135,-3.09,0.0037
2024-07-02,HOLO,long,06:59:22,07:01:30,2.25,2.2625,100,1.25,0.003
2024-07-02,HOLO,long,07:18:05,07:34:27,2.3896,2.3684,285,-6.05,0.0079
2024-07-02,GLT,long,07:58:29,08:03:40,2.7067,2.7493,150,6.4,0.004
2024-07-02,GLT,long,08:11:09,08:14:45,2.62,2.683,100,6.3,0.0029
2024-07-02,HOLO,long,08:22:17,08:35:26,2.954,2.823,953,-124.82,0.0268
2024-07-02,HOLO,long,08:39:08,09:23:58,3.4178,3.4611,1475,63.85,0.0414
2024-07-02,GLT,long,09:28:50,09:33:48,2.5156,2.4289,45,-3.9,0.0012
2024-07-02,HOLO,long,09:30:14,09:35:10,3.6977,3.6635,730,-24.95,0.0203
2024-07-02,HOLO,long,09:36:07,09:36:42,3.3596,3.423,150,9.51,0.0044
2024-07-02,HOLO,short,09:37:10,09:53:36,3.5737,4.1643,547,-323.08,0.015
2024-08-02,CCTG,long,04:44:32,04:47:09,5.75,6.1749,70,29.74,0.002
2024-08-02,CCTG,long,04:52:04,04:56:15,9.65,10.1045,20,9.09,0.0005
2024-08-02,CCTG,long,05:50:38,06:00:40,7.04,7.396,15,5.34,0.0002
2024-08-02,HKIT,long,06:21:21,06:28:25,4.0741,4.0334,220,-8.95,0.006
2024-08-02,HKIT,long,06:29:30,06:46:09,4.0446,4.3242,65,18.17,0.0014
2024-08-02,HKIT,long,06:47:51,07:10:11,5.5734,5.7277,265,40.89,0.0065
2024-08-02,HKIT,long,07:11:43,07:14:47,6.59,6.9115,20,6.43,0.0005
2024-08-02,HKIT,long,07:21:44,07:22:30,6.65,6.804,35,5.39,0.001
2024-08-02,HKIT,long,07:39:12,07:39:54,7.01,7.2292,25,5.48,0.0007
2024-08-02,HKIT,long,07:42:10,07:49:38,6.91,7.172,25,6.55,0.0008
2024-08-02,HKIT,long,08:10:17,08:11:25,6.34,6.5396,25,4.99,0.0008
2024-08-02,HKIT,long,08:36:39,08:44:50,6.74,6.9767,18,4.26,0.0003
2024-08-02,HKIT,long,08:47:02,08:47:40,6.515,6.6176,50,5.13,0.0016
2024-08-02,SYRA,long,09:08:24,09:09:25,6.76,7.68,10,9.2,0.0001
2024-08-02,SYRA,long,09:11:10,09:13:25,7.94,8.256,25,7.9,0.0007
2024-08-02,SYRA,long,09:14:55,09:20:41,6.6554,5.4378,120,-146.12,0.0033
2024-08-02,SYRA,long,09:23:08,09:30:37,3.6779,3.7252,120,5.68,0.0034
2024-08-02,MLGO,long,09:31:55,09:40:33,1.0959,1.1554,351,20.89,0.0099
2024-08-02,HKIT,short,09:33:11,11:41:08,5.2104,4.7301,141,67.71,0.0028
2024-08-02,SYRA,long,09:35:45,09:43:00,4.3,4.8211,35,18.24,0.0009
2024-08-02,SYRA,long,09:45:13,10:31:14,5.1307,5.1417,210,2.31,0.0051
2024-08-02,HOLO,long,10:04:55,10:18:13,20.8214,21.2421,14,5.89,0.0003
2024-08-02,MLGO,short,10:27:41,10:38:22,1.23,1.205,100,2.5,0.0027
2024-08-02,SYRA,long,10:37:20,10:56:02,4.475,4.557,60,4.92,0.0013
2024-08-02,CCTG,long,10:44:10,10:45:36,6.2467,6.2493,75,0.2,0.002
2024-08-02,HKIT,long,11:41:51,11:59:56,4.555,4.5371,70,-1.25,0.0021
2024-08-02,SYRA,long,12:07:06,12:18:52,5.4247,5.5964,126,21.64,0.0028
2024-08-02,SYRA,long,12:23:03,12:23:27,5.91,6.1323,35,7.78,0.0009
2024-08-02,SYRA,long,12:39:45,12:42:18,5.8,6.0874,35,10.06,0.0009
2024-08-02,SYRA,long,13:12:10,13:21:30,5.615,5.6173,100,0.23,0.0026
2024-08-02,SYRA,long,13:28:03,14:03:28,5.8416,5.9071,245,16.03,0.0066
2024-08-02,SYRA,long,14:10:30,14:11:22,5.1901,5.195,101,0.5,0.0028
2024-08-02,SYRA,long,14:43:00,14:46:46,6.55,6.7626,35,7.44,0.0009
2024-08-02,SYRA,long,14:57:15,15:00:35,6.8057,6.8402,175,6.03,0.005
2024-08-02,BETS,long,15:26:19,15:29:39,3.9042,3.7756,190,-24.44,0.0054
2024-08-02,SYRA,long,15:26:42,15:27:56,6.87,6.998,50,6.4,0.0013
2024-08-02,HOLO,long,15:34:50,15:37:08,24.66,24.622,10,-0.38,0.0002
2024-08-02,BETS,long,15:35:55,15:37:26,3.62,3.3951,140,-31.49,0.004
2024-08-02,HOLO,long,15:41:07,15:47:38,28.15,30.3127,15,32.44,0.0003
2024-08-02,SYRA,long,15:42:51,15:43:21,5.0,5.2022,50,10.11,0.0015
2024-09-02,TOP,long,05:03:27,05:05:47,5.0847,5.1348,170,8.51,0.0047
2024-09-02,TOP,long,05:08:41,05:12:50,5.3,5.6817,70,26.72,0.002
2024-09-02,TOP,long,05:16:52,05:25:27,5.8238,5.8632,200,7.89,0.0056
2024-09-02,TOP,long,07:54:42,08:05:19,5.896,5.9536,175,10.08,0.0049
2024-09-02,TOP,long,08:10:37,08:19:32,6.0625,6.1076,205,9.23,0.0058
2024-09-02,TOP,long,09:01:06,09:05:33,6.9121,7.1151,95,19.28,0.0024
2024-09-02,TOP,long,09:06:14,09:18:10,7.1946,7.2415,495,23.2,0.0137
2024-09-02,TOP,long,09:25:13,09:32:23,6.8479,6.7943,120,-6.43,0.0034
2024-09-02,HOLO,short,09:31:54,14:07:30,23.0273,20.9582,11,22.76,0.0001
2024-09-02,TOP,long,09:34:56,09:45:01,6.8545,7.0052,210,31.65,0.0055
2024-09-02,INBS,long,09:42:00,09:42:51,4.215,4.06,140,-21.7,0.004
2024-09-02,INBS,short,09:48:49,10:09:18,4.5329,4.5901,140,-8.01,0.0037
2024-09-02,TOP,short,09:51:35,10:18:57,6.2981,6.1358,135,21.92,0.0033
2024-09-02,INBS,long,10:14:10,10:38:13,5.5696,5.6382,450,30.89,0.0119
2024-09-02,TOP,long,10:22:32,10:24:34,6.39,6.3863,35,-0.13,0.0009
2024-09-02,INBS,long,10:43:24,10:44:36,5.89,5.9567,75,5.0,0.0021
2024-09-02,INBS,long,10:47:39,11:13:57,6.5591,6.7297,270,46.07,0.0067
2024-09-02,INBS,long,11:22:49,11:44:27,9.2085,9.5019,205,60.14,0.0046
2024-09-02,INBS,long,11:46:43,11:51:42,10.2257,10.3466,70,8.46,0.0016
2024-09-02,INBS,long,12:03:13,12:07:07,9.5008,9.5209,200,4.02,0.0059
2024-09-02,INBS,long,12:10:40,12:11:38,9.06,9.2512,25,4.78,0.0007
2024-09-02,INBS,long,12:15:26,12:19:35,8.585,8.6317,60,2.8,0.0015
2024-09-02,INBS,long,12:24:58,12:28:28,8.9,9.01,50,5.5,0.0016
2024-09-02,INBS,long,12:51:18,12:52:01,9.3,9.49,35,6.65,0.001
2024-09-02,INBS,long,13:10:34,13:14:19,9.9376,9.9008,85,-3.13,0.0025
2024-09-02,INBS,long,13:32:54,13:33:23,9.68,9.8957,35,7.55,0.001
2024-09-02,INBS,long,13:49:56,13:50:56,9.32,9.48,8,1.28,0.0002
2024-09-02,INBS,long,13:59:52,14:00:24,8.82,9.036,35,7.56,0.001
2024-09-02,INBS,long,14:02:06,14:04:29,8.62,8.798,35,6.23,0.001
2024-09-02,INBS,short,14:04:29,14:04:46,8.97,8.92,14,0.7,0.0004
2024-09-02,INBS,long,15:00:30,15:02:00,8.6425,8.4325,80,-16.8,0.0021
2024-09-02,INBS,short,15:05:08,15:42:44,8.3953,7.8921,75,37.74,0.0017
2024-12-02,DHAI,long,06:52:30,06:58:27,3.42,3.5926,70,12.08,0.0019
2024-12-02,DHAI,long,07:01:44,07:02:30,3.365,3.3862,140,2.97,0.004
2024-12-02,BMR,short,07:26:02,07:30:16,3.7533,3.943,105,-19.92,0.003
2024-12-02,BMR,long,07:30:19,07:40:24,3.8875,3.9496,650,40.34,0.0184
2024-12-02,WISH,long,08:08:42,08:15:45,6.0819,5.9334,250,-37.13,0.0069
2024-12-02,BMR,long,08:18:19,09:36:20,5.4262,5.5455,1890,225.32,0.051
2024-12-02,WISH,long,09:10:05,09:15:53,6.7606,6.6758,85,-7.21,0.0024
2024-12-02,SYRA,short,09:35:20,09:47:05,4.0333,3.8543,90,16.11,0.0023
2024-12-02,BMR,short,09:36:20,09:36:24,7.2529,7.23,35,0.8,0.001
2024-12-02,BMR,long,09:42:15,09:47:05,6.6839,6.7654,155,12.63,0.0042
2024-12-02,INBS,short,09:49:53,10:33:57,6.63,6.4627,70,11.71,0.0018
2024-12-02,BMR,long,09:56:00,10:11:23,6.94,7.6117,35,23.51,0.0005
2024-12-02,DHAI,short,10:20:55,10:26:48,3.2053,2.9219,70,19.84,0.002
2024-12-02,BMR,long,10:21:37,10:24:10,11.945,12.7061,20,15.22,0.0002
2024-12-02,BMR,long,10:28:31,11:15:02,14.8963,15.4376,80,43.31,0.0011
2024-12-02,RNLX,long,10:53:40,11:28:51,1.2102,1.1924,995,-17.67,0.0281
2024-12-02,BMR,long,11:15:36,11:15:40,21.0,21.14,150,21.0,0.0042
2024-12-02,BMR,long,11:18:04,11:20:58,22.065,24.195,2,4.26,0.0
2024-12-02,BMR,long,11:26:17,11:26:37,29.5867,31.98,3,7.18,0.0
2024-12-02,BMR,long,11:32:19,11:33:47,26.1433,26.9408,45,35.89,0.0009
2024-12-02,BMR,long,11:38:31,11:55:22,23.1125,23.3119,48,9.57,0.0004
2024-12-02,RNLX,long,11:41:35,13:21:57,1.5602,1.5797,1040,20.22,0.0294
2024-12-02,MGIH,long,11:42:21,11:57:28,5.6044,6.4607,45,38.53,0.0008
2024-12-02,BMR,long,13:00:32,14:04:36,21.3526,21.2313,70,-8.5,0.0003
2024-12-02,MLGO,short,14:13:08,14:18:15,1.0224,1.001,200,4.28,0.0058
2024-12-02,BMR,long,14:16:44,14:30:59,17.7157,18.6243,7,6.36,0.0
2024-12-02,BMR,long,15:03:14,15:10:26,15.1157,15.749,21,13.3,0.0002
2024-12-02,BMR,long,15:24:55,15:30:10,15.35,15.908,5,2.79,0.0001
2024-12-02,BMR,long,15:51:04,15:55:07,10.9147,10.83,10,-0.85,0.0003
2024-01-03,ADIL,long,07:52:25,07:52:56,3.875,3.9806,100,10.56,0.0027
2024-01-03,BIVI,long,09:03:31,09:03:50,3.23,3.25,50,1.0,0.0014
2024-01-03,ADIL,long,09:18:26,09:20:22,3.0533,3.1047,150,7.71,0.0043
2024-01-03,ENVB,short,09:33:22,10:22:06,1.86,1.7115,175,25.98,0.0049
2024-01-03,BIVI,long,09:33:44,09:34:10,2.78,2.7643,70,-1.1,0.002
2024-01-03,ADIL,long,09:35:11,09:39:24,3.25,3.3439,70,6.57,0.0019
2024-01-03,ADIL,long,09:41:46,09:57:17,3.3779,3.362,705,-11.22,0.0195
2024-01-03,LVTX,short,10:02:12,10:10:35,3.13,3.026,50,5.2,0.0013
2024-01-03,ADIL,long,10:30:19,10:39:33,3.4652,3.457,230,-1.88,0.0062
2024-01-03,MINM,short,10:43:45,11:24:30,6.05,5.8658,195,35.92,0.0053
2024-01-03,MTC,long,11:39:42,11:41:15,2.53,2.5643,70,2.4,0.0021
2024-01-03,MTC,long,11:54:48,11:59:02,3.3331,3.4059,170,12.38,0.0049
2024-01-03,MTC,long,12:02:51,12:03:55,2.97,3.0118,140,5.85,0.0038
2024-01-03,MTC,long,12:12:02,12:12:06,3.0,3.06,35,2.1,0.001
2024-04-03,HSDT,long,08:02:38,08:13:53,6.9457,6.8351,550,-60.82,0.0153
2024-04-03,QNRX,long,08:09:57,08:17:21,6.2616,6.5567,90,26.55,0.0022
2024-04-03,QNRX,short,08:27:35,08:46:49,5.5532,5.4082,140,20.3,0.0035
2024-04-03,NKTR,long,08:38:17,08:44:10,1.0542,1.0424,380,-4.5,0.0107
2024-04-03,HSDT,long,08:51:27,08:51:53,7.05,6.94,70,-7.7,0.002
2024-04-03,HSDT,long,08:53:45,09:05:07,6.82,7.03,50,10.5,0.0014
2024-04-03,QNRX,short,08:55:02,08:59:19,6.1664,6.0147,55,8.34,0.0014
2024-04-03,QNRX,short,09:09:57,09:15:22,6.33,6.1574,35,6.04,0.001
2024-04-03,HSDT,long,09:30:27,09:30:53,6.22,6.536,35,11.06,0.0009
2024-04-03,RNLX,short,09:33:09,09:39:17,1.6255,1.5443,164,13.31,0.0045
2024-04-03,RNLX,short,09:43:06,09:56:02,1.74,1.6047,150,20.3,0.0042
2024-04-03,PHUN,long,09:44:57,10:13:43,10.555,10.6149,820,49.09,0.0216
2024-04-03,PHUN,short,10:13:47,12:27:15,14.7382,14.9294,835,-159.68,0.0224
2024-04-03,OCEA,long,10:50:37,10:59:05,3.3333,3.2895,450,-19.73,0.0125
2024-04-03,PHUN,long,12:27:21,12:59:26,14.9274,15.024,573,55.35,0.0151
2024-04-03,PHUN,short,13:00:12,16:03:33,14.2364,14.0364,425,85.0,0.0106
2024-04-03,OCEA,long,13:08:21,13:08:44,3.43,3.4313,150,0.2,0.0042
2024-04-03,OCEA,long,15:45:35,15:47:55,4.28,4.3929,70,7.9,0.002
2024-04-03,OCEA,long,15:50:19,15:51:26,4.14,4.1636,70,1.65,0.002
2024-05-03,PHUN,long,08:23:00,08:23:38,15.655,15.705,140,7.0,0.004
2024-05-03,AISP,long,08:34:10,08:39:46,2.2123,2.2471,650,22.59,0.0181
2024-05-03,AISP,long,08:43:49,08:45:10,2.36,2.443,100,8.3,0.0029
2024-05-03,AISP,long,08:47:41,09:08:54,3.0375,3.1273,305,27.37,0.0082
2024-05-03,AISP,long,09:30:16,09:30:36,3.0649,3.1088,200,8.77,0.0058
2024-05-03,PHUN,short,09:32:08,11:29:32,16.5029,15.7541,105,78.62,0.0024
2024-05-03,AISP,long,09:32:49,09:34:26,3.265,3.1867,400,-31.33,0.0115
2024-05-03,AISP,long,09:37:04,09:39:11,3.065,3.115,140,7.0,0.0038
2024-05-03,OCEA,long,09:56:23,09:57:24,4.87,4.8865,140,2.31,0.0039
2024-05-03,AISP,short,09:58:53,10:04:38,2.9975,3.0888,200,-18.27,0.0054
2024-05-03,AISP,long,10:07:21,10:12:28,3.075,3.1214,200,9.28,0.0058
2024-05-03,AISP,short,10:14:26,10:18:36,2.9392,3.0128,65,-4.78,0.0017
2024-05-03,AISP,long,10:18:43,10:25:27,3.1777,3.1239,235,-12.63,0.0065
2024-05-03,AISP,long,10:27:27,10:34:10,3.01,3.1144,100,10.44,0.0027
2024-05-03,AISP,long,10:36:13,11:12:26,3.3446,3.3957,1175,60.13,0.0333
2024-05-03,DTSS,short,11:20:34,11:42:57,10.8435,12.1268,230,-295.16,0.0062
2024-05-03,DTSS,long,11:43:07,11:58:37,11.6289,11.8535,260,58.38,0.0065
2024-05-03,OCEA,long,12:08:48,12:18:55,6.8671,6.8782,920,10.18,0.0262
2024-05-03,DTSS,short,12:17:02,13:04:56,10.72,10.4455,75,20.59,0.0019
2024-05-03,OCEA,long,12:25:50,12:28:20,6.27,6.3092,60,2.35,0.0017
2024-05-03,PHUN,short,12:26:37,13:03:00,14.8544,14.5504,45,13.68,0.0009
2024-05-03,OCEA,long,13:04:26,13:07:32,6.43,6.5444,70,8.01,0.0021
2024-05-03,AISP,long,13:47:19,14:04:43,3.4178,3.5735,90,14.01,0.0021
2024-05-03,OCEA,short,13:53:25,15:03:08,5.8,5.4282,50,18.59,0.0011
2024-05-03,AISP,long,14:04:50,15:37:33,4.6875,4.7119,3250,79.35,0.0899
2024-05-03,AISP,long,15:47:05,16:00:18,5.1123,5.1447,290,9.41,0.0084
2024-05-03,AISP,long,16:51:35,16:59:47,5.5412,5.5483,255,1.81,0.0071
2024-06-03,AISP,long,07:23:58,07:46:35,7.5242,7.5747,538,27.17,0.015
2024-06-03,AISP,long,07:59:36,08:27:33,8.0499,8.1189,815,56.28,0.0222
2024-06-03,AISP,long,09:04:36,09:08:43,8.085,8.1039,140,2.64,0.0038
2024-06-03,AISP,long,09:21:22,09:26:27,8.3392,8.3301,260,-2.37,0.007
2024-06-03,AISP,long,09:30:13,09:33:19,8.1934,8.1494,480,-21.1,0.0135
2024-06-03,AISP,short,09:33:38,10:40:49,7.8516,7.5988,305,77.12,0.0083
2024-06-03,RVSN,short,09:56:11,10:29:50,4.2108,4.1817,407,11.84,0.0104
2024-06-03,NKGN,short,10:20:08,10:24:22,1.7365,1.8901,170,-26.11,0.0048
2024-06-03,NKGN,long,10:24:42,10:50:35,2.19,2.2509,980,59.71,0.0277
2024-06-03,APM,long,10:52:56,11:05:45,5.0024,5.0079,360,1.96,0.0094
2024-06-03,AISP,short,11:00:39,11:09:03,7.7094,7.7622,85,-4.49,0.0024
2024-06-03,APM,long,11:07:55,11:16:26,5.6061,5.7776,190,32.59,0.0051
2024-06-03,MEDS,long,11:09:15,11:10:15,13.39,13.912,10,5.22,0.0003
2024-06-03,APM,long,11:16:56,11:39:16,7.5882,8.0183,95,40.86,0.0021
2024-06-03,NKGN,long,11:35:46,11:38:02,2.6467,2.6694,210,4.77,0.0059
2024-06-03,NKGN,long,11:41:59,11:43:41,2.32,2.3956,100,7.56,0.0029
2024-06-03,NKGN,long,11:44:49,11:52:06,2.8767,2.9945,105,12.37,0.0027
2024-06-03,APM,long,11:47:43,11:51:04,13.69,14.6803,30,29.71,0.0004
2024-06-03,APM,long,11:51:18,12:02:22,14.43,14.8423,13,5.36,0.0001
2024-06-03,NKGN,long,11:57:23,12:10:07,3.0235,2.9774,740,-34.1,0.02
2024-06-03,APM,long,12:07:23,12:45:37,11.3333,11.642,64,19.76,0.0007
2024-06-03,NKGN,long,12:14:40,12:16:45,3.11,3.1953,70,5.97,0.0022
2024-06-03,NKGN,short,12:18:10,12:18:13,3.76,3.78,1,-0.02,0.0
2024-06-03,NKGN,long,12:21:35,12:24:32,3.2688,3.3417,170,12.39,0.0049
2024-06-03,NKGN,long,12:46:13,12:47:55,3.3767,3.3733,150,-0.5,0.0043
2024-06-03,APM,long,12:48:31,12:57:49,11.7614,12.3086,14,7.66,0.0002
2024-06-03,NKGN,long,12:59:53,13:07:19,3.0393,3.1461,135,14.42,0.004
2024-06-03,AISP,short,13:11:52,13:53:09,7.3926,7.2447,140,20.72,0.0038
2024-06-03,APM,long,13:58:05,14:01:17,11.1423,11.4523,22,6.82,0.0005
2024-06-03,NKGN,short,14:26:06,15:06:48,2.2983,2.2751,120,2.79,0.0033
2024-06-03,APM,short,15:04:54,15:27:57,10.3457,10.4609,35,-4.03,0.0006
2024-07-03,BREA,long,05:45:33,06:08:27,2.8584,2.8861,750,20.78,0.0207
2024-07-03,IPA,long,07:23:06,07:41:39,2.8137,2.7963,990,-17.24,0.0276
2024-07-03,NKGN,short,07:56:45,08:13:09,2.465,2.3429,200,24.43,0.0051
2024-07-03,NKGN,short,08:25:01,08:38:26,2.28,2.2195,100,6.05,0.0025
2024-07-03,NKGN,short,08:49:13,08:54:46,2.32,2.2129,70,7.5,0.0018
2024-07-03,LYT,long,09:11:42,09:23:17,9.85,10.0593,30,6.28,0.0006
2024-07-03,CELZ,long,09:25:43,09:28:22,7.62,8.1218,50,25.09,0.0012
2024-07-03,NKGN,short,09:30:33,09:41:33,2.22,2.07,70,10.5,0.002
2024-07-03,PHUN,short,09:34:15,09:41:26,11.87,11.3979,70,33.05,0.0019
2024-07-03,CELZ,long,09:42:23,09:58:02,9.1629,8.5029,21,-13.86,0.0003
2024-07-03,LYT,long,09:42:59,09:47:29,11.8393,12.0922,170,42.99,0.0047
2024-07-03,IPA,short,09:45:46,10:07:01,2.3,2.0857,70,15.0,0.0018
2024-07-03,APM,short,09:50:05,10:15:55,6.33,7.302,60,-58.32,0.0017
2024-07-03,OCEA,short,09:55:10,10:17:28,5.2405,5.0757,195,32.13,0.0053
2024-07-03,IMRN,short,10:08:18,10:42:11,4.2458,3.9693,165,45.61,0.0045
2024-07-03,MNMD,long,10:29:30,10:29:56,9.24,9.367,70,8.89,0.0019
2024-07-03,MNMD,long,10:35:12,10:51:34,9.8256,9.6198,545,-112.14,0.0152
2024-07-03,LYT,long,10:54:02,11:12:43,13.239,13.5818,280,96.0,0.0067
2024-07-03,LYT,long,11:32:04,11:40:26,15.5382,16.0502,55,28.16,0.0009
2024-07-03,LYT,long,11:46:57,12:01:26,16.3722,17.0076,45,28.59,0.0008
2024-07-03,PIK,long,13:05:13,13:12:32,4.515,4.5943,140,11.11,0.0035
2024-07-03,LYT,long,13:07:02,13:11:53,14.295,14.1629,70,-9.25,0.0019
2024-07-03,PIK,long,13:17:40,13:26:15,4.9636,5.0321,110,7.53,0.0029
2024-07-03,IMRN,long,14:10:17,14:25:33,4.9761,4.9745,710,-1.16,0.0194
2024-07-03,IMRN,short,14:26:22,14:55:45,4.9912,4.7909,130,26.03,0.0035
2024-07-03,IMRN,short,15:19:18,15:47:22,3.9967,3.9356,45,2.75,0.0012
2024-07-03,NXU,short,15:39:32,15:44:21,1.0171,0.9464,240,16.96,0.0066
2024-07-03,AIMD,long,16:26:18,16:36:23,2.2213,2.2358,530,7.7,0.0149
2024-07-03,AIMD,long,16:43:57,16:45:24,2.26,2.27,70,0.7,0.002
2024-07-03,IMRN,long,16:45:10,16:48:27,5.9767,6.196,75,16.45,0.0021
2024-08-03,PBM,long,07:51:29,08:00:43,2.5156,2.6224,365,38.98,0.01
2024-08-03,PBM,long,08:06:49,08:12:37,2.9283,2.9717,290,12.58,0.0081
2024-08-03,PBM,long,08:20:31,08:26:24,2.6883,2.7072,600,11.34,0.0169
2024-08-03,PBM,long,08:42:22,08:43:20,2.54,2.54,100,0.0,0.0029
2024-08-03,AIMD,long,08:45:52,08:48:19,2.77,2.7473,200,-4.55,0.0057
2024-08-03,AIMD,long,08:56:34,09:22:36,3.0818,3.0936,1020,12.12,0.0285
2024-08-03,SGD,long,09:30:28,09:37:14,1.3,1.3374,300,11.23,0.0084
2024-08-03,APM,long,09:32:14,09:40:19,7.52,8.486,30,28.98,0.0007
2024-08-03,PBM,long,09:35:02,09:45:46,3.0838,3.0438,625,-25.01,0.0176
2024-08-03,SGD,short,09:37:31,09:44:36,1.2735,1.5052,170,-39.39,0.0047
2024-08-03,SGD,long,09:49:58,10:51:40,1.7371,1.9684,175,40.46,0.0046
2024-08-03,APM,short,09:53:51,10:52:44,10.7429,9.5874,35,40.44,0.0008
2024-08-03,PBM,long,10:03:16,10:07:09,3.2971,3.2995,240,0.59,0.0069
2024-08-03,PBM,long,10:13:40,10:48:58,3.6702,3.7462,669,50.89,0.0181
2024-08-03,PBM,long,11:04:10,11:06:55,3.5967,3.5678,300,-8.65,0.0085
2024-08-03,PBM,long,11:12:32,11:19:50,3.2728,3.3004,350,9.66,0.0096
2024-08-03,SGD,long,11:29:42,11:35:57,1.96,1.9871,70,1.9,0.0019
2024-08-03,LYT,short,11:33:55,11:44:18,9.075,8.4558,40,24.77,0.0008
2024-11-03,PIK,long,08:13:20,08:58:30,9.7618,10.132,55,20.36,0.0014
2024-11-03,DUO,long,08:29:54,08:36:37,1.25,1.2637,230,3.16,0.0064
2024-11-03,APRE,long,08:35:02,08:39:03,11.3525,10.49,80,-69.0,0.0022
2024-11-03,DUO,long,08:43:15,08:58:15,1.5298,1.3036,1730,-391.33,0.0485
2024-11-03,TCBP,long,09:04:59,09:06:45,1.755,1.781,300,7.8,0.0085
2024-11-03,RVSN,short,09:16:47,09:22:01,3.8517,3.7462,120,12.66,0.0031
2024-11-03,RVSN,short,09:31:18,09:32:06,4.14,3.9489,70,13.38,0.0019
2024-11-03,SGD,short,09:34:34,10:15:56,1.5675,1.4457,140,17.05,0.0038
2024-11-03,TCBP,long,09:40:48,09:57:35,2.2989,2.3279,990,28.7,0.0272
2024-11-03,PIK,short,09:56:40,15:08:08,7.6686,6.927,70,51.91,0.0011
2024-11-03,TCBP,long,10:01:49,10:26:14,2.5827,2.6342,1390,71.47,0.0391
2024-11-03,TCBP,long,10:38:30,10:44:47,2.5617,2.607,292,13.21,0.0085
2024-11-03,TCBP,long,10:52:14,11:00:49,2.22,2.2481,100,2.81,0.0028
2024-11-03,STI,long,11:51:04,13:07:52,2.2987,2.3494,2330,118.07,0.0659
2024-11-03,STI,long,13:10:53,13:10:57,2.24,2.28,17,0.68,0.0004
2024-11-03,STI,short,14:01:02,15:34:49,2.12,1.828,70,20.44,0.0016
2024-11-03,ASLN,long,16:01:55,16:07:09,1.67,1.7614,100,9.14,0.003
2024-12-03,RGLS,long,08:31:32,08:55:13,2.4165,2.4104,1000,-6.09,0.0279
2024-12-03,RGLS,short,08:55:21,09:05:46,2.59,2.5724,280,4.94,0.008
2024-12-03,RGLS,long,09:15:00,09:18:44,2.2916,2.3323,380,15.46,0.0108
2024-12-03,CLRO,long,09:21:52,09:32:13,1.7417,1.7203,290,-6.21,0.0081
2024-12-03,RGLS,long,09:29:25,09:47:42,2.591,2.7043,580,65.72,0.0156
2024-12-03,CLRO,long,09:40:17,09:46:59,1.8545,1.8405,550,-7.7,0.0155
2024-12-03,RGLS,short,09:47:42,11:16:29,2.57,2.5884,720,-13.21,0.0194
2024-12-03,CLRO,short,09:58:11,10:00:04,2.0808,2.1523,240,-17.15,0.0068
2024-12-03,CLRO,long,10:00:19,10:15:29,2.0415,2.0611,902,17.63,0.0255
2024-12-03,CLRO,long,10:17:32,10:38:43,2.1864,2.208,780,16.87,0.0222
2024-12-03,SGLY,short,10:41:52,10:59:41,6.1137,5.6996,95,39.34,0.0022
2024-12-03,RGLS,long,11:21:45,11:38:39,3.1023,3.048,2580,-139.98,0.0733
2024-12-03,RGLS,short,11:45:01,12:17:34,2.6346,2.6191,740,11.47,0.0206
2024-12-03,RGLS,long,12:19:44,12:38:05,2.61,2.617,200,1.39,0.0056
2024-12-03,RGLS,long,12:38:38,13:09:51,2.7376,2.7554,1154,20.55,0.0325
2024-12-03,RGLS,short,14:15:27,14:48:44,2.4933,2.5181,300,-7.43,0.0086
2024-12-03,HNRA,long,14:26:05,14:26:53,4.365,4.3403,200,-4.95,0.0056
2024-12-03,HNRA,long,14:32:52,14:45:56,4.6904,4.7111,280,5.82,0.0076
2024-12-03,HNRA,long,14:46:45,14:48:15,4.525,4.3,140,-31.5,0.004
2024-12-03,RGLS,long,14:49:36,15:05:22,2.6969,2.7085,1000,11.61,0.0279
2024-12-03,HNRA,long,15:03:57,15:29:45,5.0431,5.2816,210,50.07,0.0053
2024-12-03,CLRO,long,15:28:11,15:28:49,2.0,2.0,50,0.0,0.0014
2024-12-03,CLRO,long,15:34:02,15:45:21,2.1619,2.09,1490,-107.16,0.0418
2024-12-03,NCNA,long,16:28:54,16:35:27,0.782,0.8132,580,18.09,0.0161
2024-12-03,NCNA,long,16:47:57,16:50:22,0.811,0.8464,150,5.31,0.0043
2024-01-04,SGRP,long,08:26:01,08:33:42,1.3741,1.3508,580,-13.56,0.0164
2024-01-04,VSTE,short,08:35:27,08:46:26,10.1335,10.819,115,-78.84,0.0032
2024-01-04,VSTE,long,08:47:11,09:37:43,11.1725,11.3515,495,88.63,0.0128
2024-01-04,CXAI,long,09:17:00,09:23:25,3.6535,3.7603,490,52.33,0.0132
2024-01-04,CXAI,long,09:25:17,15:10:58,4.8467,4.8977,5697,290.68,0.1573
2024-01-04,VSTE,short,09:38:03,11:42:17,10.0309,9.2194,81,65.74,0.0014
2024-01-04,AVTX,short,09:45:06,10:07:04,21.196,20.4704,25,18.14,0.0008
2024-01-04,AVTX,long,10:07:04,10:07:25,19.31,19.12,1,-0.19,0.0
2024-01-04,VSTE,short,12:28:26,14:08:31,8.688,8.2888,50,19.96,0.0009
2024-01-04,TPST,short,14:17:06,14:56:20,5.6019,5.5889,240,3.11,0.0067
2024-01-04,CXAI,long,15:11:04,15:41:18,6.52,6.574,520,28.08,0.0146
2024-01-04,CXAI,long,15:44:24,15:45:09,6.43,6.51,50,4.0,0.0016
2024-01-04,CXAI,long,15:46:34,15:47:08,6.306,6.3518,250,11.44,0.0072
2024-01-04,CXAI,long,15:47:37,15:47:55,6.31,6.3324,50,1.12,0.0016
2024-01-04,CXAI,long,15:48:18,16:00:55,6.0469,6.0551,875,7.18,0.0246
2024-01-04,CXAI,long,16:20:59,16:21:34,6.26,6.31,50,2.5,0.0014
2024-02-04,CXAI,short,08:05:22,09:02:45,5.2883,5.1344,240,36.95,0.0066
2024-02-04,VVPR,long,08:31:42,09:17:27,4.6063,4.7174,1420,157.76,0.0393
2024-02-04,VVPR,long,09:30:38,10:27:25,5.891,5.9805,1427,127.81,0.038
2024-02-04,ADTX,short,09:32:15,09:48:22,5.28,4.5791,35,24.53,0.0006
2024-02-04,XTIA,short,09:34:47,10:01:58,3.4604,3.2601,135,27.03,0.0036
2024-02-04,CXAI,short,09:41:12,10:44:58,4.7038,4.5749,120,15.46,0.0033
2024-02-04,XTIA,short,10:11:17,11:43:42,3.7344,3.7141,665,13.44,0.0187
2024-02-04,VVPR,long,10:36:01,11:08:31,5.9269,5.8777,361,-17.77,0.0101
2024-02-04,CXAI,long,10:44:58,10:45:14,4.42,4.43,3,0.03,0.0
2024-02-04,VVPR,short,11:09:29,11:49:12,5.515,5.5305,100,-1.55,0.0027
2024-02-04,XTIA,short,11:44:10,11:54:50,3.95,3.934,70,1.12,0.0018
2024-02-04,VVPR,long,12:01:57,12:07:50,5.7247,5.7038,170,-3.55,0.0048
2024-02-04,XTIA,long,12:06:52,12:11:36,3.9141,3.949,220,7.68,0.0061
2024-02-04,VVPR,long,12:35:47,12:41:07,5.76,5.9522,100,19.22,0.0024
2024-02-04,VVPR,long,12:41:24,13:53:35,6.8488,6.875,2486,65.21,0.071
2024-02-04,VVPR,long,14:03:24,14:03:34,6.25,6.25,70,0.0,0.002
2024-02-04,VVPR,short,14:37:47,15:14:25,6.4307,6.4913,290,-17.59,0.0082
2024-02-04,VVPR,long,15:14:25,15:18:42,6.3495,6.1159,808,-188.75,0.023
2024-02-04,VVPR,short,15:22:46,15:58:11,6.0481,5.9609,260,22.66,0.0069
2024-03-04,HSDT,long,07:49:20,08:02:49,7.74,7.795,100,5.5,0.0029
2024-03-04,VVPR,short,08:19:08,08:26:59,6.5885,6.8913,200,-60.55,0.0056
2024-03-04,VVPR,long,08:28:06,08:43:53,6.987,7.1096,500,61.31,0.0142
2024-03-04,VVPR,long,08:48:21,10:23:19,8.459,8.4704,2375,27.06,0.0667
2024-03-04,CXAI,short,09:05:36,11:43:12,5.2783,5.2535,540,13.4,0.0145
2024-03-04,ABIO,short,10:11:47,10:48:38,3.7117,3.5599,345,52.39,0.0092
2024-03-04,VVPR,short,10:42:26,14:26:42,7.7078,7.4165,180,52.43,0.0051
2024-03-04,BROG,long,10:55:52,11:00:49,5.7533,5.9531,210,41.95,0.0061
2024-03-04,BROG,long,11:07:55,11:11:17,5.7791,5.6195,340,-54.28,0.0096
2024-03-04,BROG,long,11:12:09,11:15:11,4.9706,4.6785,470,-137.3,0.0132
2024-03-04,BROG,short,11:18:18,11:57:06,4.3123,3.9349,130,49.06,0.0031
2024-03-04,BROG,short,12:39:52,15:18:23,2.5238,2.4323,208,19.03,0.0057
2024-03-04,BROG,short,15:18:54,15:19:30,1.97,1.96,1,0.01,0.0
2024-03-04,CGC,short,15:45:14,15:59:41,10.89,10.7838,70,7.43,0.002
2024-04-04,CADL,short,08:10:19,08:10:57,2.3657,2.5343,350,-59.0,0.0097
2024-04-04,CADL,long,08:10:57,08:11:20,2.5,2.52,50,1.0,0.0015
2024-04-04,CADL,long,08:11:51,08:12:42,2.3781,2.3245,680,-36.51,0.019
2024-04-04,CADL,short,08:12:42,08:21:13,2.4151,2.2978,299,35.09,0.0086
2024-04-04,TCBP,long,08:40:08,08:49:31,2.2671,2.3048,1670,62.96,0.0468
2024-04-04,TVGN,short,08:50:52,09:16:14,5.0767,4.9113,210,34.72,0.0061
2024-04-04,TCBP,long,08:59:02,09:01:26,2.12,2.1467,150,4.0,0.0042
2024-04-04,HWH,short,09:30:46,13:25:59,2.506,2.2306,125,34.42,0.0035
2024-04-04,TCBP,short,09:31:21,09:32:03,2.4167,2.68,150,-39.5,0.0042
2024-04-04,TCBP,long,09:32:55,10:08:28,2.7983,2.8047,2165,13.96,0.0614
2024-04-04,TVGN,short,09:39:29,09:47:02,4.51,4.2278,50,14.11,0.0012
2024-04-04,CADL,short,09:39:48,11:04:09,2.3906,2.3415,550,26.96,0.0149
2024-04-04,TCBP,short,10:08:32,10:25:19,2.556,2.4907,150,9.8,0.0043
2024-04-04,CGC,short,10:37:18,11:12:52,10.854,10.7656,265,23.41,0.0074
2024-04-04,CADL,short,11:04:47,11:07:48,2.61,2.6014,140,1.2,0.0039
2024-04-04,VVPR,short,11:17:31,12:33:36,6.84,6.5271,70,21.9,0.002
2024-04-04,CGC,short,11:17:55,11:18:07,10.9,10.89,20,0.2,0.0005
2024-04-04,CGC,short,11:48:27,12:24:28,11.0796,10.9211,230,36.45,0.0063
2024-04-04,CADL,long,12:02:21,12:22:48,2.793,2.824,870,26.94,0.0241
2024-04-04,CADL,long,12:56:04,13:24:26,3.1278,3.2262,153,15.05,0.004
2024-04-04,CADL,long,13:27:00,14:26:25,3.3789,3.4339,450,24.77,0.0121
2024-04-04,CADL,long,14:27:21,15:46:49,5.0297,5.0728,2525,108.86,0.0707
2024-04-04,CADL,long,15:47:18,15:50:06,6.215,6.2824,140,9.43,0.0036
2024-04-04,CADL,long,16:00:47,16:01:58,6.36,6.275,50,-4.25,0.0015
2024-04-04,CADL,long,17:31:05,17:37:41,9.73,9.8706,50,7.03,0.0014
2024-05-04,CADL,short,07:09:55,08:13:50,8.3487,8.0664,155,43.76,0.004
2024-05-04,CADL,short,08:14:59,10:07:00,6.7253,6.783,395,-22.78,0.011
2024-05-04,GCTS,long,08:16:46,08:28:09,10.3025,10.4687,440,73.14,0.0124
2024-05-04,GCTS,long,08:30:29,08:56:41,10.8497,10.9054,365,20.31,0.0098
2024-05-04,GCTS,long,09:03:18,09:13:18,11.4164,11.538,165,20.07,0.0044
2024-05-04,GCTS,long,09:13:43,09:14:20,11.905,11.9866,50,4.08,0.0014
2024-05-04,GCTS,long,09:22:05,09:25:01,10.9271,10.9993,70,5.05,0.0018
2024-05-04,MDIA,short,09:31:59,09:40:22,2.9642,3.2711,260,-79.8,0.0073
2024-05-04,HUBC,short,09:37:40,09:45:16,1.6771,1.6516,170,4.33,0.0048
2024-05-04,MDIA,long,09:42:36,09:44:05,3.405,3.464,200,11.81,0.0057
2024-05-04,GCTS,short,09:42:43,10:11:33,9.115,8.3743,60,44.44,0.0014
2024-05-04,MDIA,short,09:44:05,09:44:12,3.49,3.5457,7,-0.39,0.0002
2024-05-04,MDIA,long,09:45:25,09:49:09,3.302,3.3424,125,5.05,0.0036
2024-05-04,MDIA,long,09:51:25,09:58:19,3.4974,3.5126,434,6.59,0.0118
2024-05-04,MDIA,short,09:58:19,09:58:54,3.84,3.83,13,0.13,0.0004
2024-05-04,MDIA,long,10:07:14,10:54:56,4.2724,4.3324,1741,104.43,0.0489
2024-05-04,CADL,long,10:14:32,10:15:46,6.92,7.1152,93,18.15,0.0026
2024-05-04,CADL,long,10:35:36,10:40:12,7.0287,7.0458,318,5.42,0.0089
2024-05-04,GCTS,short,10:45:35,11:03:57,9.322,8.9767,75,25.9,0.0018
2024-05-04,MDIA,long,10:56:05,11:30:16,5.4875,5.3948,2770,-256.94,0.0783
2024-05-04,CADL,long,11:22:29,11:23:58,8.19,8.335,100,14.5,0.0028
2024-05-04,CADL,long,11:28:44,11:29:48,8.27,8.2175,250,-13.13,0.007
2024-05-04,MDIA,long,11:32:59,11:37:55,5.214,5.2677,250,13.43,0.0072
2024-05-04,CADL,long,11:41:01,11:50:38,10.0735,10.1226,925,45.39,0.0254
2024-05-04,CADL,long,11:52:32,11:52:53,9.4647,9.58,100,11.53,0.0029
