experiment_id,sweep_id,run_dir,run_position,candidate_id,ticker,session_date,strategy_id,scanner_gate_ts_utc,scanner_gate_ts_et,scanner_gate_price,scanner_gate_prior_close_pct,scanner_gate_accumulated_volume,threshold_pct,prior_close,pm_open_price,market_cap,market_cap_filter_pass,price_gate_pass_candidate,visual_price_source,visual_quote_guarded_changed_rows,visual_quote_guarded_eligible_rows,scale_guard_triggered,scale_ratio,data_quality_state,builder_id,created_utc
EXP_DAS_FRONTSIDE_DISCOVERY_0002,baseline_threshold50_from_das_run_20260628T114046Z,C:\TSIS_Data\00_CTO\13_TRADING_SYSTEMS\03_STRATEGY_LIBRARY\LONG\DAS\runs\das_scanner_appearance_20260628T114046Z,1,das_scanner_appearance:SYRA:2024-02-08T14:03:00+00:00,SYRA,2024-02-08,das,2024-02-08T14:03:00+00:00,2024-02-08 09:03:00 EST,5.25,372.5897920604915,688517.0,50.0,1.1109,1.2,2356301.2032,True,True,raw_1m_no_visual_quotes_available,0,0,,,research_candidate,build_das_frontside_discovery_panel_v0_1,2026-07-06T15:30:25+00:00
EXP_DAS_FRONTSIDE_DISCOVERY_0002,baseline_threshold50_from_das_run_20260628T114046Z,C:\TSIS_Data\00_CTO\13_TRADING_SYSTEMS\03_STRATEGY_LIBRARY\LONG\DAS\runs\das_scanner_appearance_20260628T114046Z,2,das_scanner_appearance:SRXH:2025-12-16T13:30:00+00:00,SRXH,2025-12-16,das,2025-12-16T13:30:00+00:00,2025-12-16 08:30:00 EST,0.7939,167.57667677789013,792620.0,50.0,0.2967,0.2828,36798828.2056,True,True,raw_1m_no_visual_quotes_available,0,0,,,research_candidate,build_das_frontside_discovery_panel_v0_1,2026-07-06T15:30:25+00:00
EXP_DAS_FRONTSIDE_DISCOVERY_0002,baseline_threshold50_from_das_run_20260628T114046Z,C:\TSIS_Data\00_CTO\13_TRADING_SYSTEMS\03_STRATEGY_LIBRARY\LONG\DAS\runs\das_scanner_appearance_20260628T114046Z,3,das_scanner_appearance:SONN:2025-07-14T10:02:00+00:00,SONN,2025-07-14,das,2025-07-14T10:02:00+00:00,2025-07-14 06:02:00 EDT,12.4,151.01214574898785,672086.0,50.0,4.94,5.26,8602463.52,True,True,raw_1m_plus_quotes_q01_q99_visual_guard,47,232,False,0.9986850858286195,research_candidate,build_das_frontside_discovery_panel_v0_1,2026-07-06T15:30:25+00:00
EXP_DAS_FRONTSIDE_DISCOVERY_0002,baseline_threshold50_from_das_run_20260628T114046Z,C:\TSIS_Data\00_CTO\13_TRADING_SYSTEMS\03_STRATEGY_LIBRARY\LONG\DAS\runs\das_scanner_appearance_20260628T114046Z,4,das_scanner_appearance:MSS:2025-09-29T12:30:00+00:00,MSS,2025-09-29,das,2025-09-29T12:30:00+00:00,2025-09-29 08:30:00 EDT,2.78,195.68176983620504,1427239.0,50.0,0.9402,0.9474,5777590.308,True,True,raw_1m_plus_quotes_q01_q99_visual_guard,68,94,False,0.9963349923719805,research_candidate,build_das_frontside_discovery_panel_v0_1,2026-07-06T15:30:25+00:00
EXP_DAS_FRONTSIDE_DISCOVERY_0002,baseline_threshold50_from_das_run_20260628T114046Z,C:\TSIS_Data\00_CTO\13_TRADING_SYSTEMS\03_STRATEGY_LIBRARY\LONG\DAS\runs\das_scanner_appearance_20260628T114046Z,5,das_scanner_appearance:MWYN:2025-09-10T08:14:00+00:00,MWYN,2025-09-10,das,2025-09-10T08:14:00+00:00,2025-09-10 04:14:00 EDT,1.43,66.29840679148738,965323.0,50.0,0.8599,0.9048,15348051.040000001,True,True,raw_1m_plus_quotes_q01_q99_visual_guard,62,354,False,0.998395382595041,research_candidate,build_das_frontside_discovery_panel_v0_1,2026-07-06T15:30:25+00:00
EXP_DAS_FRONTSIDE_DISCOVERY_0002,baseline_threshold50_from_das_run_20260628T114046Z,C:\TSIS_Data\00_CTO\13_TRADING_SYSTEMS\03_STRATEGY_LIBRARY\LONG\DAS\runs\das_scanner_appearance_20260628T114046Z,6,das_scanner_appearance:CAMP:2025-09-10T11:01:00+00:00,CAMP,2025-09-10,das,2025-09-10T11:01:00+00:00,2025-09-10 07:01:00 EDT,5.97,203.0456852791878,640995.0,50.0,1.97,1.83,660337.2000000001,True,True,raw_1m_plus_quotes_q01_q99_visual_guard,54,182,False,0.9985104325180455,research_candidate,build_das_frontside_discovery_panel_v0_1,2026-07-06T15:30:25+00:00
EXP_DAS_FRONTSIDE_DISCOVERY_0002,baseline_threshold50_from_das_run_20260628T114046Z,C:\TSIS_Data\00_CTO\13_TRADING_SYSTEMS\03_STRATEGY_LIBRARY\LONG\DAS\runs\das_scanner_appearance_20260628T114046Z,7,das_scanner_appearance:INM:2024-08-20T11:38:00+00:00,INM,2024-08-20,das,2024-08-20T11:38:00+00:00,2024-08-20 07:38:00 EDT,9.118,208.04054054054055,546572.4,50.0,2.96,2.954,2585523.0402,True,True,raw_1m_quote_guard_skipped_scale_mismatch,0,152,True,20.03011961879819,scale_mismatch_review,build_das_frontside_discovery_panel_v0_1,2026-07-06T15:30:25+00:00
EXP_DAS_FRONTSIDE_DISCOVERY_0002,baseline_threshold50_from_das_run_20260628T114046Z,C:\TSIS_Data\00_CTO\13_TRADING_SYSTEMS\03_STRATEGY_LIBRARY\LONG\DAS\runs\das_scanner_appearance_20260628T114046Z,8,das_scanner_appearance:HTOO:2025-07-22T12:02:00+00:00,HTOO,2025-07-22,das,2025-07-22T12:02:00+00:00,2025-07-22 08:02:00 EDT,13.2401,211.16568742655696,728814.0,50.0,4.255,4.44,7858155.3,True,True,raw_1m_plus_quotes_q01_q99_visual_guard,41,103,False,1.0007366638442,research_candidate,build_das_frontside_discovery_panel_v0_1,2026-07-06T15:30:25+00:00
EXP_DAS_FRONTSIDE_DISCOVERY_0002,baseline_threshold50_from_das_run_20260628T114046Z,C:\TSIS_Data\00_CTO\13_TRADING_SYSTEMS\03_STRATEGY_LIBRARY\LONG\DAS\runs\das_scanner_appearance_20260628T114046Z,9,das_scanner_appearance:DALN:2025-07-10T12:02:00+00:00,DALN,2025-07-10,das,2025-07-10T12:02:00+00:00,2025-07-10 08:02:00 EDT,12.92,194.30523917995447,683443.0,50.0,4.39,4.39,88369609.9,True,True,raw_1m_plus_quotes_q01_q99_visual_guard,13,110,False,1.0,research_candidate,build_das_frontside_discovery_panel_v0_1,2026-07-06T15:30:25+00:00
EXP_DAS_FRONTSIDE_DISCOVERY_0002,baseline_threshold50_from_das_run_20260628T114046Z,C:\TSIS_Data\00_CTO\13_TRADING_SYSTEMS\03_STRATEGY_LIBRARY\LONG\DAS\runs\das_scanner_appearance_20260628T114046Z,10,das_scanner_appearance:CJMB:2026-01-15T13:46:00+00:00,CJMB,2026-01-15,das,2026-01-15T13:46:00+00:00,2026-01-15 08:46:00 EST,3.18,183.9032229265244,1673249.0,50.0,1.1201,1.1794,8090297.25,True,True,raw_1m_plus_quotes_q01_q99_visual_guard,58,73,False,1.0061383285302594,research_candidate,build_das_frontside_discovery_panel_v0_1,2026-07-06T15:30:25+00:00
EXP_DAS_FRONTSIDE_DISCOVERY_0002,baseline_threshold50_from_das_run_20260628T114046Z,C:\TSIS_Data\00_CTO\13_TRADING_SYSTEMS\03_STRATEGY_LIBRARY\LONG\DAS\runs\das_scanner_appearance_20260628T114046Z,11,das_scanner_appearance:KAVL:2024-06-14T13:15:00+00:00,KAVL,2024-06-14,das,2024-06-14T13:15:00+00:00,2024-06-14 09:15:00 EDT,1.72,27.407407407407398,523858.0,50.0,1.35,1.36,1576702.672,True,True,raw_1m_plus_quotes_q01_q99_visual_guard,26,145,False,1.0,research_candidate,build_das_frontside_discovery_panel_v0_1,2026-07-06T15:30:25+00:00
EXP_DAS_FRONTSIDE_DISCOVERY_0002,baseline_threshold50_from_das_run_20260628T114046Z,C:\TSIS_Data\00_CTO\13_TRADING_SYSTEMS\03_STRATEGY_LIBRARY\LONG\DAS\runs\das_scanner_appearance_20260628T114046Z,12,das_scanner_appearance:ALBT:2025-07-14T12:02:00+00:00,ALBT,2025-07-14,das,2025-07-14T12:02:00+00:00,2025-07-14 08:02:00 EDT,6.81,167.05882352941177,1272679.0,50.0,2.55,2.68,5058037.0851,True,True,raw_1m_plus_quotes_q01_q99_visual_guard,20,126,False,0.9994747221556666,research_candidate,build_das_frontside_discovery_panel_v0_1,2026-07-06T15:30:25+00:00
EXP_DAS_FRONTSIDE_DISCOVERY_0002,baseline_threshold50_from_das_run_20260628T114046Z,C:\TSIS_Data\00_CTO\13_TRADING_SYSTEMS\03_STRATEGY_LIBRARY\LONG\DAS\runs\das_scanner_appearance_20260628T114046Z,13,das_scanner_appearance:SGN:2025-05-28T12:45:00+00:00,SGN,2025-05-28,das,2025-05-28T12:45:00+00:00,2025-05-28 08:45:00 EDT,1.18,41.24970074215943,1284897.0,50.0,0.8354,0.8449,7406791.74,True,True,raw_1m_no_visual_quotes_available,0,0,,,research_candidate,build_das_frontside_discovery_panel_v0_1,2026-07-06T15:30:25+00:00
EXP_DAS_FRONTSIDE_DISCOVERY_0002,baseline_threshold50_from_das_run_20260628T114046Z,C:\TSIS_Data\00_CTO\13_TRADING_SYSTEMS\03_STRATEGY_LIBRARY\LONG\DAS\runs\das_scanner_appearance_20260628T114046Z,14,das_scanner_appearance:PRFX:2026-02-11T13:31:00+00:00,PRFX,2026-02-11,das,2026-02-11T13:31:00+00:00,2026-02-11 08:31:00 EST,4.36,48.299319727891174,1088172.0,50.0,2.94,2.93,2051638.1600000001,True,True,raw_1m_plus_quotes_q01_q99_visual_guard,27,95,False,0.998745294855709,research_candidate,build_das_frontside_discovery_panel_v0_1,2026-07-06T15:30:25+00:00
EXP_DAS_FRONTSIDE_DISCOVERY_0002,baseline_threshold50_from_das_run_20260628T114046Z,C:\TSIS_Data\00_CTO\13_TRADING_SYSTEMS\03_STRATEGY_LIBRARY\LONG\DAS\runs\das_scanner_appearance_20260628T114046Z,15,das_scanner_appearance:RANI:2025-10-17T11:30:00+00:00,RANI,2025-10-17,das,2025-10-17T11:30:00+00:00,2025-10-17 07:30:00 EDT,0.97,105.9447983014862,1176402.0,50.0,0.471,0.4709,134620353.78,False,True,raw_1m_plus_quotes_q01_q99_visual_guard,35,151,False,1.0,research_candidate,build_das_frontside_discovery_panel_v0_1,2026-07-06T15:30:25+00:00
EXP_DAS_FRONTSIDE_DISCOVERY_0002,baseline_threshold50_from_das_run_20260628T114046Z,C:\TSIS_Data\00_CTO\13_TRADING_SYSTEMS\03_STRATEGY_LIBRARY\LONG\DAS\runs\das_scanner_appearance_20260628T114046Z,16,das_scanner_appearance:OSRH:2025-03-26T11:21:00+00:00,OSRH,2025-03-26,das,2025-03-26T11:21:00+00:00,2025-03-26 07:21:00 EDT,2.89,81.76100628930818,962746.0,50.0,1.59,1.69,12880037.7396,True,True,raw_1m_plus_quotes_q01_q99_visual_guard,78,164,False,1.0,research_candidate,build_das_frontside_discovery_panel_v0_1,2026-07-06T15:30:25+00:00
EXP_DAS_FRONTSIDE_DISCOVERY_0002,baseline_threshold50_from_das_run_20260628T114046Z,C:\TSIS_Data\00_CTO\13_TRADING_SYSTEMS\03_STRATEGY_LIBRARY\LONG\DAS\runs\das_scanner_appearance_20260628T114046Z,17,das_scanner_appearance:ROLR:2026-01-14T13:19:00+00:00,ROLR,2026-01-14,das,2026-01-14T13:19:00+00:00,2026-01-14 08:19:00 EST,7.6721,117.9573863636364,1439244.0,50.0,3.52,3.56,48896540.02,True,True,raw_1m_plus_quotes_q01_q99_visual_guard,53,108,False,0.9989114469041857,research_candidate,build_das_frontside_discovery_panel_v0_1,2026-07-06T15:30:25+00:00
EXP_DAS_FRONTSIDE_DISCOVERY_0002,baseline_threshold50_from_das_run_20260628T114046Z,C:\TSIS_Data\00_CTO\13_TRADING_SYSTEMS\03_STRATEGY_LIBRARY\LONG\DAS\runs\das_scanner_appearance_20260628T114046Z,18,das_scanner_appearance:SPRO:2025-05-28T11:01:00+00:00,SPRO,2025-05-28,das,2025-05-28T11:01:00+00:00,2025-05-28 07:01:00 EDT,1.03,49.27536231884059,860315.0,50.0,0.69,0.7,130707164.39999999,False,True,raw_1m_plus_quotes_q01_q99_visual_guard,64,169,False,0.9979959919839679,research_candidate,build_das_frontside_discovery_panel_v0_1,2026-07-06T15:30:25+00:00
EXP_DAS_FRONTSIDE_DISCOVERY_0002,baseline_threshold50_from_das_run_20260628T114046Z,C:\TSIS_Data\00_CTO\13_TRADING_SYSTEMS\03_STRATEGY_LIBRARY\LONG\DAS\runs\das_scanner_appearance_20260628T114046Z,19,das_scanner_appearance:NERV:2025-10-21T12:00:00+00:00,NERV,2025-10-21,das,2025-10-21T12:00:00+00:00,2025-10-21 08:00:00 EDT,4.69,75.6554307116105,624598.0,50.0,2.67,2.69,346195184.0,False,True,raw_1m_plus_quotes_q01_q99_visual_guard,86,124,False,1.000583581500175,research_candidate,build_das_frontside_discovery_panel_v0_1,2026-07-06T15:30:25+00:00
EXP_DAS_FRONTSIDE_DISCOVERY_0002,baseline_threshold50_from_das_run_20260628T114046Z,C:\TSIS_Data\00_CTO\13_TRADING_SYSTEMS\03_STRATEGY_LIBRARY\LONG\DAS\runs\das_scanner_appearance_20260628T114046Z,20,das_scanner_appearance:TWG:2026-01-20T11:51:00+00:00,TWG,2026-01-20,das,2026-01-20T11:51:00+00:00,2026-01-20 06:51:00 EST,7.89,123.5127478753541,525696.0,50.0,3.53,3.48,84844631.5,True,True,raw_1m_plus_quotes_q01_q99_visual_guard,67,188,False,0.9995936555244247,research_candidate,build_das_frontside_discovery_panel_v0_1,2026-07-06T15:30:25+00:00
EXP_DAS_FRONTSIDE_DISCOVERY_0002,baseline_threshold50_from_das_run_20260628T114046Z,C:\TSIS_Data\00_CTO\13_TRADING_SYSTEMS\03_STRATEGY_LIBRARY\LONG\DAS\runs\das_scanner_appearance_20260628T114046Z,21,das_scanner_appearance:LIDR:2025-07-24T12:01:00+00:00,LIDR,2025-07-24,das,2025-07-24T12:01:00+00:00,2025-07-24 08:01:00 EDT,1.81,59.47136563876653,2316581.0,50.0,1.135,1.13,70285795.32000001,True,True,raw_1m_plus_quotes_q01_q99_visual_guard,76,118,False,1.0034598473535756,research_candidate,build_das_frontside_discovery_panel_v0_1,2026-07-06T15:30:25+00:00
EXP_DAS_FRONTSIDE_DISCOVERY_0002,baseline_threshold50_from_das_run_20260628T114046Z,C:\TSIS_Data\00_CTO\13_TRADING_SYSTEMS\03_STRATEGY_LIBRARY\LONG\DAS\runs\das_scanner_appearance_20260628T114046Z,22,das_scanner_appearance:GLTO:2025-11-10T12:03:00+00:00,GLTO,2025-11-10,das,2025-11-10T12:03:00+00:00,2025-11-10 07:03:00 EST,11.45,121.25603864734298,673311.0,50.0,5.175,5.17,1728287665.68,False,True,raw_1m_plus_quotes_q01_q99_visual_guard,53,162,False,0.9972944876774684,research_candidate,build_das_frontside_discovery_panel_v0_1,2026-07-06T15:30:25+00:00
EXP_DAS_FRONTSIDE_DISCOVERY_0002,baseline_threshold50_from_das_run_20260628T114046Z,C:\TSIS_Data\00_CTO\13_TRADING_SYSTEMS\03_STRATEGY_LIBRARY\LONG\DAS\runs\das_scanner_appearance_20260628T114046Z,23,das_scanner_appearance:STAF:2024-08-22T08:09:00+00:00,STAF,2024-08-22,das,2024-08-22T08:09:00+00:00,2024-08-22 04:09:00 EDT,2.7,125.00000000000003,656392.0,50.0,1.2,1.22,2654636.87,True,True,raw_1m_no_visual_quotes_available,0,0,,,research_candidate,build_das_frontside_discovery_panel_v0_1,2026-07-06T15:30:25+00:00
EXP_DAS_FRONTSIDE_DISCOVERY_0002,baseline_threshold50_from_das_run_20260628T114046Z,C:\TSIS_Data\00_CTO\13_TRADING_SYSTEMS\03_STRATEGY_LIBRARY\LONG\DAS\runs\das_scanner_appearance_20260628T114046Z,24,das_scanner_appearance:BBLG:2025-06-27T11:02:00+00:00,BBLG,2025-06-27,das,2025-06-27T11:02:00+00:00,2025-06-27 07:02:00 EDT,8.72,111.65048543689322,712401.0,50.0,4.12,4.0,2190217.1999999997,True,True,raw_1m_plus_quotes_q01_q99_visual_guard,52,182,False,0.9969477384020577,research_candidate,build_das_frontside_discovery_panel_v0_1,2026-07-06T15:30:25+00:00
EXP_DAS_FRONTSIDE_DISCOVERY_0002,baseline_threshold50_from_das_run_20260628T114046Z,C:\TSIS_Data\00_CTO\13_TRADING_SYSTEMS\03_STRATEGY_LIBRARY\LONG\DAS\runs\das_scanner_appearance_20260628T114046Z,25,das_scanner_appearance:SELX:2025-11-10T10:18:00+00:00,SELX,2025-11-10,das,2025-11-10T10:18:00+00:00,2025-11-10 05:18:00 EST,1.37,140.77328646748686,521133.0,50.0,0.569,0.7253,18092866.3236,True,True,raw_1m_plus_quotes_q01_q99_visual_guard,47,299,False,0.9991129837010755,research_candidate,build_das_frontside_discovery_panel_v0_1,2026-07-06T15:30:25+00:00
