ticker,dataset,http_status,msg,rows_saved,pages,dropped_mismatch,dropped_missing_ticker,out_file,ts_utc
ABCB,ratios,200,ok | dropped_mismatch=5198 dropped_missing_ticker=0,1,6,5198,0,D:\financial\ratios\ticker=ABCB\ratios_ABCB.parquet,2026-03-08T13:39:07.138513+00:00
AA,ratios,200,ok | dropped_mismatch=5198 dropped_missing_ticker=0,1,6,5198,0,D:\financial\ratios\ticker=AA\ratios_AA.parquet,2026-03-08T13:39:07.146999+00:00
AAON,ratios,200,ok | dropped_mismatch=5198 dropped_missing_ticker=0,1,6,5198,0,D:\financial\ratios\ticker=AAON\ratios_AAON.parquet,2026-03-08T13:39:07.148153+00:00
ACI,ratios,200,ok | dropped_mismatch=5198 dropped_missing_ticker=0,1,6,5198,0,D:\financial\ratios\ticker=ACI\ratios_ACI.parquet,2026-03-08T13:39:07.155305+00:00
AAC,ratios,200,ok | dropped_mismatch=5199 dropped_missing_ticker=0,0,6,5199,0,D:\financial\ratios\ticker=AAC\ratios_AAC.parquet,2026-03-08T13:39:07.161533+00:00
AG,ratios,200,ok | dropped_mismatch=5198 dropped_missing_ticker=0,1,6,5198,0,D:\financial\ratios\ticker=AG\ratios_AG.parquet,2026-03-08T13:39:07.166970+00:00
AI,ratios,200,ok | dropped_mismatch=5198 dropped_missing_ticker=0,1,6,5198,0,D:\financial\ratios\ticker=AI\ratios_AI.parquet,2026-03-08T13:39:07.183134+00:00
ALEX,ratios,200,ok | dropped_mismatch=5198 dropped_missing_ticker=0,1,6,5198,0,D:\financial\ratios\ticker=ALEX\ratios_ALEX.parquet,2026-03-08T13:39:07.188107+00:00
ACTU,ratios,200,ok | dropped_mismatch=5198 dropped_missing_ticker=0,1,6,5198,0,D:\financial\ratios\ticker=ACTU\ratios_ACTU.parquet,2026-03-08T13:39:07.197349+00:00
AHPA,ratios,200,ok | dropped_mismatch=5199 dropped_missing_ticker=0,0,6,5199,0,D:\financial\ratios\ticker=AHPA\ratios_AHPA.parquet,2026-03-08T13:39:07.204861+00:00
AGLE,ratios,200,ok | dropped_mismatch=5199 dropped_missing_ticker=0,0,6,5199,0,D:\financial\ratios\ticker=AGLE\ratios_AGLE.parquet,2026-03-08T13:39:07.211698+00:00
ACIC,ratios,200,ok | dropped_mismatch=5198 dropped_missing_ticker=0,1,6,5198,0,D:\financial\ratios\ticker=ACIC\ratios_ACIC.parquet,2026-03-08T13:39:07.246180+00:00
ALTM,ratios,200,ok | dropped_mismatch=5199 dropped_missing_ticker=0,0,6,5199,0,D:\financial\ratios\ticker=ALTM\ratios_ALTM.parquet,2026-03-08T13:39:08.451105+00:00
AMCI,ratios,200,ok | dropped_mismatch=5199 dropped_missing_ticker=0,0,6,5199,0,D:\financial\ratios\ticker=AMCI\ratios_AMCI.parquet,2026-03-08T13:39:08.460390+00:00
AMBO,ratios,200,ok | dropped_mismatch=5199 dropped_missing_ticker=0,0,6,5199,0,D:\financial\ratios\ticker=AMBO\ratios_AMBO.parquet,2026-03-08T13:39:08.469293+00:00
AMR,ratios,200,ok | dropped_mismatch=5198 dropped_missing_ticker=0,1,6,5198,0,D:\financial\ratios\ticker=AMR\ratios_AMR.parquet,2026-03-08T13:39:08.485488+00:00
ALKS,ratios,200,ok | dropped_mismatch=5198 dropped_missing_ticker=0,1,6,5198,0,D:\financial\ratios\ticker=ALKS\ratios_ALKS.parquet,2026-03-08T13:39:08.489319+00:00
ANTX,ratios,200,ok | dropped_mismatch=5198 dropped_missing_ticker=0,1,6,5198,0,D:\financial\ratios\ticker=ANTX\ratios_ANTX.parquet,2026-03-08T13:39:08.616187+00:00
ARKR,ratios,200,ok | dropped_mismatch=5198 dropped_missing_ticker=0,1,6,5198,0,D:\financial\ratios\ticker=ARKR\ratios_ARKR.parquet,2026-03-08T13:39:08.625791+00:00
AQU,ratios,200,ok | dropped_mismatch=5199 dropped_missing_ticker=0,0,6,5199,0,D:\financial\ratios\ticker=AQU\ratios_AQU.parquet,2026-03-08T13:39:08.655593+00:00
ARM,ratios,200,ok | dropped_mismatch=5199 dropped_missing_ticker=0,0,6,5199,0,D:\financial\ratios\ticker=ARM\ratios_ARM.parquet,2026-03-08T13:39:08.670577+00:00
ARNC,ratios,200,ok | dropped_mismatch=5199 dropped_missing_ticker=0,0,6,5199,0,D:\financial\ratios\ticker=ARNC\ratios_ARNC.parquet,2026-03-08T13:39:08.688046+00:00
ANDA,ratios,200,ok | dropped_mismatch=5199 dropped_missing_ticker=0,0,6,5199,0,D:\financial\ratios\ticker=ANDA\ratios_ANDA.parquet,2026-03-08T13:39:08.699345+00:00
ARRY,ratios,200,ok | dropped_mismatch=5198 dropped_missing_ticker=0,1,6,5198,0,D:\financial\ratios\ticker=ARRY\ratios_ARRY.parquet,2026-03-08T13:39:08.714580+00:00
ASNS,ratios,200,ok | dropped_mismatch=5198 dropped_missing_ticker=0,1,6,5198,0,D:\financial\ratios\ticker=ASNS\ratios_ASNS.parquet,2026-03-08T13:39:09.797863+00:00
AVIR,ratios,200,ok | dropped_mismatch=5198 dropped_missing_ticker=0,1,6,5198,0,D:\financial\ratios\ticker=AVIR\ratios_AVIR.parquet,2026-03-08T13:39:09.800646+00:00
ATAC,ratios,200,ok | dropped_mismatch=5199 dropped_missing_ticker=0,0,6,5199,0,D:\financial\ratios\ticker=ATAC\ratios_ATAC.parquet,2026-03-08T13:39:09.816302+00:00
ATHX,ratios,200,ok | dropped_mismatch=5199 dropped_missing_ticker=0,0,6,5199,0,D:\financial\ratios\ticker=ATHX\ratios_ATHX.parquet,2026-03-08T13:39:09.823178+00:00
ATRC,ratios,200,ok | dropped_mismatch=5198 dropped_missing_ticker=0,1,6,5198,0,D:\financial\ratios\ticker=ATRC\ratios_ATRC.parquet,2026-03-08T13:39:09.844438+00:00
AWI,ratios,200,ok | dropped_mismatch=5198 dropped_missing_ticker=0,1,6,5198,0,D:\financial\ratios\ticker=AWI\ratios_AWI.parquet,2026-03-08T13:39:09.905125+00:00
AXGT,ratios,200,ok | dropped_mismatch=5199 dropped_missing_ticker=0,0,6,5199,0,D:\financial\ratios\ticker=AXGT\ratios_AXGT.parquet,2026-03-08T13:39:09.939183+00:00
AXON,ratios,200,ok | dropped_mismatch=5198 dropped_missing_ticker=0,1,6,5198,0,D:\financial\ratios\ticker=AXON\ratios_AXON.parquet,2026-03-08T13:39:09.997864+00:00
BAM,ratios,200,ok | dropped_mismatch=5198 dropped_missing_ticker=0,1,6,5198,0,D:\financial\ratios\ticker=BAM\ratios_BAM.parquet,2026-03-08T13:39:09.998202+00:00
AZO,ratios,200,ok | dropped_mismatch=5198 dropped_missing_ticker=0,1,6,5198,0,D:\financial\ratios\ticker=AZO\ratios_AZO.parquet,2026-03-08T13:39:10.001322+00:00
BATRK,ratios,200,ok | dropped_mismatch=5198 dropped_missing_ticker=0,1,6,5198,0,D:\financial\ratios\ticker=BATRK\ratios_BATRK.parquet,2026-03-08T13:39:10.013193+00:00
BATRA,ratios,200,ok | dropped_mismatch=5198 dropped_missing_ticker=0,1,6,5198,0,D:\financial\ratios\ticker=BATRA\ratios_BATRA.parquet,2026-03-08T13:39:10.098638+00:00
BCAC,ratios,200,ok | dropped_mismatch=5199 dropped_missing_ticker=0,0,6,5199,0,D:\financial\ratios\ticker=BCAC\ratios_BCAC.parquet,2026-03-08T13:39:11.125435+00:00
BBT,ratios,200,ok | dropped_mismatch=5198 dropped_missing_ticker=0,1,6,5198,0,D:\financial\ratios\ticker=BBT\ratios_BBT.parquet,2026-03-08T13:39:11.130795+00:00
BBBY,ratios,200,ok | dropped_mismatch=5198 dropped_missing_ticker=0,1,6,5198,0,D:\financial\ratios\ticker=BBBY\ratios_BBBY.parquet,2026-03-08T13:39:11.146428+00:00
BCOV,ratios,200,ok | dropped_mismatch=5199 dropped_missing_ticker=0,0,6,5199,0,D:\financial\ratios\ticker=BCOV\ratios_BCOV.parquet,2026-03-08T13:39:11.167320+00:00
BCPC,ratios,200,ok | dropped_mismatch=5197 dropped_missing_ticker=0,2,6,5197,0,D:\financial\ratios\ticker=BCPC\ratios_BCPC.parquet,2026-03-08T13:39:11.174470+00:00
BDN,ratios,200,ok | dropped_mismatch=5198 dropped_missing_ticker=0,1,6,5198,0,D:\financial\ratios\ticker=BDN\ratios_BDN.parquet,2026-03-08T13:39:11.238529+00:00
BIOS,ratios,200,ok | dropped_mismatch=5199 dropped_missing_ticker=0,0,6,5199,0,D:\financial\ratios\ticker=BIOS\ratios_BIOS.parquet,2026-03-08T13:39:11.325280+00:00
BIO,ratios,200,ok | dropped_mismatch=5198 dropped_missing_ticker=0,1,6,5198,0,D:\financial\ratios\ticker=BIO\ratios_BIO.parquet,2026-03-08T13:39:11.340555+00:00
BIO.B,ratios,200,ok | dropped_mismatch=5198 dropped_missing_ticker=0,1,6,5198,0,D:\financial\ratios\ticker=BIO.B\ratios_BIO.B.parquet,2026-03-08T13:39:11.349124+00:00
BLK,ratios,200,ok | dropped_mismatch=5198 dropped_missing_ticker=0,1,6,5198,0,D:\financial\ratios\ticker=BLK\ratios_BLK.parquet,2026-03-08T13:39:11.371048+00:00
BKR,ratios,200,ok | dropped_mismatch=5198 dropped_missing_ticker=0,1,6,5198,0,D:\financial\ratios\ticker=BKR\ratios_BKR.parquet,2026-03-08T13:39:11.386153+00:00
BMR,ratios,200,ok | dropped_mismatch=5199 dropped_missing_ticker=0,0,6,5199,0,D:\financial\ratios\ticker=BMR\ratios_BMR.parquet,2026-03-08T13:39:11.471050+00:00
BRPM,ratios,200,ok | dropped_mismatch=5199 dropped_missing_ticker=0,0,6,5199,0,D:\financial\ratios\ticker=BRPM\ratios_BRPM.parquet,2026-03-08T13:39:12.427053+00:00
BW,ratios,200,ok | dropped_mismatch=5198 dropped_missing_ticker=0,1,6,5198,0,D:\financial\ratios\ticker=BW\ratios_BW.parquet,2026-03-08T13:39:12.431876+00:00
BRAC,ratios,200,ok | dropped_mismatch=5199 dropped_missing_ticker=0,0,6,5199,0,D:\financial\ratios\ticker=BRAC\ratios_BRAC.parquet,2026-03-08T13:39:12.435516+00:00
BWC,ratios,200,ok | dropped_mismatch=5199 dropped_missing_ticker=0,0,6,5199,0,D:\financial\ratios\ticker=BWC\ratios_BWC.parquet,2026-03-08T13:39:12.452802+00:00
CAI,ratios,200,ok | dropped_mismatch=5198 dropped_missing_ticker=0,1,6,5198,0,D:\financial\ratios\ticker=CAI\ratios_CAI.parquet,2026-03-08T13:39:12.501637+00:00
CAMP,ratios,200,ok | dropped_mismatch=5198 dropped_missing_ticker=0,1,6,5198,0,D:\financial\ratios\ticker=CAMP\ratios_CAMP.parquet,2026-03-08T13:39:12.546552+00:00
CAS,ratios,200,ok | dropped_mismatch=5198 dropped_missing_ticker=0,1,6,5198,0,D:\financial\ratios\ticker=CAS\ratios_CAS.parquet,2026-03-08T13:39:12.595867+00:00
CAP,ratios,200,ok | dropped_mismatch=5199 dropped_missing_ticker=0,0,6,5199,0,D:\financial\ratios\ticker=CAP\ratios_CAP.parquet,2026-03-08T13:39:12.622719+00:00
CARA,ratios,200,ok | dropped_mismatch=5199 dropped_missing_ticker=0,0,6,5199,0,D:\financial\ratios\ticker=CARA\ratios_CARA.parquet,2026-03-08T13:39:12.634926+00:00
CATB,ratios,200,ok | dropped_mismatch=5199 dropped_missing_ticker=0,0,6,5199,0,D:\financial\ratios\ticker=CATB\ratios_CATB.parquet,2026-03-08T13:39:12.644834+00:00
CBIO,ratios,200,ok | dropped_mismatch=5198 dropped_missing_ticker=0,1,6,5198,0,D:\financial\ratios\ticker=CBIO\ratios_CBIO.parquet,2026-03-08T13:39:12.662691+00:00
CCC,ratios,200,ok | dropped_mismatch=5198 dropped_missing_ticker=0,1,6,5198,0,D:\financial\ratios\ticker=CCC\ratios_CCC.parquet,2026-03-08T13:39:12.772707+00:00
CISO,ratios,200,ok | dropped_mismatch=5198 dropped_missing_ticker=0,1,6,5198,0,D:\financial\ratios\ticker=CISO\ratios_CISO.parquet,2026-03-08T13:39:13.800808+00:00
CCS,ratios,200,ok | dropped_mismatch=5198 dropped_missing_ticker=0,1,6,5198,0,D:\financial\ratios\ticker=CCS\ratios_CCS.parquet,2026-03-08T13:39:13.808066+00:00
CCV,ratios,200,ok | dropped_mismatch=5199 dropped_missing_ticker=0,0,6,5199,0,D:\financial\ratios\ticker=CCV\ratios_CCV.parquet,2026-03-08T13:39:13.827722+00:00
CLBR,ratios,200,ok | dropped_mismatch=5199 dropped_missing_ticker=0,0,6,5199,0,D:\financial\ratios\ticker=CLBR\ratios_CLBR.parquet,2026-03-08T13:39:13.834493+00:00
CECO,ratios,200,ok | dropped_mismatch=5198 dropped_missing_ticker=0,1,6,5198,0,D:\financial\ratios\ticker=CECO\ratios_CECO.parquet,2026-03-08T13:39:13.847901+00:00
CLSN,ratios,200,ok | dropped_mismatch=5199 dropped_missing_ticker=0,0,6,5199,0,D:\financial\ratios\ticker=CLSN\ratios_CLSN.parquet,2026-03-08T13:39:13.886896+00:00
CMRX,ratios,200,ok | dropped_mismatch=5199 dropped_missing_ticker=0,0,6,5199,0,D:\financial\ratios\ticker=CMRX\ratios_CMRX.parquet,2026-03-08T13:39:13.952691+00:00
CNH,ratios,200,ok | dropped_mismatch=5198 dropped_missing_ticker=0,1,6,5198,0,D:\financial\ratios\ticker=CNH\ratios_CNH.parquet,2026-03-08T13:39:14.000122+00:00
CNR,ratios,200,ok | dropped_mismatch=5198 dropped_missing_ticker=0,1,6,5198,0,D:\financial\ratios\ticker=CNR\ratios_CNR.parquet,2026-03-08T13:39:14.010786+00:00
CNXC,ratios,200,ok | dropped_mismatch=5198 dropped_missing_ticker=0,1,6,5198,0,D:\financial\ratios\ticker=CNXC\ratios_CNXC.parquet,2026-03-08T13:39:14.020487+00:00
COIN,ratios,200,ok | dropped_mismatch=5198 dropped_missing_ticker=0,1,6,5198,0,D:\financial\ratios\ticker=COIN\ratios_COIN.parquet,2026-03-08T13:39:14.038987+00:00
COLL,ratios,200,ok | dropped_mismatch=5198 dropped_missing_ticker=0,1,6,5198,0,D:\financial\ratios\ticker=COLL\ratios_COLL.parquet,2026-03-08T13:39:14.193187+00:00
COOL,ratios,200,ok | dropped_mismatch=5199 dropped_missing_ticker=0,0,6,5199,0,D:\financial\ratios\ticker=COOL\ratios_COOL.parquet,2026-03-08T13:39:15.188326+00:00
CPAA,ratios,200,ok | dropped_mismatch=5199 dropped_missing_ticker=0,0,6,5199,0,D:\financial\ratios\ticker=CPAA\ratios_CPAA.parquet,2026-03-08T13:39:15.189444+00:00
CTRA,ratios,200,ok | dropped_mismatch=5198 dropped_missing_ticker=0,1,6,5198,0,D:\financial\ratios\ticker=CTRA\ratios_CTRA.parquet,2026-03-08T13:39:15.273106+00:00
CTAC,ratios,200,ok | dropped_mismatch=5199 dropped_missing_ticker=0,0,6,5199,0,D:\financial\ratios\ticker=CTAC\ratios_CTAC.parquet,2026-03-08T13:39:15.282864+00:00
CR,ratios,200,ok | dropped_mismatch=5198 dropped_missing_ticker=0,1,6,5198,0,D:\financial\ratios\ticker=CR\ratios_CR.parquet,2026-03-08T13:39:15.364604+00:00
COUP,ratios,200,ok | dropped_mismatch=5199 dropped_missing_ticker=0,0,6,5199,0,D:\financial\ratios\ticker=COUP\ratios_COUP.parquet,2026-03-08T13:39:15.377837+00:00
CVCO,ratios,200,ok | dropped_mismatch=5198 dropped_missing_ticker=0,1,6,5198,0,D:\financial\ratios\ticker=CVCO\ratios_CVCO.parquet,2026-03-08T13:39:15.442875+00:00
CWH,ratios,200,ok | dropped_mismatch=5198 dropped_missing_ticker=0,1,6,5198,0,D:\financial\ratios\ticker=CWH\ratios_CWH.parquet,2026-03-08T13:39:15.448667+00:00
COO,ratios,200,ok | dropped_mismatch=5198 dropped_missing_ticker=0,1,6,5198,0,D:\financial\ratios\ticker=COO\ratios_COO.parquet,2026-03-08T13:39:15.534507+00:00
DAR,ratios,200,ok | dropped_mismatch=5198 dropped_missing_ticker=0,1,6,5198,0,D:\financial\ratios\ticker=DAR\ratios_DAR.parquet,2026-03-08T13:39:15.640489+00:00
CXM,ratios,200,ok | dropped_mismatch=5198 dropped_missing_ticker=0,1,6,5198,0,D:\financial\ratios\ticker=CXM\ratios_CXM.parquet,2026-03-08T13:39:15.685205+00:00
CYTX,ratios,200,ok | dropped_mismatch=5199 dropped_missing_ticker=0,0,6,5199,0,D:\financial\ratios\ticker=CYTX\ratios_CYTX.parquet,2026-03-08T13:39:15.824285+00:00
DDW,ratios,200,ok | dropped_mismatch=5199 dropped_missing_ticker=0,0,6,5199,0,D:\financial\ratios\ticker=DDW\ratios_DDW.parquet,2026-03-08T13:39:16.546920+00:00
DGX,ratios,200,ok | dropped_mismatch=5198 dropped_missing_ticker=0,1,6,5198,0,D:\financial\ratios\ticker=DGX\ratios_DGX.parquet,2026-03-08T13:39:16.655551+00:00
DLPH,ratios,200,ok | dropped_mismatch=5199 dropped_missing_ticker=0,0,6,5199,0,D:\financial\ratios\ticker=DLPH\ratios_DLPH.parquet,2026-03-08T13:39:16.701335+00:00
DNN,ratios,200,ok | dropped_mismatch=5198 dropped_missing_ticker=0,1,6,5198,0,D:\financial\ratios\ticker=DNN\ratios_DNN.parquet,2026-03-08T13:39:16.796415+00:00
DV,ratios,200,ok | dropped_mismatch=5198 dropped_missing_ticker=0,1,6,5198,0,D:\financial\ratios\ticker=DV\ratios_DV.parquet,2026-03-08T13:39:16.806901+00:00
DAVE,ratios,200,ok | dropped_mismatch=5198 dropped_missing_ticker=0,1,6,5198,0,D:\financial\ratios\ticker=DAVE\ratios_DAVE.parquet,2026-03-08T13:39:16.865225+00:00
DD,ratios,200,ok | dropped_mismatch=5198 dropped_missing_ticker=0,1,6,5198,0,D:\financial\ratios\ticker=DD\ratios_DD.parquet,2026-03-08T13:39:16.887808+00:00
EAGL,ratios,200,ok | dropped_mismatch=5199 dropped_missing_ticker=0,0,6,5199,0,D:\financial\ratios\ticker=EAGL\ratios_EAGL.parquet,2026-03-08T13:39:16.937711+00:00
DRE,ratios,200,ok | dropped_mismatch=5199 dropped_missing_ticker=0,0,6,5199,0,D:\financial\ratios\ticker=DRE\ratios_DRE.parquet,2026-03-08T13:39:17.176165+00:00
EAC,ratios,200,ok | dropped_mismatch=5199 dropped_missing_ticker=0,0,6,5199,0,D:\financial\ratios\ticker=EAC\ratios_EAC.parquet,2026-03-08T13:39:17.265669+00:00
EMMS,ratios,200,ok | dropped_mismatch=5198 dropped_missing_ticker=0,1,6,5198,0,D:\financial\ratios\ticker=EMMS\ratios_EMMS.parquet,2026-03-08T13:39:17.300553+00:00
EDUC,ratios,200,ok | dropped_mismatch=5198 dropped_missing_ticker=0,1,6,5198,0,D:\financial\ratios\ticker=EDUC\ratios_EDUC.parquet,2026-03-08T13:39:17.380576+00:00
ENR,ratios,200,ok | dropped_mismatch=5198 dropped_missing_ticker=0,1,6,5198,0,D:\financial\ratios\ticker=ENR\ratios_ENR.parquet,2026-03-08T13:39:17.885637+00:00
EP,ratios,200,ok | dropped_mismatch=5198 dropped_missing_ticker=0,1,6,5198,0,D:\financial\ratios\ticker=EP\ratios_EP.parquet,2026-03-08T13:39:18.060812+00:00
ESI,ratios,200,ok | dropped_mismatch=5198 dropped_missing_ticker=0,1,6,5198,0,D:\financial\ratios\ticker=ESI\ratios_ESI.parquet,2026-03-08T13:39:18.111042+00:00
ESPR,ratios,200,ok | dropped_mismatch=5198 dropped_missing_ticker=0,1,6,5198,0,D:\financial\ratios\ticker=ESPR\ratios_ESPR.parquet,2026-03-08T13:39:18.149877+00:00
