run_id,market_date,ticker,symbol,limit_down,limit_up,observed_at_utc,event_line_index,command,stage,raw_line
das_cmdapi_live_20260708T193719Z,2026-07-08,SOXS,SOXS,3.16,5.88,2026-07-08T19:37:46+00:00,0,SB SOXS Lv1,screener_lv1,$LDLU SOXS 3.16 5.88
das_cmdapi_live_20260708T193719Z,2026-07-08,EDBL,EDBL,0.0,0.3,2026-07-08T19:37:48+00:00,1,SB EDBL Lv1,screener_lv1,$LDLU EDBL 0 0.3
das_cmdapi_live_20260708T193719Z,2026-07-08,AAL,AAL,14.88,18.19,2026-07-08T19:37:51+00:00,1,SB AAL Lv1,screener_lv1,$LDLU AAL 14.88 18.19
das_cmdapi_live_20260708T193719Z,2026-07-08,ONFO,ONFO,0.0,0.54,2026-07-08T19:37:53+00:00,0,SB ONFO Lv1,screener_lv1,$LDLU ONFO 0 0.54
das_cmdapi_live_20260708T193719Z,2026-07-08,NVDA,NVDA,183.09,223.77,2026-07-08T19:37:56+00:00,1,SB NVDA Lv1,screener_lv1,$LDLU NVDA 183.09 223.77
das_cmdapi_live_20260708T193719Z,2026-07-08,OPEN,OPEN,4.32,5.28,2026-07-08T19:37:58+00:00,1,SB OPEN Lv1,screener_lv1,$LDLU OPEN 4.32 5.28
das_cmdapi_live_20260708T193719Z,2026-07-08,RIVN,RIVN,14.96,18.29,2026-07-08T19:38:00+00:00,1,SB RIVN Lv1,screener_lv1,$LDLU RIVN 14.96 18.29
das_cmdapi_live_20260708T193719Z,2026-07-08,INTC,INTC,97.09,118.67,2026-07-08T19:38:03+00:00,1,SB INTC Lv1,screener_lv1,$LDLU INTC 97.09 118.67
das_cmdapi_live_20260708T193719Z,2026-07-08,SOFI,SOFI,15.76,19.26,2026-07-08T19:38:05+00:00,1,SB SOFI Lv1,screener_lv1,$LDLU SOFI 15.76 19.26
das_cmdapi_live_20260708T193719Z,2026-07-08,BIYA,BIYA,0.25,0.85,2026-07-08T19:38:08+00:00,1,SB BIYA Lv1,screener_lv1,$LDLU BIYA 0.25 0.85
das_cmdapi_live_20260708T193719Z,2026-07-08,NVD,NVD,3.99,5.98,2026-07-08T19:38:10+00:00,1,SB NVD Lv1,screener_lv1,$LDLU NVD 3.99 5.98
das_cmdapi_live_20260708T193719Z,2026-07-08,CPOP,CPOP,0.0,0.17,2026-07-08T19:38:13+00:00,1,SB CPOP Lv1,screener_lv1,$LDLU CPOP 0 0.17
das_cmdapi_live_20260708T193719Z,2026-07-08,TQQQ,TQQQ,50.62,94.01,2026-07-08T19:38:15+00:00,1,SB TQQQ Lv1,screener_lv1,$LDLU TQQQ 50.62 94.01
das_cmdapi_live_20260708T193719Z,2026-07-08,SQQQ,SQQQ,28.19,52.35,2026-07-08T19:38:18+00:00,1,SB SQQQ Lv1,screener_lv1,$LDLU SQQQ 28.19 52.35
das_cmdapi_live_20260708T193719Z,2026-07-08,SKYQ,SKYQ,2.97,4.45,2026-07-08T19:38:20+00:00,1,SB SKYQ Lv1,screener_lv1,$LDLU SKYQ 2.97 4.45
das_cmdapi_live_20260708T193719Z,2026-07-08,ONDS,ONDS,6.71,8.2,2026-07-08T19:38:22+00:00,1,SB ONDS Lv1,screener_lv1,$LDLU ONDS 6.71 8.2
das_cmdapi_live_20260708T193719Z,2026-07-08,VIVK,VIVK,0.03,0.63,2026-07-08T19:38:25+00:00,1,SB VIVK Lv1,screener_lv1,$LDLU VIVK 0.03 0.63
das_cmdapi_live_20260708T193719Z,2026-07-08,SPCX,SPCX,131.84,161.14,2026-07-08T19:38:27+00:00,1,SB SPCX Lv1,screener_lv1,$LDLU SPCX 131.84 161.14
das_cmdapi_live_20260708T193719Z,2026-07-08,YHC,YHC,0.0,0.09,2026-07-08T19:38:32+00:00,1,SB YHC Lv1,screener_lv1,$LDLU YHC 0 0.09
das_cmdapi_live_20260708T193719Z,2026-07-08,CAN,CAN,0.03,0.63,2026-07-08T19:38:34+00:00,1,SB CAN Lv1,screener_lv1,$LDLU CAN 0.03 0.63
das_cmdapi_live_20260708T193719Z,2026-07-08,CEPL,CEPL,10.21,12.48,2026-07-08T19:38:37+00:00,1,SB CEPL Lv1,screener_lv1,$LDLU CEPL 10.21 12.48
das_cmdapi_live_20260708T193719Z,2026-07-08,NVVE,NVVE,8.09,9.89,2026-07-08T19:38:39+00:00,1,SB NVVE Lv1,screener_lv1,$LDLU NVVE 8.09 9.89
das_cmdapi_live_20260708T193719Z,2026-07-08,TVRD,TVRD,4.5,5.5,2026-07-08T19:38:42+00:00,1,SB TVRD Lv1,screener_lv1,$LDLU TVRD 4.5 5.5
das_cmdapi_live_20260708T193719Z,2026-07-08,FRTT,FRTT,0.74,1.73,2026-07-08T19:38:47+00:00,1,SB FRTT Lv1,screener_lv1,$LDLU FRTT 0.74 1.73
das_cmdapi_live_20260708T193719Z,2026-07-08,ELTX,ELTX,2.14,4.99,2026-07-08T19:38:49+00:00,1,SB ELTX Lv1,screener_lv1,$LDLU ELTX 2.14 4.99
das_cmdapi_live_20260708T193719Z,2026-07-08,PENG,PENG,70.81,86.55,2026-07-08T19:38:51+00:00,1,SB PENG Lv1,screener_lv1,$LDLU PENG 70.81 86.55
das_cmdapi_live_20260708T193719Z,2026-07-08,BABU,BABU,7.67,11.51,2026-07-08T19:38:54+00:00,1,SB BABU Lv1,screener_lv1,$LDLU BABU 7.67 11.51
das_cmdapi_live_20260708T193719Z,2026-07-08,LHAI,LHAI,0.95,2.22,2026-07-08T19:38:56+00:00,1,SB LHAI Lv1,screener_lv1,$LDLU LHAI 0.95 2.22
das_cmdapi_live_20260708T193719Z,2026-07-08,BABX,BABX,14.12,21.19,2026-07-08T19:38:59+00:00,1,SB BABX Lv1,screener_lv1,$LDLU BABX 14.12 21.19
das_cmdapi_live_20260708T193719Z,2026-07-08,ZCMD,ZCMD,1.61,3.76,2026-07-08T19:39:01+00:00,1,SB ZCMD Lv1,screener_lv1,$LDLU ZCMD 1.61 3.76
das_cmdapi_live_20260708T193719Z,2026-07-08,ZTG,ZTG,1.67,3.89,2026-07-08T19:39:03+00:00,1,SB ZTG Lv1,screener_lv1,$LDLU ZTG 1.67 3.89
das_cmdapi_live_20260708T193719Z,2026-07-08,NBIL,NBIL,25.61,38.41,2026-07-08T19:39:06+00:00,1,SB NBIL Lv1,screener_lv1,$LDLU NBIL 25.61 38.41
das_cmdapi_live_20260708T193719Z,2026-07-08,NBIG,NBIG,17.88,26.82,2026-07-08T19:39:08+00:00,1,SB NBIG Lv1,screener_lv1,$LDLU NBIG 17.88 26.82
das_cmdapi_live_20260708T193719Z,2026-07-08,SILO,SILO,6.05,7.4,2026-07-08T19:39:11+00:00,1,SB SILO Lv1,screener_lv1,$LDLU SILO 6.05 7.4
das_cmdapi_live_20260708T193719Z,2026-07-08,TC,TC,1.46,3.4,2026-07-08T19:39:13+00:00,1,SB TC Lv1,screener_lv1,$LDLU TC 1.46 3.4
das_cmdapi_live_20260708T193719Z,2026-07-08,VANI,VANI,0.94,2.2,2026-07-08T19:39:15+00:00,0,SB VANI Lv1,screener_lv1,$LDLU VANI 0.94 2.2
das_cmdapi_live_20260708T193719Z,2026-07-08,TCRX,TCRX,0.74,1.73,2026-07-08T19:39:18+00:00,1,SB TCRX Lv1,screener_lv1,$LDLU TCRX 0.74 1.73
das_cmdapi_live_20260708T193719Z,2026-07-08,ANEL,ANEL,18.58,27.87,2026-07-08T19:39:20+00:00,1,SB ANEL Lv1,screener_lv1,$LDLU ANEL 18.58 27.87
das_cmdapi_live_20260708T193719Z,2026-07-08,SDOT,SDOT,17.7,21.63,2026-07-08T19:39:23+00:00,1,SB SDOT Lv1,screener_lv1,$LDLU SDOT 17.7 21.63
das_cmdapi_live_20260708T193719Z,2026-07-08,CMMB,CMMB,1.12,2.62,2026-07-08T19:39:25+00:00,1,SB CMMB Lv1,screener_lv1,$LDLU CMMB 1.12 2.62
das_cmdapi_live_20260708T193719Z,2026-07-08,INLF,INLF,3.57,4.36,2026-07-08T19:39:28+00:00,1,SB INLF Lv1,screener_lv1,$LDLU INLF 3.57 4.36
das_cmdapi_live_20260708T193719Z,2026-07-08,CLRO,CLRO,8.96,10.95,2026-07-08T19:39:30+00:00,0,SB CLRO Lv1,screener_lv1,$LDLU CLRO 8.96 10.95
das_cmdapi_live_20260708T193719Z,2026-07-08,TDTH,TDTH,1.14,2.66,2026-07-08T19:39:33+00:00,0,SB TDTH Lv1,screener_lv1,$LDLU TDTH 1.14 2.66
das_cmdapi_live_20260708T193719Z,2026-07-08,PLBL,PLBL,6.99,8.55,2026-07-08T19:39:35+00:00,0,SB PLBL Lv1,screener_lv1,$LDLU PLBL 6.99 8.55
das_cmdapi_live_20260708T193719Z,2026-07-08,BTAI,BTAI,0.48,1.11,2026-07-08T19:39:37+00:00,0,SB BTAI Lv1,screener_lv1,$LDLU BTAI 0.48 1.11
das_cmdapi_live_20260708T193719Z,2026-07-08,VEEE,VEEE,4.01,4.9,2026-07-08T19:39:39+00:00,1,SB VEEE Lv1,screener_lv1,$LDLU VEEE 4.01 4.9
das_cmdapi_live_20260708T193719Z,2026-07-08,ZSQR,ZSQR,6.36,7.78,2026-07-08T19:39:42+00:00,1,SB ZSQR Lv1,screener_lv1,$LDLU ZSQR 6.36 7.78
das_cmdapi_live_20260708T193719Z,2026-07-08,CD,CD,3.25,3.97,2026-07-08T19:39:47+00:00,0,SB CD Lv1,screener_lv1,$LDLU CD 3.25 3.97
das_cmdapi_live_20260708T193719Z,2026-07-08,JEM,JEM,0.69,1.61,2026-07-08T19:39:49+00:00,1,SB JEM Lv1,screener_lv1,$LDLU JEM 0.69 1.61
das_cmdapi_live_20260708T193719Z,2026-07-08,ECOR,ECOR,6.02,7.35,2026-07-08T19:39:52+00:00,1,SB ECOR Lv1,screener_lv1,$LDLU ECOR 6.02 7.35
das_cmdapi_live_20260708T193719Z,2026-07-08,BEG,BEG,44.72,67.08,2026-07-08T19:39:54+00:00,0,SB BEG Lv1,screener_lv1,$LDLU BEG 44.72 67.08
das_cmdapi_live_20260708T193719Z,2026-07-08,JLHL,JLHL,3.35,4.09,2026-07-08T19:39:56+00:00,0,SB JLHL Lv1,screener_lv1,$LDLU JLHL 3.35 4.09
das_cmdapi_live_20260708T193719Z,2026-07-08,ALHC,ALHC,18.46,22.56,2026-07-08T19:39:59+00:00,1,SB ALHC Lv1,screener_lv1,$LDLU ALHC 18.46 22.56
das_cmdapi_live_20260708T193719Z,2026-07-08,BBLG,BBLG,0.76,1.76,2026-07-08T19:40:01+00:00,0,SB BBLG Lv1,screener_lv1,$LDLU BBLG 0.76 1.76
das_cmdapi_live_20260708T193719Z,2026-07-08,BJDX,BJDX,0.75,1.76,2026-07-08T19:40:04+00:00,0,SB BJDX Lv1,screener_lv1,$LDLU BJDX 0.75 1.76
das_cmdapi_live_20260708T193719Z,2026-07-08,VMAR,VMAR,0.73,1.69,2026-07-08T19:40:06+00:00,1,SB VMAR Lv1,screener_lv1,$LDLU VMAR 0.73 1.69
das_cmdapi_live_20260708T193719Z,2026-07-08,BETR,BETR,21.65,26.46,2026-07-08T19:40:08+00:00,1,SB BETR Lv1,screener_lv1,$LDLU BETR 21.65 26.46
das_cmdapi_live_20260708T193719Z,2026-07-08,TZA,TZA,2.86,5.32,2026-07-08T19:40:11+00:00,1,SB TZA Lv1,screener_lv1,$LDLU TZA 2.86 5.32
das_cmdapi_live_20260708T193719Z,2026-07-08,BITO,BITO,7.61,9.3,2026-07-08T19:40:13+00:00,0,SB BITO Lv1,screener_lv1,$LDLU BITO 7.61 9.3
das_cmdapi_live_20260708T193719Z,2026-07-08,AMC,AMC,1.15,2.69,2026-07-08T19:40:23+00:00,1,SB AMC Lv1,screener_lv1,$LDLU AMC 1.15 2.69
das_cmdapi_live_20260708T193719Z,2026-07-08,MSTU,MSTU,0.38,3.38,2026-07-08T19:40:25+00:00,1,SB MSTU Lv1,screener_lv1,$LDLU MSTU 0.38 3.38
das_cmdapi_live_20260708T193719Z,2026-07-08,SNXX,SNXX,17.46,26.18,2026-07-08T19:40:27+00:00,0,SB SNXX Lv1,screener_lv1,$LDLU SNXX 17.46 26.18
das_cmdapi_live_20260708T193719Z,2026-07-08,DRAM,DRAM,55.32,67.61,2026-07-08T19:40:30+00:00,1,SB DRAM Lv1,screener_lv1,$LDLU DRAM 55.32 67.61
das_cmdapi_live_20260708T193719Z,2026-07-08,SOXL,SOXL,121.91,226.4,2026-07-08T19:40:32+00:00,1,SB SOXL Lv1,screener_lv1,$LDLU SOXL 121.91 226.4
das_cmdapi_live_20260708T193719Z,2026-07-08,NU,NU,12.04,14.72,2026-07-08T19:40:35+00:00,1,SB NU Lv1,screener_lv1,$LDLU NU 12.04 14.72
das_cmdapi_live_20260708T193719Z,2026-07-08,PATH,PATH,10.34,12.64,2026-07-08T19:40:37+00:00,0,SB PATH Lv1,screener_lv1,$LDLU PATH 10.34 12.64
das_cmdapi_live_20260708T193719Z,2026-07-08,NOK,NOK,10.64,13.01,2026-07-08T19:40:39+00:00,1,SB NOK Lv1,screener_lv1,$LDLU NOK 10.64 13.01
das_cmdapi_live_20260708T193719Z,2026-07-08,QXO,QXO,13.22,16.16,2026-07-08T19:40:42+00:00,0,SB QXO Lv1,screener_lv1,$LDLU QXO 13.22 16.16
das_cmdapi_live_20260708T193719Z,2026-07-08,T,T,19.12,23.37,2026-07-08T19:40:44+00:00,0,SB T Lv1,screener_lv1,$LDLU T 19.12 23.37
das_cmdapi_live_20260708T193719Z,2026-07-08,SPDN,SPDN,7.85,9.59,2026-07-08T19:40:49+00:00,0,SB SPDN Lv1,screener_lv1,$LDLU SPDN 7.85 9.59
das_cmdapi_live_20260708T193719Z,2026-07-08,DRIP,DRIP,3.91,5.86,2026-07-08T19:40:51+00:00,1,SB DRIP Lv1,screener_lv1,$LDLU DRIP 3.91 5.86
das_cmdapi_live_20260708T193719Z,2026-07-08,BMNU,BMNU,0.16,1.44,2026-07-08T19:40:54+00:00,1,SB BMNU Lv1,screener_lv1,$LDLU BMNU 0.16 1.44
das_cmdapi_live_20260708T193719Z,2026-07-08,SNTQ,SNTQ,22.5,27.5,2026-07-08T19:40:56+00:00,0,SB SNTQ Lv1,screener_lv1,$LDLU SNTQ 22.5 27.5
das_cmdapi_live_20260708T193719Z,2026-07-08,WULX,WULX,29.51,44.26,2026-07-08T19:40:58+00:00,1,SB WULX Lv1,screener_lv1,$LDLU WULX 29.51 44.26
das_cmdapi_live_20260708T193719Z,2026-07-08,WYFL,WYFL,21.34,32.02,2026-07-08T19:41:01+00:00,1,SB WYFL Lv1,screener_lv1,$LDLU WYFL 21.34 32.02
das_cmdapi_live_20260708T193719Z,2026-07-08,OPTU,OPTU,0.85,1.99,2026-07-08T19:41:04+00:00,0,SB OPTU Lv1,screener_lv1,$LDLU OPTU 0.85 1.99
das_cmdapi_live_20260708T193719Z,2026-07-08,NEBX,NEBX,26.61,39.91,2026-07-08T19:41:06+00:00,1,SB NEBX Lv1,screener_lv1,$LDLU NEBX 26.61 39.91
das_cmdapi_live_20260708T193719Z,2026-07-08,SDEV,SDEV,0.88,2.04,2026-07-08T19:41:08+00:00,0,SB SDEV Lv1,screener_lv1,$LDLU SDEV 0.88 2.04
das_cmdapi_live_20260708T193719Z,2026-07-08,IRE,IRE,11.04,16.56,2026-07-08T19:41:11+00:00,1,SB IRE Lv1,screener_lv1,$LDLU IRE 11.04 16.56
das_cmdapi_live_20260708T193719Z,2026-07-08,IREX,IREX,15.48,23.21,2026-07-08T19:41:13+00:00,0,SB IREX Lv1,screener_lv1,$LDLU IREX 15.48 23.21
das_cmdapi_live_20260708T193719Z,2026-07-08,CRWU,CRWU,3.75,5.63,2026-07-08T19:41:16+00:00,0,SB CRWU Lv1,screener_lv1,$LDLU CRWU 3.75 5.63
das_cmdapi_live_20260708T193719Z,2026-07-08,CWVX,CWVX,16.28,24.41,2026-07-08T19:41:18+00:00,0,SB CWVX Lv1,screener_lv1,$LDLU CWVX 16.28 24.41
das_cmdapi_live_20260708T193719Z,2026-07-08,BZH,BZH,28.01,34.23,2026-07-08T19:41:20+00:00,0,SB BZH Lv1,screener_lv1,$LDLU BZH 28.01 34.23
das_cmdapi_live_20260708T193719Z,2026-07-08,BEZ,BEZ,11.99,17.98,2026-07-08T19:41:23+00:00,0,SB BEZ Lv1,screener_lv1,$LDLU BEZ 11.99 17.98
das_cmdapi_live_20260708T193719Z,2026-07-08,BABA,BABA,98.41,120.28,2026-07-08T19:41:25+00:00,0,SB BABA Lv1,screener_lv1,$LDLU BABA 98.41 120.28
das_cmdapi_live_20260708T193719Z,2026-07-08,CVM,CVM,0.85,1.97,2026-07-08T19:41:28+00:00,0,SB CVM Lv1,screener_lv1,$LDLU CVM 0.85 1.97
das_cmdapi_live_20260708T193719Z,2026-07-08,PARR,PARR,61.16,74.75,2026-07-08T19:41:30+00:00,1,SB PARR Lv1,screener_lv1,$LDLU PARR 61.16 74.75
das_cmdapi_live_20260708T193719Z,2026-07-08,EAF,EAF,5.32,6.5,2026-07-08T19:41:32+00:00,0,SB EAF Lv1,screener_lv1,$LDLU EAF 5.32 6.5
das_cmdapi_live_20260708T193719Z,2026-07-08,CIFU,CIFU,19.98,29.98,2026-07-08T19:41:35+00:00,0,SB CIFU Lv1,screener_lv1,$LDLU CIFU 19.98 29.98
das_cmdapi_live_20260708T193719Z,2026-07-08,NBIZ,NBIZ,7.72,11.58,2026-07-08T19:41:37+00:00,0,SB NBIZ Lv1,screener_lv1,$LDLU NBIZ 7.72 11.58
das_cmdapi_live_20260708T193719Z,2026-07-08,OFRM,OFRM,16.33,19.96,2026-07-08T19:41:40+00:00,1,SB OFRM Lv1,screener_lv1,$LDLU OFRM 16.33 19.96
das_cmdapi_live_20260708T193719Z,2026-07-08,SIF,SIF,19.53,23.87,2026-07-08T19:41:42+00:00,0,SB SIF Lv1,screener_lv1,$LDLU SIF 19.53 23.87
das_cmdapi_live_20260708T193719Z,2026-07-08,IREZ,IREZ,6.51,9.76,2026-07-08T19:41:45+00:00,0,SB IREZ Lv1,screener_lv1,$LDLU IREZ 6.51 9.76
das_cmdapi_live_20260708T193719Z,2026-07-08,SKYQ,SKYQ,2.97,4.45,2026-07-08T19:41:59+00:00,1,SB SKYQ Lv1,candidate_subscribe,$LDLU SKYQ 2.97 4.45
das_cmdapi_live_20260708T193719Z,2026-07-08,SKYQ,SKYQ,2.97,4.45,2026-07-08T19:42:01+00:00,0,GET LDLU SKYQ,candidate_static_query,$LDLU SKYQ 2.97 4.45
das_cmdapi_live_20260708T193719Z,2026-07-08,NVVE,NVVE,8.09,9.89,2026-07-08T19:42:21+00:00,8,SB NVVE Lv1,candidate_subscribe,$LDLU NVVE 8.09 9.89
das_cmdapi_live_20260708T193719Z,2026-07-08,NVVE,NVVE,8.09,9.89,2026-07-08T19:42:24+00:00,6,GET LDLU NVVE,candidate_static_query,$LDLU NVVE 8.09 9.89
das_cmdapi_live_20260708T193719Z,2026-07-08,TVRD,TVRD,0.0,0.0,2026-07-08T19:42:48+00:00,56,GET LDLU TVRD,candidate_static_query,$LDLU TVRD 0 0
das_cmdapi_live_20260708T193719Z,2026-07-08,NVVE,NVVE,8.01,9.79,2026-07-08T19:42:57+00:00,59,SB TVRD Lv2,candidate_subscribe,$LDLU NVVE 8.01 9.79
das_cmdapi_live_20260708T193719Z,2026-07-08,LHAI,LHAI,0.94,2.19,2026-07-08T19:43:10+00:00,3,SB LHAI Lv1,candidate_subscribe,$LDLU LHAI 0.94 2.19
das_cmdapi_live_20260708T193719Z,2026-07-08,LHAI,LHAI,0.94,2.19,2026-07-08T19:43:12+00:00,2,GET LDLU LHAI,candidate_static_query,$LDLU LHAI 0.94 2.19
das_cmdapi_live_20260708T193719Z,2026-07-08,ZCMD,ZCMD,1.63,3.8,2026-07-08T19:43:36+00:00,8,SB ZCMD Lv1,candidate_subscribe,$LDLU ZCMD 1.63 3.8
das_cmdapi_live_20260708T193719Z,2026-07-08,ZCMD,ZCMD,1.63,3.8,2026-07-08T19:43:39+00:00,26,GET LDLU ZCMD,candidate_static_query,$LDLU ZCMD 1.63 3.8
das_cmdapi_live_20260708T193719Z,2026-07-08,VANI,VANI,0.94,2.2,2026-07-08T19:44:02+00:00,20,SB VANI Lv1,candidate_subscribe,$LDLU VANI 0.94 2.2
das_cmdapi_live_20260708T193719Z,2026-07-08,VANI,VANI,0.94,2.2,2026-07-08T19:44:05+00:00,3,GET LDLU VANI,candidate_static_query,$LDLU VANI 0.94 2.2
das_cmdapi_live_20260708T193719Z,2026-07-08,NVVE,NVVE,7.93,9.69,2026-07-08T19:44:05+00:00,18,GET LDLU VANI,candidate_static_query,$LDLU NVVE 7.93 9.69
das_cmdapi_live_20260708T193719Z,2026-07-08,SDOT,SDOT,17.7,21.63,2026-07-08T19:44:27+00:00,26,SB SDOT Lv1,candidate_subscribe,$LDLU SDOT 17.7 21.63
das_cmdapi_live_20260708T193719Z,2026-07-08,SDOT,SDOT,17.7,21.63,2026-07-08T19:44:31+00:00,14,GET LDLU SDOT,candidate_static_query,$LDLU SDOT 17.7 21.63
das_cmdapi_live_20260708T193719Z,2026-07-08,SDOT,SDOT,17.51,21.4,2026-07-08T19:44:49+00:00,158,SB SDOT MINCHART 2026/07/08-14:44 2026/07/08-15:44 1,candidate_chart_query,$LDLU SDOT 17.51 21.4
das_cmdapi_live_20260708T193719Z,2026-07-08,INLF,INLF,3.53,4.31,2026-07-08T19:44:55+00:00,12,SB INLF Lv1,candidate_subscribe,$LDLU INLF 3.53 4.31
das_cmdapi_live_20260708T193719Z,2026-07-08,INLF,INLF,3.53,4.31,2026-07-08T19:44:58+00:00,18,GET LDLU INLF,candidate_static_query,$LDLU INLF 3.53 4.31
das_cmdapi_live_20260708T193719Z,2026-07-08,SDOT,SDOT,17.28,21.12,2026-07-08T19:45:16+00:00,212,SB INLF MINCHART 2026/07/08-14:44 2026/07/08-15:44 1,candidate_chart_query,$LDLU SDOT 17.28 21.12
das_cmdapi_live_20260708T193719Z,2026-07-08,CLRO,CLRO,9.05,11.06,2026-07-08T19:45:22+00:00,13,SB CLRO Lv1,candidate_subscribe,$LDLU CLRO 9.05 11.06
das_cmdapi_live_20260708T193719Z,2026-07-08,CLRO,CLRO,9.05,11.06,2026-07-08T19:45:25+00:00,10,GET LDLU CLRO,candidate_static_query,$LDLU CLRO 9.05 11.06
das_cmdapi_live_20260708T193719Z,2026-07-08,BTAI,BTAI,0.48,1.11,2026-07-08T19:45:47+00:00,17,SB BTAI Lv1,candidate_subscribe,$LDLU BTAI 0.48 1.11
das_cmdapi_live_20260708T193719Z,2026-07-08,NVVE,NVVE,7.85,9.59,2026-07-08T19:45:47+00:00,35,SB BTAI Lv1,candidate_subscribe,$LDLU NVVE 7.85 9.59
das_cmdapi_live_20260708T193719Z,2026-07-08,TVRD,TVRD,5.07,6.19,2026-07-08T19:45:48+00:00,11,GET SHORTINFO BTAI,candidate_static_query,$LDLU TVRD 5.07 6.19
das_cmdapi_live_20260708T193719Z,2026-07-08,BTAI,BTAI,0.48,1.11,2026-07-08T19:45:51+00:00,251,GET LDLU BTAI,candidate_static_query,$LDLU BTAI 0.48 1.11
das_cmdapi_live_20260708T193719Z,2026-07-08,CLRO,CLRO,9.14,11.18,2026-07-08T19:46:13+00:00,510,SB BTAI DAYCHART 2026/06/28 2026/07/08,candidate_chart_query,$LDLU CLRO 9.14 11.18
das_cmdapi_live_20260708T193719Z,2026-07-08,TVRD,TVRD,5.02,6.13,2026-07-08T19:46:19+00:00,512,UNSB BTAI DAYCHART,candidate_chart_query,$LDLU TVRD 5.02 6.13
das_cmdapi_live_20260708T193719Z,2026-07-08,SKYQ,SKYQ,2.94,4.41,2026-07-08T19:46:30+00:00,80,UNSB BTAI MINCHART,candidate_chart_query,$LDLU SKYQ 2.94 4.41
das_cmdapi_live_20260708T193719Z,2026-07-08,VEEE,VEEE,3.97,4.85,2026-07-08T19:46:35+00:00,215,SB VEEE Lv1,candidate_subscribe,$LDLU VEEE 3.97 4.85
das_cmdapi_live_20260708T193719Z,2026-07-08,VEEE,VEEE,3.97,4.85,2026-07-08T19:46:42+00:00,319,GET LDLU VEEE,candidate_static_query,$LDLU VEEE 3.97 4.85
das_cmdapi_live_20260708T193719Z,2026-07-08,ZCMD,ZCMD,1.61,3.76,2026-07-08T19:46:45+00:00,297,GET SymStatus VEEE,candidate_static_query,$LDLU ZCMD 1.61 3.76
das_cmdapi_live_20260708T193719Z,2026-07-08,TVRD,TVRD,4.96,6.07,2026-07-08T19:46:50+00:00,546,SB VEEE tms,candidate_subscribe,$LDLU TVRD 4.96 6.07
das_cmdapi_live_20260708T193719Z,2026-07-08,LUCY,LUCY,0.65,1.51,2026-07-08T19:47:25+00:00,205,GET LDLU LUCY,candidate_static_query,$LDLU LUCY 0.65 1.51
das_cmdapi_live_20260708T193719Z,2026-07-08,ZCMD,ZCMD,1.59,3.72,2026-07-08T19:47:32+00:00,360,SB LUCY tms,candidate_subscribe,$LDLU ZCMD 1.59 3.72
das_cmdapi_live_20260708T193719Z,2026-07-08,JEM,JEM,0.7,1.62,2026-07-08T19:47:56+00:00,169,SB JEM Lv1,candidate_subscribe,$LDLU JEM 0.7 1.62
das_cmdapi_live_20260708T193719Z,2026-07-08,JEM,JEM,0.7,1.62,2026-07-08T19:48:01+00:00,115,GET LDLU JEM,candidate_static_query,$LDLU JEM 0.7 1.62
das_cmdapi_live_20260708T193719Z,2026-07-08,ZCMD,ZCMD,1.57,3.67,2026-07-08T19:48:03+00:00,64,GET SymStatus JEM,candidate_static_query,$LDLU ZCMD 1.57 3.67
das_cmdapi_live_20260708T193719Z,2026-07-08,TVRD,TVRD,4.91,6.01,2026-07-08T19:48:07+00:00,325,SB JEM tms,candidate_subscribe,$LDLU TVRD 4.91 6.01
das_cmdapi_live_20260708T193719Z,2026-07-08,NVVE,NVVE,7.77,9.49,2026-07-08T19:48:24+00:00,169,SB JEM MINCHART 2026/07/08-14:47 2026/07/08-15:47 1,candidate_chart_query,$LDLU NVVE 7.77 9.49
das_cmdapi_live_20260708T193719Z,2026-07-08,VANI,VANI,0.95,2.23,2026-07-08T19:48:24+00:00,430,SB JEM MINCHART 2026/07/08-14:47 2026/07/08-15:47 1,candidate_chart_query,$LDLU VANI 0.95 2.23
das_cmdapi_live_20260708T193719Z,2026-07-08,BBLG,BBLG,0.77,1.8,2026-07-08T19:48:34+00:00,146,SB BBLG Lv1,candidate_subscribe,$LDLU BBLG 0.77 1.8
das_cmdapi_live_20260708T193719Z,2026-07-08,BBLG,BBLG,0.77,1.8,2026-07-08T19:48:39+00:00,66,GET LDLU BBLG,candidate_static_query,$LDLU BBLG 0.77 1.8
das_cmdapi_live_20260708T193719Z,2026-07-08,BJDX,BJDX,0.78,1.81,2026-07-08T19:49:10+00:00,58,SB BJDX Lv1,candidate_subscribe,$LDLU BJDX 0.78 1.81
das_cmdapi_live_20260708T193719Z,2026-07-08,BJDX,BJDX,0.78,1.81,2026-07-08T19:49:14+00:00,11,GET LDLU BJDX,candidate_static_query,$LDLU BJDX 0.78 1.81
das_cmdapi_live_20260708T193719Z,2026-07-08,TVRD,TVRD,4.87,5.95,2026-07-08T19:49:41+00:00,566,SB BJDX MINCHART 2026/07/08-14:49 2026/07/08-15:49 1,candidate_chart_query,$LDLU TVRD 4.87 5.95
das_cmdapi_live_20260708T193719Z,2026-07-08,SDOT,SDOT,17.49,21.37,2026-07-08T19:49:57+00:00,1019,SB VMAR Lv1,candidate_subscribe,$LDLU SDOT 17.49 21.37
das_cmdapi_live_20260708T193719Z,2026-07-08,VMAR,VMAR,0.73,1.69,2026-07-08T19:49:57+00:00,1458,SB VMAR Lv1,candidate_subscribe,$LDLU VMAR 0.73 1.69
das_cmdapi_live_20260708T193719Z,2026-07-08,TVRD,TVRD,4.87,5.95,2026-07-08T19:50:04+00:00,474,GET SHORTINFO VMAR,candidate_static_query,$LDLU TVRD 4.87 5.95
das_cmdapi_live_20260708T193719Z,2026-07-08,BBLG,BBLG,0.79,1.83,2026-07-08T19:50:08+00:00,20,GET LDLU VMAR,candidate_static_query,$LDLU BBLG 0.79 1.83
das_cmdapi_live_20260708T193719Z,2026-07-08,VMAR,VMAR,0.73,1.69,2026-07-08T19:50:08+00:00,219,GET LDLU VMAR,candidate_static_query,$LDLU VMAR 0.73 1.69
das_cmdapi_live_20260708T193719Z,2026-07-08,ZCMD,ZCMD,1.56,3.63,2026-07-08T19:50:18+00:00,192,SB VMAR Lv2,candidate_subscribe,$LDLU ZCMD 1.56 3.63
das_cmdapi_live_20260708T193719Z,2026-07-08,SDOT,SDOT,17.68,21.6,2026-07-08T19:50:24+00:00,5,UNSB VMAR DAYCHART,candidate_chart_query,$LDLU SDOT 17.68 21.6
das_cmdapi_live_20260708T193719Z,2026-07-08,VTAK,VTAK,1.08,1.68,2026-07-08T19:50:37+00:00,19,GET LDLU VTAK,candidate_static_query,$LDLU VTAK 1.08 1.68
das_cmdapi_live_20260708T193719Z,2026-07-08,LHAI,LHAI,0.95,2.22,2026-07-08T19:51:09+00:00,90,GET LDLU SRXH,candidate_static_query,$LDLU LHAI 0.95 2.22
das_cmdapi_live_20260708T193719Z,2026-07-08,SRXH,SRXH,1.21,2.83,2026-07-08T19:51:09+00:00,132,GET LDLU SRXH,candidate_static_query,$LDLU SRXH 1.21 2.83
das_cmdapi_live_20260708T193719Z,2026-07-08,SDOT,SDOT,17.86,21.83,2026-07-08T19:52:08+00:00,26,SUBSCRIPTION_STREAM,streaming,$LDLU SDOT 17.86 21.83
das_cmdapi_live_20260708T193719Z,2026-07-08,SRXH,SRXH,1.22,2.86,2026-07-08T19:52:08+00:00,44,SUBSCRIPTION_STREAM,streaming,$LDLU SRXH 1.22 2.86
das_cmdapi_live_20260708T193719Z,2026-07-08,JEM,JEM,0.69,1.61,2026-07-08T19:52:15+00:00,17,SUBSCRIPTION_STREAM,streaming,$LDLU JEM 0.69 1.61
das_cmdapi_live_20260708T193719Z,2026-07-08,ZCMD,ZCMD,1.54,3.59,2026-07-08T19:52:17+00:00,11,SUBSCRIPTION_STREAM,streaming,$LDLU ZCMD 1.54 3.59
das_cmdapi_live_20260708T193719Z,2026-07-08,VTAK,VTAK,1.09,1.69,2026-07-08T19:52:58+00:00,19,SUBSCRIPTION_STREAM,streaming,$LDLU VTAK 1.09 1.69
das_cmdapi_live_20260708T193719Z,2026-07-08,CLRO,CLRO,9.05,11.06,2026-07-08T19:53:09+00:00,42,SUBSCRIPTION_STREAM,streaming,$LDLU CLRO 9.05 11.06
das_cmdapi_live_20260708T193719Z,2026-07-08,VEEE,VEEE,4.01,4.9,2026-07-08T19:53:21+00:00,10,SUBSCRIPTION_STREAM,streaming,$LDLU VEEE 4.01 4.9
das_cmdapi_live_20260708T193719Z,2026-07-08,SKYQ,SKYQ,2.97,4.45,2026-07-08T19:53:21+00:00,48,SUBSCRIPTION_STREAM,streaming,$LDLU SKYQ 2.97 4.45
das_cmdapi_live_20260708T193719Z,2026-07-08,LUCY,LUCY,0.64,1.49,2026-07-08T19:53:27+00:00,138,SUBSCRIPTION_STREAM,streaming,$LDLU LUCY 0.64 1.49
das_cmdapi_live_20260708T193719Z,2026-07-08,ZCMD,ZCMD,1.52,3.56,2026-07-08T19:53:29+00:00,10,SUBSCRIPTION_STREAM,streaming,$LDLU ZCMD 1.52 3.56
das_cmdapi_live_20260708T193719Z,2026-07-08,SDOT,SDOT,18.04,22.04,2026-07-08T19:53:36+00:00,74,SUBSCRIPTION_STREAM,streaming,$LDLU SDOT 18.04 22.04
das_cmdapi_live_20260708T193719Z,2026-07-08,JEM,JEM,0.68,1.59,2026-07-08T19:53:50+00:00,49,SUBSCRIPTION_STREAM,streaming,$LDLU JEM 0.68 1.59
das_cmdapi_live_20260708T193719Z,2026-07-08,NVVE,NVVE,7.69,9.4,2026-07-08T19:53:50+00:00,220,SUBSCRIPTION_STREAM,streaming,$LDLU NVVE 7.69 9.4
das_cmdapi_live_20260708T193719Z,2026-07-08,SKYQ,SKYQ,3.0,4.49,2026-07-08T19:54:06+00:00,24,SUBSCRIPTION_STREAM,streaming,$LDLU SKYQ 3 4.49
das_cmdapi_live_20260708T193719Z,2026-07-08,SKYQ,SKYQ,3.04,4.56,2026-07-08T19:54:36+00:00,36,SUBSCRIPTION_STREAM,streaming,$LDLU SKYQ 3.04 4.56
das_cmdapi_live_20260708T193719Z,2026-07-08,VEEE,VEEE,4.05,4.95,2026-07-08T19:54:41+00:00,22,SUBSCRIPTION_STREAM,streaming,$LDLU VEEE 4.05 4.95
das_cmdapi_live_20260708T193719Z,2026-07-08,SKYQ,SKYQ,3.07,4.61,2026-07-08T19:55:07+00:00,325,SUBSCRIPTION_STREAM,streaming,$LDLU SKYQ 3.07 4.61
das_cmdapi_live_20260708T193719Z,2026-07-08,VEEE,VEEE,4.09,5.0,2026-07-08T19:55:35+00:00,378,SUBSCRIPTION_STREAM,streaming,$LDLU VEEE 4.09 5
das_cmdapi_live_20260708T193719Z,2026-07-08,LUCY,LUCY,0.65,1.51,2026-07-08T19:56:08+00:00,161,SUBSCRIPTION_STREAM,streaming,$LDLU LUCY 0.65 1.51
das_cmdapi_live_20260708T193719Z,2026-07-08,ZCMD,ZCMD,1.51,3.51,2026-07-08T19:57:12+00:00,99,SUBSCRIPTION_STREAM,streaming,$LDLU ZCMD 1.51 3.51
das_cmdapi_live_20260708T193719Z,2026-07-08,LHAI,LHAI,0.94,2.2,2026-07-08T19:57:17+00:00,6,SUBSCRIPTION_STREAM,streaming,$LDLU LHAI 0.94 2.2
das_cmdapi_live_20260708T193719Z,2026-07-08,CLRO,CLRO,9.14,11.17,2026-07-08T19:57:38+00:00,42,SUBSCRIPTION_STREAM,streaming,$LDLU CLRO 9.14 11.17
das_cmdapi_live_20260708T193719Z,2026-07-08,BJDX,BJDX,0.77,1.79,2026-07-08T19:57:53+00:00,67,SUBSCRIPTION_STREAM,streaming,$LDLU BJDX 0.77 1.79
das_cmdapi_live_20260708T193719Z,2026-07-08,BJDX,BJDX,0.77,1.81,2026-07-08T19:58:55+00:00,31,SUBSCRIPTION_STREAM,streaming,$LDLU BJDX 0.77 1.81
das_cmdapi_live_20260708T193719Z,2026-07-08,LUCY,LUCY,0.65,1.52,2026-07-08T19:58:55+00:00,92,SUBSCRIPTION_STREAM,streaming,$LDLU LUCY 0.65 1.52
das_cmdapi_live_20260708T193719Z,2026-07-08,CLRO,CLRO,9.23,11.28,2026-07-08T19:59:01+00:00,14,SUBSCRIPTION_STREAM,streaming,$LDLU CLRO 9.23 11.28
das_cmdapi_live_20260708T193719Z,2026-07-08,LHAI,LHAI,0.93,2.17,2026-07-08T19:59:04+00:00,205,SUBSCRIPTION_STREAM,streaming,$LDLU LHAI 0.93 2.17
das_cmdapi_live_20260708T193719Z,2026-07-08,VEEE,VEEE,4.13,5.05,2026-07-08T19:59:29+00:00,62,SUBSCRIPTION_STREAM,streaming,$LDLU VEEE 4.13 5.05
das_cmdapi_live_20260708T193719Z,2026-07-08,LHAI,LHAI,0.88,2.06,2026-07-08T19:59:36+00:00,77,SUBSCRIPTION_STREAM,streaming,$LDLU LHAI 0.88 2.06
das_cmdapi_live_20260708T193719Z,2026-07-08,VTAK,VTAK,1.08,1.68,2026-07-08T19:59:57+00:00,99,SUBSCRIPTION_STREAM,streaming,$LDLU VTAK 1.08 1.68
das_cmdapi_live_20260708T193719Z,2026-07-08,VMAR,VMAR,0.73,1.71,2026-07-08T19:59:57+00:00,497,SUBSCRIPTION_STREAM,streaming,$LDLU VMAR 0.73 1.71
